time/time_elapsed,rollout/ep_rew_mean,rollout/ep_len_mean,rollout/exploration_rate,time/total_timesteps,time/fps,time/episodes,eval/mean_reward,eval/mean_ep_length
0,0.0,16.0,0.9989866666666667,64,115,4,,
3,0.5,18.875,0.9976091666666669,151,41,8,,
4,0.4166666666666667,20.333333333333332,0.9961366666666667,244,57,12,,
5,0.625,22.375,0.9943316666666668,358,71,16,,
5,0.7,24.15,0.9923525000000002,483,83,20,,
6,0.6666666666666666,24.75,0.9905949999999999,594,91,24,,
7,0.6428571428571429,24.678571428571427,0.9890591666666667,691,96,28,,
7,0.59375,24.1875,0.9877449999999999,774,100,32,,
8,0.5555555555555556,23.5,0.9866050000000002,846,103,36,,
8,0.55,23.2,0.9853066666666668,928,107,40,,
9,0.5681818181818182,23.068181818181817,0.9839291666666665,1015,109,44,,
9,0.5833333333333334,23.229166666666668,0.9823458333333334,1115,113,48,,
10,0.5576923076923077,22.807692307692307,0.9812216666666667,1186,114,52,,
11,0.5535714285714286,22.625,0.9799391666666667,1267,114,56,,
11,0.5333333333333333,22.216666666666665,0.9788941666666666,1333,113,60,,
12,0.546875,22.109375,0.9775958333333332,1415,112,64,,
13,0.5735294117647058,22.58823529411765,0.9756799999999999,1536,111,68,,
14,0.5972222222222222,22.5,0.97435,1620,110,72,,
15,0.6052631578947368,23.13157894736842,0.9721650000000002,1758,112,76,,
16,0.6,22.8375,0.9710725,1827,113,80,,
16,0.6190476190476191,23.035714285714285,0.9693625,1935,115,84,,
17,0.6477272727272727,23.022727272727273,0.9679216666666668,2026,116,88,,
17,0.6304347826086957,22.880434782608695,0.9666708333333334,2105,117,92,,
18,0.65625,22.802083333333332,0.9653408333333334,2189,118,96,,
19,0.64,23.02,0.9635516666666666,2302,120,100,,
19,0.65,23.09,0.9624275,2373,120,104,,
20,0.61,22.86,0.9614141666666667,2437,121,108,,
20,0.66,22.86,0.9599416666666665,2530,122,112,,
21,0.67,22.62,0.9585166666666667,2620,123,116,,
22,0.67,22.86,0.9561575,2769,125,120,,
22,0.67,22.36,0.9551916666666667,2830,125,124,,
22,0.65,22.1,0.9540675000000001,2901,126,128,,
23,0.72,22.26,0.9524999999999999,3000,127,132,,
23,0.71,22.05,0.9516924999999999,3051,127,136,,
24,0.76,22.88,0.94908,3216,128,140,,
25,0.74,22.92,0.9476391666666668,3307,127,144,,
26,0.71,22.65,0.9464833333333332,3380,126,148,,
27,0.71,22.6,0.9454383333333334,3446,125,152,,
28,0.7,22.44,0.9444091666666667,3511,124,156,,
29,0.71,22.68,0.9429841666666665,3601,123,160,,
29,0.7,22.73,0.9416066666666666,3688,123,164,,
30,0.66,22.06,0.9407516666666667,3742,123,168,,
30,0.66,22.09,0.9393741666666667,3829,124,172,,
31,0.64,21.77,0.9376958333333334,3935,125,176,,
32,0.66,21.95,0.9363183333333335,4022,125,180,,
32,0.64,21.62,0.9351308333333335,4097,125,184,,
33,0.6,21.44,0.9339749999999999,4170,125,188,,
33,0.59,21.16,0.9331674999999999,4221,126,192,,
34,0.55,21.0,0.9320908333333332,4289,125,196,,
34,0.55,20.61,0.9309191666666665,4363,125,200,,
35,0.59,20.87,0.9293833333333333,4460,126,204,,
35,0.62,21.23,0.9277999999999998,4560,126,208,,
36,0.58,21.01,0.9266758333333333,4631,127,212,,
36,0.52,20.68,0.9257733333333333,4688,127,216,,
37,0.5,19.9,0.9246491666666666,4759,127,220,,
37,0.51,20.15,0.9232874999999998,4845,127,224,,
38,0.53,20.43,0.9217200000000001,4944,128,228,,
38,0.45,19.94,0.9209283333333331,4994,128,232,,
39,0.45,20.05,0.9199466666666668,5056,128,236,,
40,0.39,19.2,0.9186799999999999,5136,127,240,,
46,0.51,20.11,0.9157983333333333,5318,114,244,,
47,0.51,20.08,0.9146900000000001,5388,113,248,,
48,0.52,20.15,0.9135341666666665,5461,112,252,,
49,0.55,20.5,0.9119508333333335,5561,112,256,,
50,0.54,20.32,0.9108108333333333,5633,112,260,,
50,0.54,20.3,0.909465,5718,112,264,,
51,0.57,20.97,0.9075491666666667,5839,113,268,,
52,0.56,21.01,0.9061083333333335,5930,114,272,,
52,0.56,20.59,0.9050949999999999,5994,114,276,,
53,0.53,20.63,0.9036541666666665,6085,114,280,,
53,0.53,20.64,0.9024508333333334,6161,115,284,,
54,0.56,21.02,0.9006933333333331,6272,115,288,,
54,0.59,21.48,0.8991574999999999,6369,116,292,,
55,0.59,21.52,0.8980174999999999,6441,116,296,,
56,0.6,21.94,0.8961808333333334,6557,116,300,,
57,0.58,21.87,0.8947558333333333,6647,116,304,,
58,0.65,22.66,0.8919216666666667,6826,116,308,,
59,0.68,22.9,0.8904175,6921,115,312,,
60,0.71,23.52,0.8885333333333333,7040,115,316,,
61,0.74,23.69,0.8871399999999999,7128,115,320,,
62,0.72,23.66,0.8858258333333335,7211,116,324,,
62,0.73,23.49,0.8845275000000001,7293,116,328,,
63,0.76,23.84,0.8831816666666668,7378,116,332,,
63,0.78,23.92,0.8820733333333332,7448,116,336,,
64,0.83,24.7,0.8795716666666666,7606,117,340,,
65,0.75,24.05,0.8777191666666668,7723,118,344,,
66,0.81,24.39,0.8760724999999999,7827,118,348,,
67,0.89,25.36,0.8733808333333332,7997,119,352,,
67,0.85,24.89,0.8725416666666667,8050,119,356,,
67,0.88,24.94,0.8713225,8127,119,360,,
69,0.97,25.85,0.8685358333333334,8303,120,364,,
69,0.97,25.53,0.8671266666666667,8392,120,368,,
70,1.01,26.24,0.8645616666666668,8554,120,372,,
71,1.09,26.61,0.8629625000000002,8655,121,376,,
72,1.11,26.5,0.8616958333333333,8735,120,380,,
73,1.13,26.78,0.8600491666666668,8839,120,384,,
74,1.13,26.64,0.8585133333333332,8936,120,388,,
75,1.13,26.51,0.8571833333333332,9020,119,392,,
76,1.14,26.56,0.8559641666666666,9097,119,396,,
76,1.14,26.31,0.8545233333333334,9188,119,400,,
77,1.18,26.41,0.8529399999999999,9288,120,404,,
77,1.09,25.36,0.8517683333333332,9362,120,408,,
78,1.06,25.16,0.8505808333333332,9437,120,412,,
79,1.12,25.47,0.8482058333333335,9587,120,416,,
80,1.09,25.62,0.8465750000000001,9690,121,420,,
80,1.11,25.61,0.8452766666666667,9772,121,424,,
81,1.1,25.81,0.8436616666666665,9874,121,428,,
81,1.12,25.92,0.8421416666666668,9970,121,432,,
84,1.14,26.25,0.8405108333333333,10073,118,436,,
85,1.13,26.0,0.838405,10206,119,440,,
86,1.12,25.63,0.8371383333333334,10286,119,444,,
88,1.15,26.39,0.8342883333333334,10466,118,448,,
88,1.07,25.46,0.8330691666666667,10543,118,452,,
89,1.12,25.8,0.8316916666666666,10630,118,456,,
90,1.09,25.75,0.8305516666666668,10702,117,460,,
91,1.03,25.3,0.8284775,10833,118,464,,
92,1.06,25.67,0.8264824999999999,10959,118,468,,
93,1.05,25.24,0.8245983333333332,11078,118,472,,
93,1.0,25.14,0.8231574999999999,11169,118,476,,
94,0.99,25.47,0.8213683333333335,11282,119,480,,
95,1.0,25.52,0.8196425,11391,119,484,,
95,0.97,25.15,0.8186924999999998,11451,119,488,,
96,1.01,25.78,0.816365,11598,120,492,,
97,1.0,25.76,0.8151775,11673,120,496,,
97,1.03,25.71,0.8138158333333332,11759,120,500,,
98,0.96,25.26,0.8129450000000001,11814,120,504,,
99,0.99,25.5,0.8113933333333332,11912,120,508,,
99,1.01,25.64,0.8099841666666667,12001,120,512,,
100,0.96,25.63,0.807625,12150,120,516,,
101,0.98,25.81,0.8057091666666665,12271,120,520,,
102,1.0,26.02,0.8040783333333335,12374,120,524,,
103,1.04,26.05,0.8024158333333334,12479,120,528,,
104,1.01,25.89,0.8011491666666666,12559,120,532,,
105,1.02,25.73,0.7997716666666667,12646,119,536,,
106,1.02,25.49,0.7980458333333332,12755,119,540,,
107,1.02,26.0,0.7959716666666667,12886,119,544,,
108,0.97,25.08,0.7945783333333334,12974,119,548,,
109,0.98,25.19,0.793185,13062,119,552,,
109,0.98,25.73,0.7909524999999998,13203,120,556,,
110,1.0,25.86,0.7896066666666665,13288,120,560,,
111,0.99,25.58,0.7879758333333333,13391,120,564,,
112,0.97,25.47,0.786155,13506,120,568,,
112,0.97,25.6,0.784065,13638,120,572,,
113,0.97,25.85,0.7822283333333333,13754,120,576,,
114,0.99,25.64,0.7807716666666666,13846,121,580,,
114,0.94,25.14,0.7798374999999997,13905,121,584,,
115,0.93,25.2,0.7787925,13971,121,588,,
115,0.9,24.71,0.7772408333333334,14069,121,592,,
116,0.95,24.98,0.7756258333333333,14171,121,596,,
117,0.92,25.03,0.774185,14262,121,600,,
118,0.92,25.08,0.7732350000000001,14322,120,604,,
119,0.95,25.5,0.7710183333333334,14462,120,608,,
120,0.92,25.28,0.7699575000000001,14529,120,612,,
121,0.92,25.0,0.7680416666666665,14650,120,616,,
122,0.89,24.73,0.7665533333333333,14744,120,620,,
122,0.85,24.42,0.7654133333333332,14816,120,624,,
123,0.85,24.9,0.7629908333333332,14969,121,628,,
124,0.9,25.46,0.7608375000000002,15105,121,632,,
125,0.89,25.71,0.7590641666666668,15217,121,636,,
125,0.87,25.36,0.7578925000000002,15291,121,640,,
126,0.88,25.13,0.7561824999999999,15399,121,644,,
127,0.91,25.36,0.754425,15510,121,648,,
127,0.91,25.28,0.7531583333333334,15590,121,652,,
128,0.91,24.82,0.7516541666666667,15685,122,656,,
129,0.94,25.18,0.7497383333333332,15806,122,660,,
130,0.97,25.8,0.7471258333333333,15971,122,664,,
130,0.96,25.49,0.7457958333333334,16055,122,668,,
131,0.95,24.94,0.7445766666666668,16132,122,672,,
132,0.95,24.73,0.7430725000000001,16227,122,676,,
133,0.94,24.69,0.7416791666666669,16315,122,680,,
134,0.97,25.01,0.7402383333333331,16406,122,684,,
135,1.04,26.0,0.7376258333333332,16571,121,688,,
137,1.14,27.16,0.7342374999999999,16785,121,692,,
138,1.13,27.31,0.7323850000000001,16902,122,696,,
139,1.17,27.58,0.7305166666666668,17020,122,700,,
140,1.28,28.83,0.7275874999999999,17205,122,704,,
140,1.25,28.27,0.7262575,17289,122,708,,
141,1.3,28.59,0.72469,17388,122,712,,
142,1.3,28.69,0.7226158333333335,17519,122,716,,
143,1.35,29.05,0.7205575,17649,123,720,,
144,1.39,29.41,0.7188475,17757,123,724,,
144,1.38,28.86,0.7172958333333334,17855,123,728,,
145,1.37,28.57,0.7156016666666668,17962,123,732,,
146,1.36,28.35,0.7141766666666667,18052,123,736,,
147,1.37,29.06,0.7118808333333334,18197,123,740,,
148,1.38,29.3,0.7097908333333334,18329,123,744,,
149,1.33,29.0,0.7085083333333334,18410,123,748,,
150,1.34,29.22,0.7068933333333334,18512,123,752,,
151,1.34,29.33,0.7052149999999999,18618,123,756,,
152,1.31,29.04,0.7037583333333333,18710,122,760,,
153,1.3,28.63,0.7017950000000001,18834,123,764,,
153,1.33,28.67,0.7004016666666668,18922,123,768,,
155,1.44,30.16,0.6968233333333331,19148,123,772,,
155,1.46,30.23,0.6952083333333334,19250,123,776,,
156,1.53,30.86,0.6928175,19401,123,780,,
157,1.57,31.24,0.6907749999999999,19530,123,784,,
158,1.55,30.62,0.6891441666666664,19633,123,788,,
159,1.47,29.95,0.6868166666666666,19780,124,792,,
159,1.49,29.69,0.6853758333333335,19871,124,796,,
160,1.48,29.19,0.6842991666666667,19939,124,800,,
163,1.46,28.96,0.6817341666666668,20101,122,804,,
165,1.49,29.53,0.6795016666666667,20242,122,808,,
166,1.5,30.09,0.6770475,20397,122,812,,
167,1.53,30.45,0.6744033333333332,20564,122,816,,
168,1.54,30.4,0.6724241666666666,20689,122,820,,
170,1.61,31.59,0.66883,20916,122,824,,
170,1.57,31.22,0.6678641666666667,20977,122,828,,
172,1.64,32.07,0.6648241666666668,21169,123,832,,
172,1.66,32.15,0.6632725000000002,21267,123,836,,
173,1.66,31.67,0.6617366666666666,21364,123,840,,
174,1.7,31.92,0.6592508333333336,21521,123,844,,
175,1.72,32.27,0.6574141666666667,21637,123,848,,
175,1.73,32.11,0.6560524999999999,21723,123,852,,
176,1.75,32.41,0.6538991666666666,21859,123,856,,
177,1.77,32.43,0.6524108333333334,21953,123,860,,
179,1.76,32.47,0.6503841666666668,22081,123,864,,
180,1.81,33.07,0.6480408333333332,22229,123,868,,
182,1.72,32.41,0.6455075000000001,22389,122,872,,
183,1.75,32.81,0.6432591666666668,22531,123,876,,
183,1.7,32.45,0.6414383333333336,22646,123,880,,
185,1.73,33.07,0.6384141666666667,22837,123,884,,
185,1.75,33.3,0.6364191666666666,22963,123,888,,
187,1.76,33.74,0.6333949999999999,23154,123,892,,
187,1.75,34.07,0.6314316666666666,23278,123,896,,
188,1.8,34.76,0.6292624999999998,23415,123,900,,
189,1.75,34.32,0.6273941666666666,23533,124,904,,
190,1.75,34.18,0.6253833333333334,23660,124,908,,
191,1.76,34.13,0.6230083333333334,23810,124,912,,
192,1.76,34.01,0.6205541666666667,23965,124,916,,
194,1.81,34.83,0.6172766666666668,24172,124,920,,
195,1.73,33.51,0.6157725000000001,24267,123,924,,
197,1.79,34.19,0.6137300000000001,24396,123,928,,
198,1.75,33.89,0.6111650000000002,24558,123,932,,
199,1.79,35.04,0.6077924999999998,24771,124,936,,
200,1.81,35.44,0.6056233333333334,24908,124,940,,
201,1.73,34.69,0.604325,24990,124,944,,
,,,0.6041825000000001,25000,,,1.25,35.25
204,1.73,34.22,0.6032325000000003,25059,122,948,,
204,1.71,34.06,0.6021241666666666,25129,122,952,,
206,1.76,34.67,0.599005,25326,122,956,,
207,1.84,35.72,0.5958541666666667,25525,122,960,,
208,1.86,35.69,0.5938750000000002,25650,122,964,,
210,1.81,35.45,0.5919116666666666,25774,122,968,,
211,1.78,34.69,0.5905816666666666,25858,122,972,,
213,1.8,35.36,0.5872725000000001,26067,122,976,,
214,1.83,36.12,0.5842483333333333,26258,122,980,,
215,1.84,35.81,0.5817149999999999,26418,122,984,,
216,1.84,36.19,0.5791183333333334,26582,122,988,,
217,1.82,35.82,0.5766799999999999,26736,122,992,,
219,1.87,36.82,0.5731333333333333,26960,123,996,,
220,1.89,38.03,0.5690483333333332,27218,123,1000,,
221,1.92,38.4,0.5665941666666665,27373,123,1004,,
223,1.99,39.39,0.5630158333333335,27599,123,1008,,
224,1.97,39.09,0.5611158333333333,27719,123,1012,,
226,1.94,38.89,0.5589783333333334,27854,123,1016,,
227,1.86,37.9,0.5572683333333334,27962,122,1020,,
228,1.89,38.66,0.5545608333333332,28133,122,1024,,
229,1.91,38.84,0.5522333333333334,28280,123,1028,,
231,1.91,39.03,0.5493675,28461,123,1032,,
232,1.92,38.37,0.5470399999999999,28608,123,1036,,
233,1.95,38.84,0.5441266666666668,28792,123,1040,,
234,2.05,40.08,0.5408650000000002,28998,123,1044,,
235,2.07,40.42,0.5392341666666667,29101,123,1048,,
236,2.11,41.05,0.5371283333333332,29234,123,1052,,
237,2.14,41.18,0.5338033333333333,29444,123,1056,,
239,2.12,40.88,0.5311275,29613,123,1060,,
241,2.16,41.6,0.5280083333333332,29810,123,1064,,
245,2.23,42.89,0.5240025000000001,30063,122,1068,,
246,2.25,43.3,0.5220233333333335,30188,122,1072,,
247,2.2,42.61,0.5198066666666668,30328,122,1076,,
248,2.16,41.73,0.5181758333333332,30431,122,1080,,
249,2.14,41.58,0.5158799999999999,30576,122,1084,,
249,2.14,41.14,0.5139799999999999,30696,122,1088,,
250,2.17,41.24,0.5113833333333333,30860,122,1092,,
251,2.14,40.46,0.5090716666666666,31006,123,1096,,
253,2.14,39.78,0.5060633333333333,31196,123,1100,,
254,2.13,39.32,0.5043374999999999,31305,122,1104,,
255,2.0,37.65,0.5034033333333334,31364,122,1108,,
257,1.99,37.55,0.5016616666666667,31474,122,1112,,
257,1.95,36.83,0.5006641666666668,31537,122,1116,,
258,1.94,37.02,0.4986533333333333,31664,122,1120,,
260,1.95,36.97,0.49602499999999994,31830,122,1124,,
261,1.94,37.09,0.4935075,31989,122,1128,,
262,1.92,36.48,0.4916075000000002,32109,122,1132,,
262,1.85,36.06,0.48994499999999985,32214,122,1136,,
264,1.85,35.94,0.48722166666666655,32386,122,1140,,
265,1.83,35.37,0.48486249999999986,32535,122,1144,,
265,1.83,35.72,0.4826775000000001,32673,122,1148,,
267,1.81,36.23,0.47976416666666666,32857,122,1152,,
268,1.77,36.18,0.47651833333333316,33062,123,1156,,
269,1.72,35.61,0.4747450000000001,33174,122,1160,,
272,1.72,35.92,0.4711350000000001,33402,122,1164,,
273,1.7,35.05,0.46850666666666674,33568,122,1168,,
275,1.77,36.05,0.4649441666666666,33793,122,1172,,
276,1.73,35.59,0.4634558333333333,33887,122,1176,,
277,1.77,36.05,0.4610966666666667,34036,122,1180,,
278,1.74,36.05,0.45880083333333344,34181,122,1184,,
278,1.73,35.88,0.45716999999999985,34284,122,1188,,
279,1.75,36.0,0.45438333333333336,34460,123,1192,,
280,1.74,36.06,0.4519766666666667,34612,123,1196,,
281,1.68,35.44,0.44995000000000007,34740,123,1200,,
283,1.76,36.84,0.4460075,34989,123,1204,,
285,1.85,38.39,0.44261916666666656,35203,123,1208,,
287,1.91,39.0,0.4399116666666667,35374,122,1212,,
289,2.01,40.1,0.4371725000000001,35547,122,1216,,
290,2.05,39.76,0.43569999999999987,35640,122,1220,,
290,2.01,39.41,0.4336258333333334,35771,122,1224,,
292,2.09,40.38,0.42957250000000025,36027,123,1228,,
293,2.06,40.36,0.42770416666666655,36145,123,1232,,
294,2.1,40.49,0.4258358333333333,36263,123,1236,,
295,2.12,40.93,0.42241583333333343,36479,123,1240,,
296,2.09,41.13,0.4197400000000001,36648,123,1244,,
297,2.09,40.86,0.41798250000000015,36759,123,1248,,
298,2.07,40.49,0.4156550000000001,36906,123,1252,,
299,1.97,39.54,0.41391333333333324,37016,123,1256,,
300,1.92,39.07,0.4128841666666665,37081,123,1260,,
301,1.82,37.54,0.4116966666666665,37156,123,1264,,
302,1.72,36.59,0.41057250000000023,37227,123,1268,,
302,1.6,35.04,0.40946416666666663,37297,123,1272,,
304,1.62,35.22,0.4076908333333332,37409,122,1276,,
305,1.55,34.49,0.4064875000000001,37485,122,1280,,
305,1.5,34.24,0.4045875,37605,122,1284,,
306,1.44,33.9,0.40349499999999994,37674,122,1288,,
306,1.35,32.67,0.4026558333333333,37727,122,1292,,
307,1.37,32.6,0.40036000000000005,37872,123,1296,,
308,1.41,33.05,0.3976208333333334,38045,123,1300,,
310,1.36,32.36,0.3947708333333334,38225,123,1304,,
311,1.35,32.47,0.39120833333333327,38450,123,1308,,
312,1.31,31.71,0.3897041666666665,38545,123,1312,,
313,1.26,31.02,0.38805750000000006,38649,123,1316,,
314,1.31,32.52,0.38421000000000016,38892,123,1320,,
316,1.33,32.74,0.38178750000000006,39045,123,1324,,
318,1.29,31.8,0.37922250000000013,39207,123,1328,,
319,1.32,32.22,0.37668916666666674,39367,123,1332,,
321,1.33,32.7,0.3740608333333334,39533,123,1336,,
321,1.27,31.46,0.3726041666666666,39625,123,1340,,
322,1.25,30.92,0.37078333333333335,39740,123,1344,,
323,1.27,31.25,0.3685033333333335,39884,123,1348,,
326,1.3,31.62,0.3655900000000001,40068,122,1352,,
327,1.32,31.37,0.3642441666666667,40153,122,1356,,
328,1.32,31.88,0.3624075,40269,122,1360,,
329,1.36,32.3,0.3605550000000002,40386,122,1364,,
329,1.37,32.45,0.35919333333333336,40472,122,1368,,
330,1.39,32.65,0.35776833333333347,40562,122,1372,,
332,1.38,32.77,0.3558049999999999,40686,122,1376,,
334,1.43,33.88,0.3528441666666666,40873,122,1380,,
336,1.61,35.67,0.34811000000000014,41172,122,1384,,
337,1.65,36.02,0.34646333333333335,41276,122,1388,,
338,1.72,37.59,0.3431383333333333,41486,122,1392,,
340,1.74,38.42,0.3395283333333332,41714,122,1396,,
341,1.71,38.03,0.33740666666666674,41848,122,1400,,
342,1.72,37.98,0.33463583333333313,42023,122,1404,,
343,1.74,37.47,0.3318808333333334,42197,122,1408,,
344,1.72,37.99,0.32955333333333325,42344,122,1412,,
345,1.75,38.21,0.3275583333333332,42470,122,1416,,
348,1.7,38.16,0.3237899999999998,42708,122,1420,,
349,1.71,38.04,0.32155749999999994,42849,122,1424,,
351,1.64,37.69,0.31954666666666676,42976,122,1428,,
351,1.57,37.11,0.31793166666666683,43078,122,1432,,
352,1.51,36.36,0.31649083333333305,43169,122,1436,,
353,1.46,36.4,0.3149708333333333,43265,122,1440,,
353,1.43,36.33,0.31326083333333343,43373,122,1444,,
354,1.42,35.98,0.311535,43482,122,1448,,
355,1.41,35.11,0.3099991666666668,43579,122,1452,,
356,1.45,35.5,0.3080358333333333,43703,122,1456,,
357,1.5,35.68,0.3059141666666668,43837,122,1460,,
359,1.57,37.18,0.30168666666666655,44104,122,1464,,
360,1.63,38.21,0.2986941666666666,44293,122,1468,,
363,1.76,39.87,0.29464083333333346,44549,122,1472,,
364,1.82,40.39,0.29185416666666675,44725,122,1476,,
366,1.82,39.92,0.2896375,44865,122,1480,,
367,1.71,38.87,0.2865658333333333,45059,122,1484,,
368,1.7,39.08,0.28458666666666665,45184,122,1488,,
370,1.76,39.66,0.2803433333333333,45452,122,1492,,
371,1.69,38.76,0.2781583333333334,45590,122,1496,,
373,1.77,39.85,0.27431083333333306,45833,122,1500,,
374,1.75,39.58,0.2719674999999999,45981,122,1504,,
374,1.65,38.97,0.2701783333333335,46094,122,1508,,
376,1.72,39.82,0.266505,46326,122,1512,,
379,1.75,40.61,0.2632591666666665,46531,122,1516,,
380,1.74,39.75,0.2608524999999998,46683,122,1520,,
382,1.73,40.07,0.2581133333333332,46856,122,1524,,
383,1.76,40.72,0.2550733333333334,47048,122,1528,,
384,1.87,41.79,0.2517641666666668,47257,122,1532,,
386,1.98,43.23,0.2480433333333334,47492,122,1536,,
388,2.09,44.5,0.24451250000000013,47715,122,1540,,
389,2.12,45.01,0.24199500000000018,47874,122,1544,,
390,2.15,45.88,0.2388916666666665,48070,123,1548,,
392,2.21,47.51,0.23477499999999996,48330,122,1552,,
395,2.26,48.23,0.2316716666666666,48526,122,1556,,
396,2.29,48.57,0.22901166666666672,48694,122,1560,,
397,2.26,47.44,0.2265733333333333,48848,122,1564,,
398,2.26,46.68,0.2247841666666669,48961,122,1568,,
399,2.18,45.93,0.22191833333333333,49142,122,1572,,
401,2.2,46.48,0.21826083333333335,49373,122,1576,,
402,2.2,46.43,0.21612333333333333,49508,123,1580,,
404,2.24,46.79,0.2124816666666668,49738,123,1584,,
405,2.31,47.63,0.20917249999999987,49947,123,1588,,
,,,0.2083491666666668,50000,,,1.75,31.0
409,2.23,46.03,0.2074625,50055,122,1592,,
410,2.25,45.75,0.20572083333333302,50165,122,1596,,
411,2.15,44.5,0.20385250000000021,50283,122,1600,,
412,2.15,44.28,0.2018574999999998,50409,122,1604,,
413,2.22,44.84,0.19918166666666648,50578,122,1608,,
414,2.12,43.68,0.1973450000000001,50694,122,1612,,
415,2.07,42.65,0.19573000000000007,50796,122,1616,,
416,2.06,42.19,0.19405166666666662,50902,122,1620,,
417,2.07,42.51,0.19080583333333312,51107,122,1624,,
418,2.05,41.6,0.18920666666666652,51208,122,1628,,
419,1.96,40.56,0.18754416666666696,51313,122,1632,,
420,1.9,40.18,0.18442500000000017,51510,122,1636,,
422,1.84,39.43,0.1820816666666667,51658,122,1640,,
423,1.87,39.45,0.17953249999999976,51819,122,1644,,
425,1.84,38.93,0.17725250000000004,51963,122,1648,,
427,1.86,38.89,0.17319916666666635,52219,122,1652,,
428,1.8,38.47,0.17076083333333325,52373,122,1656,,
429,1.76,38.14,0.16862333333333335,52508,122,1660,,
430,1.71,37.96,0.16647,52644,122,1664,,
431,1.69,38.23,0.16425333333333347,52784,122,1668,,
432,1.66,37.61,0.16236916666666656,52903,122,1672,,
433,1.61,36.79,0.16000999999999987,53052,122,1676,,
434,1.62,37.12,0.15735,53220,122,1680,,
435,1.54,35.77,0.15584583333333324,53315,122,1684,,
436,1.52,34.79,0.15408833333333338,53426,122,1688,,
437,1.54,35.46,0.15131749999999977,53601,122,1692,,
439,1.53,35.99,0.14873666666666652,53764,122,1696,,
441,1.56,36.61,0.14588666666666672,53944,122,1700,,
442,1.56,37.29,0.14281500000000003,54138,122,1704,,
443,1.55,36.96,0.1406616666666668,54274,122,1708,,
444,1.58,36.95,0.1388408333333333,54389,122,1712,,
445,1.59,37.14,0.13692499999999974,54510,122,1716,,
446,1.62,37.65,0.13443916666666667,54667,122,1720,,
448,1.65,37.48,0.13146249999999993,54855,122,1724,,
449,1.68,38.21,0.12870750000000009,55029,122,1728,,
450,1.77,38.93,0.12590500000000004,55206,122,1732,,
451,1.75,38.32,0.1237516666666666,55342,122,1736,,
453,1.76,38.04,0.12185166666666691,55462,122,1740,,
454,1.75,37.74,0.11977749999999987,55593,122,1744,,
456,1.73,37.49,0.11789333333333352,55712,122,1748,,
457,1.66,36.01,0.1161833333333332,55820,122,1752,,
458,1.68,36.22,0.11341250000000003,55995,122,1756,,
459,1.74,36.92,0.11016666666666652,56200,122,1760,,
461,1.78,37.66,0.10684166666666661,56410,122,1764,,
462,1.81,37.89,0.10426083333333358,56573,122,1768,,
463,1.84,38.09,0.10205999999999993,56712,122,1772,,
464,1.84,38.24,0.09946333333333313,56876,122,1776,,
465,1.83,38.09,0.09704083333333335,57029,122,1780,,
466,1.84,38.32,0.09517249999999977,57147,122,1784,,
468,1.82,38.34,0.09338333333333337,57260,122,1788,,
469,1.78,37.73,0.09157833333333343,57374,122,1792,,
470,1.76,37.14,0.08993166666666663,57478,122,1796,,
471,1.74,36.64,0.08787333333333314,57608,122,1800,,
472,1.7,35.71,0.08627416666666643,57709,122,1804,,
473,1.69,35.89,0.08383583333333333,57863,122,1808,,
474,1.74,36.21,0.08150833333333363,58010,122,1812,,
476,1.75,36.48,0.07916500000000015,58158,122,1816,,
477,1.77,37.06,0.07576083333333317,58373,122,1820,,
478,1.75,36.89,0.07305333333333353,58544,122,1824,,
480,1.78,37.11,0.06994999999999973,58740,122,1828,,
481,1.73,36.77,0.06768583333333333,58883,122,1832,,
482,1.73,36.43,0.06607083333333341,58985,122,1836,,
484,1.74,36.86,0.06348999999999994,59148,122,1840,,
486,1.77,37.85,0.0598483333333335,59378,122,1844,,
488,1.81,38.74,0.05655500000000002,59586,122,1848,,
489,1.85,39.69,0.05334083333333328,59789,122,1852,,
490,1.85,39.69,0.050570000000000115,59964,122,1856,,
493,1.81,38.93,0.05,60093,121,1860,,
494,1.79,38.16,0.05,60226,121,1864,,
495,1.75,37.95,0.05,60368,121,1868,,
498,1.77,38.61,0.05,60573,121,1872,,
499,1.76,37.93,0.05,60669,121,1876,,
501,1.73,37.54,0.05,60783,121,1880,,
501,1.69,37.29,0.05,60876,121,1884,,
502,1.68,37.07,0.05,60967,121,1888,,
503,1.69,36.76,0.05,61050,121,1892,,
503,1.67,36.47,0.05,61125,121,1896,,
505,1.63,36.74,0.05,61282,121,1900,,
506,1.63,37.63,0.05,61472,121,1904,,
507,1.67,37.46,0.05,61609,121,1908,,
508,1.65,37.08,0.05,61718,121,1912,,
509,1.61,36.91,0.05,61849,121,1916,,
509,1.53,35.52,0.05,61925,121,1920,,
510,1.47,34.77,0.05,62021,121,1924,,
511,1.4,33.71,0.05,62111,121,1928,,
513,1.39,33.94,0.05,62277,121,1932,,
514,1.41,34.15,0.05,62400,121,1936,,
515,1.38,33.57,0.05,62505,121,1940,,
517,1.33,32.5,0.05,62628,121,1944,,
517,1.29,31.26,0.05,62712,121,1948,,
518,1.2,30.43,0.05,62832,121,1952,,
519,1.18,29.74,0.05,62938,121,1956,,
521,1.22,30.78,0.05,63171,121,1960,,
522,1.26,30.96,0.05,63322,121,1964,,
523,1.29,31.39,0.05,63507,121,1968,,
524,1.24,30.55,0.05,63628,121,1972,,
525,1.29,30.98,0.05,63767,121,1976,,
526,1.33,30.87,0.05,63870,121,1980,,
527,1.37,31.27,0.05,64003,121,1984,,
529,1.41,32.51,0.05,64218,121,1988,,
531,1.4,33.01,0.05,64351,121,1992,,
532,1.46,34.04,0.05,64529,121,1996,,
534,1.51,34.16,0.05,64698,121,2000,,
535,1.53,33.84,0.05,64856,121,2004,,
536,1.53,33.99,0.05,65008,121,2008,,
537,1.49,34.26,0.05,65144,121,2012,,
538,1.56,34.74,0.05,65323,121,2016,,
540,1.61,35.64,0.05,65489,121,2020,,
540,1.63,35.92,0.05,65613,121,2024,,
542,1.62,36.53,0.05,65764,121,2028,,
543,1.6,35.82,0.05,65859,121,2032,,
544,1.58,35.44,0.05,65944,121,2036,,
546,1.66,36.71,0.05,66176,121,2040,,
547,1.66,36.44,0.05,66272,121,2044,,
548,1.67,36.61,0.05,66373,121,2048,,
549,1.74,36.77,0.05,66509,121,2052,,
550,1.74,37.39,0.05,66677,121,2056,,
551,1.69,36.3,0.05,66801,121,2060,,
552,1.68,36.54,0.05,66976,121,2064,,
553,1.65,35.88,0.05,67095,121,2068,,
554,1.63,35.47,0.05,67175,121,2072,,
554,1.54,34.97,0.05,67264,121,2076,,
555,1.51,34.76,0.05,67346,121,2080,,
556,1.47,34.37,0.05,67440,121,2084,,
557,1.47,33.92,0.05,67610,121,2088,,
559,1.51,34.41,0.05,67792,121,2092,,
561,1.53,34.2,0.05,67949,120,2096,,
562,1.48,33.34,0.05,68032,121,2100,,
563,1.5,33.27,0.05,68183,121,2104,,
564,1.46,33.13,0.05,68321,121,2108,,
565,1.47,33.12,0.05,68456,121,2112,,
565,1.36,31.94,0.05,68517,121,2116,,
566,1.33,31.06,0.05,68595,121,2120,,
567,1.34,31.04,0.05,68717,121,2124,,
568,1.39,31.03,0.05,68867,121,2128,,
569,1.43,31.3,0.05,68989,121,2132,,
570,1.41,31.38,0.05,69082,121,2136,,
571,1.33,30.68,0.05,69244,121,2140,,
572,1.3,30.59,0.05,69331,121,2144,,
573,1.29,30.93,0.05,69466,121,2148,,
575,1.25,31.21,0.05,69630,121,2152,,
577,1.28,31.14,0.05,69791,120,2156,,
578,1.28,31.3,0.05,69931,120,2160,,
581,1.2,30.26,0.05,70002,120,2164,,
582,1.23,30.27,0.05,70122,120,2168,,
583,1.32,31.41,0.05,70316,120,2172,,
584,1.33,31.85,0.05,70449,120,2176,,
585,1.32,32.01,0.05,70547,120,2180,,
585,1.35,31.86,0.05,70626,120,2184,,
586,1.3,31.1,0.05,70720,120,2188,,
587,1.26,30.06,0.05,70798,120,2192,,
588,1.21,29.29,0.05,70878,120,2196,,
590,1.34,30.45,0.05,71077,120,2200,,
591,1.3,29.69,0.05,71152,120,2204,,
592,1.28,29.11,0.05,71232,120,2208,,
593,1.25,29.31,0.05,71387,120,2212,,
594,1.32,30.41,0.05,71558,120,2216,,
595,1.32,30.49,0.05,71644,120,2220,,
596,1.32,30.14,0.05,71731,120,2224,,
597,1.23,29.93,0.05,71860,120,2228,,
598,1.2,30.41,0.05,72030,120,2232,,
599,1.19,31.04,0.05,72186,120,2236,,
600,1.19,30.28,0.05,72272,120,2240,,
600,1.17,30.07,0.05,72338,120,2244,,
601,1.22,29.9,0.05,72456,120,2248,,
602,1.21,29.36,0.05,72566,120,2252,,
603,1.17,28.79,0.05,72670,120,2256,,
605,1.21,28.69,0.05,72800,120,2260,,
606,1.26,29.18,0.05,72920,120,2264,,
607,1.26,28.92,0.05,73014,120,2268,,
608,1.22,28.0,0.05,73116,120,2272,,
609,1.32,28.54,0.05,73303,120,2276,,
610,1.33,28.45,0.05,73392,120,2280,,
611,1.37,29.53,0.05,73579,120,2284,,
612,1.37,29.67,0.05,73687,120,2288,,
613,1.44,30.67,0.05,73865,120,2292,,
615,1.52,31.52,0.05,74030,120,2296,,
616,1.5,31.76,0.05,74253,120,2300,,
618,1.54,32.3,0.05,74382,120,2304,,
619,1.54,32.63,0.05,74495,120,2308,,
620,1.55,32.02,0.05,74589,120,2312,,
622,1.59,31.94,0.05,74752,120,2316,,
622,1.59,32.15,0.05,74859,120,2320,,
623,1.58,32.4,0.05,74971,120,2324,,
,,,0.05,75000,,,0.5,29.0
625,1.63,32.22,0.05,75082,120,2328,,
625,1.61,31.35,0.05,75165,120,2332,,
626,1.61,30.62,0.05,75248,120,2336,,
628,1.74,32.23,0.05,75495,120,2340,,
629,1.83,32.83,0.05,75621,120,2344,,
630,1.78,32.84,0.05,75740,120,2348,,
631,1.88,33.28,0.05,75894,120,2352,,
632,1.88,33.06,0.05,75976,120,2356,,
633,1.85,33.07,0.05,76107,120,2360,,
634,1.85,32.92,0.05,76212,120,2364,,
635,1.81,32.83,0.05,76297,119,2368,,
636,1.77,32.45,0.05,76361,119,2372,,
637,1.73,31.8,0.05,76483,119,2376,,
638,1.75,32.02,0.05,76594,119,2380,,
639,1.76,31.57,0.05,76736,120,2384,,
640,1.86,32.63,0.05,76950,120,2388,,
641,1.8,31.98,0.05,77063,120,2392,,
642,1.74,32.1,0.05,77240,120,2396,,
643,1.65,31.13,0.05,77366,120,2400,,
645,1.67,31.73,0.05,77555,120,2404,,
646,1.74,31.87,0.05,77682,120,2408,,
647,1.78,31.93,0.05,77782,120,2412,,
649,1.77,32.41,0.05,77993,120,2416,,
651,1.81,33.03,0.05,78162,119,2420,,
652,1.83,33.5,0.05,78321,120,2424,,
653,1.85,33.54,0.05,78436,120,2428,,
654,1.86,33.68,0.05,78533,120,2432,,
655,1.97,34.6,0.05,78708,120,2436,,
657,1.95,34.62,0.05,78957,120,2440,,
658,1.97,34.93,0.05,79114,120,2444,,
659,2.01,34.98,0.05,79238,120,2448,,
660,1.94,34.52,0.05,79346,120,2452,,
661,1.97,34.93,0.05,79469,120,2456,,
662,1.94,34.54,0.05,79561,120,2460,,
663,1.94,34.63,0.05,79675,120,2464,,
664,1.95,34.63,0.05,79760,120,2468,,
665,1.92,34.77,0.05,79838,120,2472,,
666,1.88,34.47,0.05,79930,119,2476,,
669,2.03,35.71,0.05,80165,119,2480,,
670,2.04,35.69,0.05,80305,119,2484,,
671,1.99,35.02,0.05,80452,119,2488,,
672,2.01,35.02,0.05,80565,119,2492,,
673,2.05,35.04,0.05,80744,119,2496,,
675,2.1,35.24,0.05,80890,119,2500,,
675,2.02,34.32,0.05,80987,119,2504,,
677,2.03,34.57,0.05,81139,119,2508,,
679,2.04,35.08,0.05,81290,119,2512,,
680,1.97,34.13,0.05,81406,119,2516,,
681,1.92,33.32,0.05,81494,119,2520,,
682,1.99,33.89,0.05,81710,119,2524,,
683,1.95,33.58,0.05,81794,119,2528,,
684,1.99,33.61,0.05,81894,119,2532,,
684,1.87,32.88,0.05,81996,119,2536,,
685,1.72,31.47,0.05,82104,119,2540,,
686,1.63,30.7,0.05,82184,119,2544,,
687,1.58,30.34,0.05,82272,119,2548,,
688,1.63,30.64,0.05,82410,119,2552,,
688,1.61,30.37,0.05,82506,119,2556,,
689,1.63,30.5,0.05,82611,119,2560,,
690,1.61,30.49,0.05,82724,119,2564,,
691,1.59,30.68,0.05,82828,119,2568,,
692,1.69,31.09,0.05,82947,119,2572,,
694,1.73,31.67,0.05,83097,119,2576,,
696,1.65,31.2,0.05,83285,119,2580,,
697,1.6,30.68,0.05,83373,119,2584,,
698,1.6,30.51,0.05,83503,119,2588,,
698,1.58,30.19,0.05,83584,119,2592,,
699,1.54,29.35,0.05,83679,119,2596,,
700,1.48,28.93,0.05,83783,119,2600,,
701,1.52,29.01,0.05,83888,119,2604,,
702,1.46,29.29,0.05,84068,119,2608,,
703,1.43,28.74,0.05,84164,119,2612,,
704,1.42,28.45,0.05,84251,119,2616,,
705,1.57,29.39,0.05,84433,119,2620,,
706,1.5,28.34,0.05,84544,119,2624,,
707,1.5,28.42,0.05,84636,119,2628,,
708,1.5,28.48,0.05,84742,119,2632,,
709,1.49,28.19,0.05,84815,119,2636,,
711,1.57,28.35,0.05,84939,119,2640,,
712,1.62,28.75,0.05,85059,119,2644,,
712,1.66,28.9,0.05,85162,119,2648,,
713,1.59,28.47,0.05,85257,119,2652,,
714,1.53,28.19,0.05,85325,119,2656,,
715,1.52,28.26,0.05,85437,119,2660,,
715,1.58,28.45,0.05,85569,119,2664,,
717,1.64,29.2,0.05,85748,119,2668,,
718,1.6,29.22,0.05,85869,119,2672,,
719,1.59,28.79,0.05,85976,119,2676,,
720,1.59,28.75,0.05,86160,119,2680,,
721,1.55,29.3,0.05,86303,119,2684,,
722,1.49,28.8,0.05,86383,119,2688,,
723,1.46,28.76,0.05,86460,119,2692,,
725,1.47,29.35,0.05,86614,119,2696,,
726,1.53,29.5,0.05,86733,119,2700,,
727,1.52,29.47,0.05,86835,119,2704,,
727,1.49,28.58,0.05,86926,119,2708,,
729,1.54,29.49,0.05,87113,119,2712,,
730,1.6,29.73,0.05,87224,119,2716,,
731,1.44,29.25,0.05,87358,119,2720,,
732,1.53,30.27,0.05,87571,119,2724,,
733,1.56,30.44,0.05,87680,119,2728,,
734,1.53,30.32,0.05,87774,119,2732,,
734,1.55,30.26,0.05,87841,119,2736,,
735,1.53,30.05,0.05,87944,119,2740,,
737,1.63,30.76,0.05,88135,119,2744,,
738,1.62,30.82,0.05,88244,119,2748,,
739,1.61,30.72,0.05,88329,119,2752,,
740,1.69,31.16,0.05,88441,119,2756,,
742,1.74,31.29,0.05,88566,119,2760,,
742,1.7,31.03,0.05,88672,119,2764,,
743,1.66,29.99,0.05,88747,119,2768,,
744,1.66,29.81,0.05,88850,119,2772,,
745,1.71,30.09,0.05,88985,119,2776,,
746,1.66,29.4,0.05,89100,119,2780,,
747,1.74,29.26,0.05,89229,119,2784,,
747,1.77,29.47,0.05,89330,119,2788,,
748,1.81,29.99,0.05,89459,119,2792,,
749,1.79,29.49,0.05,89563,119,2796,,
750,1.74,29.48,0.05,89681,119,2800,,
751,1.75,29.46,0.05,89781,119,2804,,
752,1.79,29.84,0.05,89910,119,2808,,
756,1.85,29.88,0.05,90101,119,2812,,
757,1.87,30.06,0.05,90230,119,2816,,
758,1.98,30.13,0.05,90371,119,2820,,
759,1.92,29.16,0.05,90487,119,2824,,
760,1.96,29.32,0.05,90612,119,2828,,
761,2.03,29.77,0.05,90751,119,2832,,
762,2.12,30.28,0.05,90869,119,2836,,
762,2.09,30.25,0.05,90969,119,2840,,
763,1.95,29.44,0.05,91079,119,2844,,
764,1.9,28.96,0.05,91140,119,2848,,
765,1.91,29.91,0.05,91320,119,2852,,
767,1.92,30.15,0.05,91456,119,2856,,
768,1.94,30.38,0.05,91604,119,2860,,
769,1.89,30.0,0.05,91672,119,2864,,
771,1.91,30.62,0.05,91809,119,2868,,
771,1.84,30.68,0.05,91918,119,2872,,
772,1.76,30.12,0.05,91997,119,2876,,
772,1.69,29.72,0.05,92072,119,2880,,
773,1.6,29.23,0.05,92152,119,2884,,
774,1.54,28.72,0.05,92202,119,2888,,
774,1.55,28.45,0.05,92304,119,2892,,
775,1.53,28.58,0.05,92421,119,2896,,
776,1.5,28.05,0.05,92486,119,2900,,
776,1.46,27.93,0.05,92574,119,2904,,
777,1.47,27.72,0.05,92682,119,2908,,
778,1.36,26.76,0.05,92777,119,2912,,
779,1.33,26.33,0.05,92863,119,2916,,
780,1.3,26.22,0.05,92993,119,2920,,
781,1.26,26.15,0.05,93102,119,2924,,
783,1.34,26.98,0.05,93310,119,2928,,
785,1.3,26.79,0.05,93430,119,2932,,
786,1.25,26.78,0.05,93547,119,2936,,
786,1.3,26.83,0.05,93652,119,2940,,
787,1.33,27.32,0.05,93811,119,2944,,
789,1.42,28.14,0.05,93954,119,2948,,
789,1.47,27.32,0.05,94052,119,2952,,
790,1.43,27.06,0.05,94162,119,2956,,
791,1.37,26.72,0.05,94276,119,2960,,
792,1.4,26.79,0.05,94351,119,2964,,
792,1.37,26.35,0.05,94444,119,2968,,
793,1.39,26.04,0.05,94522,119,2972,,
794,1.44,26.38,0.05,94635,119,2976,,
795,1.5,26.71,0.05,94743,119,2980,,
796,1.55,26.78,0.05,94830,119,2984,,
797,1.65,27.62,0.05,94964,119,2988,,
798,1.63,27.74,0.05,95078,119,2992,,
800,1.68,27.79,0.05,95200,118,2996,,
801,1.7,28.11,0.05,95297,118,3000,,
803,1.89,30.04,0.05,95578,119,3004,,
804,1.92,30.49,0.05,95731,119,3008,,
804,1.92,30.51,0.05,95828,119,3012,,
805,1.89,30.66,0.05,95929,119,3016,,
806,1.8,30.76,0.05,96069,119,3020,,
807,1.78,30.64,0.05,96166,119,3024,,
808,1.62,29.35,0.05,96245,119,3028,,
808,1.65,29.33,0.05,96363,119,3032,,
809,1.65,29.12,0.05,96459,119,3036,,
810,1.69,29.38,0.05,96590,119,3040,,
812,1.7,28.8,0.05,96691,119,3044,,
813,1.66,28.59,0.05,96813,119,3048,,
814,1.64,28.79,0.05,96931,118,3052,,
816,1.65,28.83,0.05,97045,118,3056,,
816,1.68,29.0,0.05,97176,118,3060,,
817,1.7,29.32,0.05,97283,118,3064,,
818,1.72,29.47,0.05,97391,118,3068,,
819,1.77,29.93,0.05,97515,118,3072,,
820,1.78,30.28,0.05,97663,119,3076,,
821,1.76,30.23,0.05,97766,119,3080,,
822,1.74,30.71,0.05,97901,119,3084,,
823,1.71,30.5,0.05,98014,119,3088,,
824,1.74,30.47,0.05,98125,119,3092,,
825,1.74,30.94,0.05,98294,119,3096,,
826,1.74,30.94,0.05,98391,119,3100,,
827,1.59,29.39,0.05,98517,119,3104,,
828,1.52,28.86,0.05,98617,118,3108,,
830,1.52,28.99,0.05,98727,118,3112,,
831,1.5,29.01,0.05,98830,118,3116,,
832,1.64,29.12,0.05,98981,118,3120,,
833,1.71,29.52,0.05,99118,118,3124,,
834,1.78,30.19,0.05,99264,118,3128,,
835,1.79,30.29,0.05,99392,118,3132,,
836,1.77,30.41,0.05,99500,119,3136,,
836,1.66,30.11,0.05,99601,119,3140,,
837,1.67,30.28,0.05,99719,119,3144,,
838,1.65,30.06,0.05,99819,119,3148,,
839,1.64,29.92,0.05,99923,119,3152,,
,,,0.05,100000,,,1.75,47.0
844,1.67,30.05,0.05,100050,118,3156,,
845,1.7,30.1,0.05,100186,118,3160,,
845,1.7,30.1,0.05,100293,118,3164,,
847,1.8,30.96,0.05,100487,118,3168,,
848,1.8,30.81,0.05,100596,118,3172,,
848,1.78,30.48,0.05,100711,118,3176,,
849,1.81,30.67,0.05,100833,118,3180,,
850,1.8,30.24,0.05,100925,118,3184,,
851,1.74,29.96,0.05,101010,118,3188,,
852,1.79,30.2,0.05,101145,118,3192,,
853,1.8,29.75,0.05,101269,118,3196,,
854,1.85,29.85,0.05,101376,118,3200,,
855,1.88,29.98,0.05,101515,118,3204,,
856,1.88,29.88,0.05,101605,118,3208,,
858,1.95,30.08,0.05,101735,118,3212,,
859,1.97,30.0,0.05,101830,118,3216,,
860,1.89,29.74,0.05,101955,118,3220,,
861,1.9,29.92,0.05,102110,118,3224,,
862,1.88,29.61,0.05,102225,118,3228,,
863,1.86,29.63,0.05,102355,118,3232,,
864,1.96,30.03,0.05,102503,118,3236,,
865,2.01,30.07,0.05,102608,118,3240,,
865,2.02,30.02,0.05,102721,118,3244,,
867,2.06,30.45,0.05,102864,118,3248,,
868,2.11,30.85,0.05,103008,118,3252,,
869,2.1,30.76,0.05,103126,118,3256,,
870,2.04,30.3,0.05,103216,118,3260,,
871,2.01,30.13,0.05,103306,118,3264,,
872,1.89,29.23,0.05,103410,118,3268,,
873,1.89,29.31,0.05,103527,118,3272,,
874,1.82,28.87,0.05,103598,118,3276,,
875,1.77,28.34,0.05,103667,118,3280,,
875,1.82,28.4,0.05,103765,118,3284,,
876,1.9,29.0,0.05,103910,118,3288,,
877,1.84,28.5,0.05,103995,118,3292,,
878,1.86,28.93,0.05,104162,118,3296,,
879,1.86,29.0,0.05,104276,118,3300,,
880,1.88,28.99,0.05,104414,118,3304,,
881,1.97,29.53,0.05,104558,118,3308,,
882,1.97,29.86,0.05,104721,118,3312,,
884,2.07,30.52,0.05,104882,118,3316,,
885,2.06,30.55,0.05,105010,118,3320,,
886,2.02,30.14,0.05,105124,118,3324,,
888,2.05,30.3,0.05,105255,118,3328,,
889,2.09,30.29,0.05,105384,118,3332,,
890,2.07,30.02,0.05,105505,118,3336,,
891,2.14,30.48,0.05,105656,118,3340,,
892,2.12,30.47,0.05,105768,118,3344,,
893,2.12,30.3,0.05,105894,118,3348,,
894,2.19,30.6,0.05,106068,118,3352,,
895,2.24,30.89,0.05,106215,118,3356,,
896,2.25,31.49,0.05,106365,118,3360,,
897,2.29,31.8,0.05,106486,118,3364,,
898,2.34,31.75,0.05,106585,118,3368,,
899,2.36,32.14,0.05,106741,118,3372,,
901,2.51,33.37,0.05,106935,118,3376,,
903,2.56,33.79,0.05,107046,118,3380,,
904,2.57,33.97,0.05,107162,118,3384,,
905,2.56,33.73,0.05,107283,118,3388,,
906,2.66,34.68,0.05,107463,118,3392,,
907,2.64,34.14,0.05,107576,118,3396,,
908,2.62,34.07,0.05,107683,118,3400,,
909,2.64,34.04,0.05,107818,118,3404,,
910,2.6,33.93,0.05,107951,118,3408,,
910,2.55,33.42,0.05,108063,118,3412,,
911,2.51,33.1,0.05,108192,118,3416,,
912,2.55,33.03,0.05,108313,118,3420,,
913,2.57,33.15,0.05,108439,118,3424,,
915,2.54,33.23,0.05,108578,118,3428,,
916,2.5,33.21,0.05,108705,118,3432,,
918,2.48,33.46,0.05,108851,118,3436,,
919,2.47,33.26,0.05,108982,118,3440,,
920,2.49,33.35,0.05,109103,118,3444,,
921,2.49,33.28,0.05,109222,118,3448,,
922,2.39,32.61,0.05,109329,118,3452,,
923,2.35,32.56,0.05,109471,118,3456,,
924,2.37,32.33,0.05,109598,118,3460,,
925,2.39,32.49,0.05,109735,118,3464,,
926,2.41,32.75,0.05,109860,118,3468,,
926,2.4,32.21,0.05,109962,118,3472,,
931,2.38,31.95,0.05,110130,118,3476,,
932,2.35,32.14,0.05,110260,118,3480,,
933,2.36,32.0,0.05,110362,118,3484,,
934,2.3,31.63,0.05,110446,118,3488,,
934,2.17,30.86,0.05,110549,118,3492,,
936,2.17,31.19,0.05,110695,118,3496,,
936,2.12,31.18,0.05,110801,118,3500,,
937,2.08,31.09,0.05,110927,118,3504,,
938,2.06,30.87,0.05,111038,118,3508,,
939,2.11,31.09,0.05,111172,118,3512,,
940,2.05,30.75,0.05,111267,118,3516,,
941,2.02,30.65,0.05,111378,118,3520,,
942,2.09,31.06,0.05,111545,118,3524,,
944,2.17,31.77,0.05,111755,118,3528,,
946,2.16,31.61,0.05,111866,118,3532,,
947,2.17,31.39,0.05,111990,118,3536,,
948,2.13,31.27,0.05,112109,118,3540,,
949,2.15,31.37,0.05,112240,118,3544,,
950,2.13,31.29,0.05,112351,118,3548,,
951,2.15,31.45,0.05,112474,118,3552,,
952,2.14,31.08,0.05,112579,118,3556,,
952,2.13,30.9,0.05,112688,118,3560,,
953,2.13,30.77,0.05,112812,118,3564,,
954,2.11,30.76,0.05,112936,118,3568,,
955,2.14,31.17,0.05,113079,118,3572,,
956,2.09,30.84,0.05,113214,118,3576,,
958,2.15,31.0,0.05,113360,118,3580,,
959,2.15,31.2,0.05,113482,118,3584,,
960,2.19,31.4,0.05,113586,118,3588,,
961,2.21,31.38,0.05,113687,118,3592,,
963,2.19,31.33,0.05,113828,118,3596,,
964,2.27,31.62,0.05,113963,118,3600,,
965,2.26,31.56,0.05,114083,118,3604,,
966,2.31,32.02,0.05,114240,118,3608,,
967,2.27,31.81,0.05,114353,118,3612,,
968,2.29,31.9,0.05,114457,118,3616,,
969,2.33,32.22,0.05,114600,118,3620,,
971,2.38,33.01,0.05,114846,118,3624,,
972,2.32,32.21,0.05,114976,118,3628,,
973,2.37,32.78,0.05,115144,118,3632,,
974,2.33,32.73,0.05,115263,118,3636,,
976,2.39,33.02,0.05,115411,118,3640,,
977,2.35,32.83,0.05,115523,118,3644,,
979,2.38,33.13,0.05,115664,118,3648,,
980,2.45,33.76,0.05,115850,118,3652,,
981,2.56,34.84,0.05,116063,118,3656,,
982,2.59,34.91,0.05,116179,118,3660,,
983,2.55,34.75,0.05,116287,118,3664,,
984,2.54,34.92,0.05,116428,118,3668,,
985,2.53,34.74,0.05,116553,118,3672,,
986,2.51,34.4,0.05,116654,118,3676,,
987,2.51,34.3,0.05,116790,118,3680,,
988,2.49,34.2,0.05,116902,118,3684,,
989,2.53,34.52,0.05,117038,118,3688,,
991,2.61,35.32,0.05,117219,118,3692,,
993,2.6,35.09,0.05,117337,118,3696,,
994,2.62,35.05,0.05,117468,118,3700,,
995,2.62,35.03,0.05,117586,118,3704,,
996,2.6,34.69,0.05,117709,118,3708,,
997,2.65,35.38,0.05,117891,118,3712,,
999,2.71,36.14,0.05,118071,118,3716,,
1000,2.71,36.9,0.05,118290,118,3720,,
1001,2.57,36.26,0.05,118472,118,3724,,
1002,2.5,35.93,0.05,118569,118,3728,,
1003,2.45,35.31,0.05,118675,118,3732,,
1004,2.45,35.33,0.05,118796,118,3736,,
1006,2.45,35.34,0.05,118945,118,3740,,
1007,2.47,35.63,0.05,119086,118,3744,,
1009,2.45,35.68,0.05,119232,118,3748,,
1010,2.37,35.07,0.05,119357,118,3752,,
1011,2.29,34.27,0.05,119490,118,3756,,
1012,2.24,34.17,0.05,119596,118,3760,,
1012,2.28,34.31,0.05,119718,118,3764,,
1013,2.24,34.21,0.05,119849,118,3768,,
1016,2.28,34.62,0.05,120015,118,3772,,
1018,2.33,34.91,0.05,120145,118,3776,,
1019,2.35,35.18,0.05,120308,118,3780,,
1020,2.32,34.98,0.05,120400,117,3784,,
1021,2.29,34.65,0.05,120503,117,3788,,
1023,2.29,34.37,0.05,120656,117,3792,,
1024,2.3,34.69,0.05,120806,117,3796,,
1025,2.25,34.44,0.05,120912,117,3800,,
1026,2.26,34.37,0.05,121023,117,3804,,
1027,2.24,34.49,0.05,121158,117,3808,,
1029,2.22,34.62,0.05,121353,117,3812,,
1030,2.19,34.26,0.05,121497,117,3816,,
1030,2.15,33.0,0.05,121590,117,3820,,
1031,2.16,32.51,0.05,121723,117,3824,,
1032,2.21,32.64,0.05,121833,117,3828,,
1034,2.28,33.54,0.05,122029,117,3832,,
1035,2.3,33.59,0.05,122155,117,3836,,
1036,2.25,33.22,0.05,122267,117,3840,,
1039,2.25,33.73,0.05,122459,117,3844,,
1040,2.27,33.69,0.05,122601,117,3848,,
1041,2.22,33.79,0.05,122736,117,3852,,
1042,2.26,34.07,0.05,122897,117,3856,,
1043,2.27,34.35,0.05,123031,117,3860,,
1044,2.3,34.68,0.05,123186,117,3864,,
1045,2.37,35.14,0.05,123363,117,3868,,
1046,2.3,34.54,0.05,123469,117,3872,,
1047,2.26,34.53,0.05,123598,117,3876,,
1048,2.24,34.22,0.05,123730,117,3880,,
1050,2.3,34.65,0.05,123865,117,3884,,
1051,2.33,34.96,0.05,123999,117,3888,,
1053,2.25,34.36,0.05,124092,117,3892,,
1054,2.22,33.87,0.05,124193,117,3896,,
1055,2.22,33.84,0.05,124296,117,3900,,
1055,2.22,33.82,0.05,124405,117,3904,,
1056,2.19,33.71,0.05,124529,117,3908,,
1057,2.22,33.13,0.05,124666,117,3912,,
1058,2.22,32.76,0.05,124773,117,3916,,
1059,2.26,33.19,0.05,124909,117,3920,,
,,,0.05,125000,,,1.5,20.75
1061,2.36,33.65,0.05,125088,117,3924,,
1062,2.39,33.75,0.05,125208,117,3928,,
1063,2.31,32.95,0.05,125324,117,3932,,
1065,2.38,33.36,0.05,125491,117,3936,,
1066,2.33,33.01,0.05,125568,117,3940,,
1067,2.28,32.41,0.05,125700,117,3944,,
1069,2.24,32.25,0.05,125826,117,3948,,
1070,2.28,32.01,0.05,125937,117,3952,,
1071,2.21,31.74,0.05,126071,117,3956,,
1072,2.23,31.89,0.05,126220,117,3960,,
1073,2.19,31.54,0.05,126340,117,3964,,
1074,2.13,31.1,0.05,126473,117,3968,,
1075,2.21,31.8,0.05,126649,117,3972,,
1076,2.26,32.02,0.05,126800,117,3976,,
1077,2.23,31.8,0.05,126910,117,3980,,
1078,2.2,31.61,0.05,127026,117,3984,,
1079,2.19,31.38,0.05,127137,117,3988,,
1081,2.21,31.86,0.05,127278,117,3992,,
1082,2.23,31.94,0.05,127387,117,3996,,
1084,2.24,32.21,0.05,127517,117,4000,,
1085,2.18,32.11,0.05,127616,117,4004,,
1086,2.25,32.17,0.05,127746,117,4008,,
1086,2.19,31.9,0.05,127856,117,4012,,
1087,2.18,31.85,0.05,127958,117,4016,,
1088,2.15,31.76,0.05,128085,117,4020,,
1089,2.01,31.08,0.05,128196,117,4024,,
1090,1.98,31.07,0.05,128315,117,4028,,
1091,1.96,30.73,0.05,128397,117,4032,,
1091,1.87,29.95,0.05,128486,117,4036,,
1092,1.91,30.45,0.05,128613,117,4040,,
1093,1.93,30.31,0.05,128731,117,4044,,
1094,1.93,30.1,0.05,128836,117,4048,,
1095,1.9,29.75,0.05,128912,117,4052,,
1097,1.96,30.27,0.05,129098,117,4056,,
1098,1.96,30.17,0.05,129237,117,4060,,
1100,1.98,30.75,0.05,129415,117,4064,,
1101,1.98,30.53,0.05,129526,117,4068,,
1101,1.83,29.21,0.05,129570,117,4072,,
1102,1.76,28.77,0.05,129677,117,4076,,
1103,1.73,28.74,0.05,129784,117,4080,,
1104,1.67,28.7,0.05,129896,117,4084,,
1104,1.6,28.3,0.05,129967,117,4088,,
1107,1.61,28.19,0.05,130097,117,4092,,
1108,1.64,28.31,0.05,130218,117,4096,,
1109,1.62,27.85,0.05,130302,117,4100,,
1110,1.66,28.03,0.05,130419,117,4104,,
1111,1.66,28.02,0.05,130548,117,4108,,
1112,1.66,28.06,0.05,130662,117,4112,,
1113,1.6,27.76,0.05,130734,117,4116,,
1115,1.61,27.59,0.05,130844,117,4120,,
1116,1.6,27.68,0.05,130964,117,4124,,
1117,1.56,27.47,0.05,131062,117,4128,,
1118,1.61,27.97,0.05,131194,117,4132,,
1118,1.59,28.03,0.05,131289,117,4136,,
1119,1.56,27.84,0.05,131397,117,4140,,
1120,1.6,27.92,0.05,131523,117,4144,,
1121,1.62,28.1,0.05,131646,117,4148,,
1122,1.64,28.46,0.05,131758,117,4152,,
1123,1.53,27.71,0.05,131869,117,4156,,
1124,1.55,27.88,0.05,132025,117,4160,,
1125,1.51,27.19,0.05,132134,117,4164,,
1126,1.55,27.55,0.05,132281,117,4168,,
1128,1.63,28.26,0.05,132396,117,4172,,
1129,1.64,28.28,0.05,132505,117,4176,,
1130,1.7,28.8,0.05,132664,117,4180,,
1131,1.76,28.99,0.05,132795,117,4184,,
1132,1.83,29.48,0.05,132915,117,4188,,
1133,1.84,29.74,0.05,133071,117,4192,,
1134,1.8,29.66,0.05,133184,117,4196,,
1135,1.79,29.88,0.05,133290,117,4200,,
1136,1.76,29.7,0.05,133389,117,4204,,
1137,1.7,29.47,0.05,133495,117,4208,,
1138,1.67,29.36,0.05,133598,117,4212,,
1139,1.74,30.11,0.05,133745,117,4216,,
1139,1.71,29.98,0.05,133842,117,4220,,
1141,1.82,30.4,0.05,134004,117,4224,,
1143,1.89,30.78,0.05,134140,117,4228,,
1144,1.87,30.6,0.05,134254,117,4232,,
1145,1.89,30.78,0.05,134367,117,4236,,
1146,1.88,30.79,0.05,134476,117,4240,,
1147,1.85,30.72,0.05,134595,117,4244,,
1149,1.79,32.07,0.05,134853,117,4248,,
1150,1.8,32.57,0.05,135015,117,4252,,
1151,1.86,33.01,0.05,135170,117,4256,,
1152,1.81,32.53,0.05,135278,117,4260,,
1153,1.79,32.34,0.05,135368,117,4264,,
1154,1.76,31.91,0.05,135472,117,4268,,
1155,1.77,32.09,0.05,135605,117,4272,,
1156,1.77,32.09,0.05,135714,117,4276,,
1158,1.74,31.71,0.05,135835,117,4280,,
1160,1.76,31.95,0.05,135990,117,4284,,
1161,1.75,31.87,0.05,136102,117,4288,,
1162,1.72,31.41,0.05,136212,117,4292,,
1163,1.74,31.33,0.05,136317,117,4296,,
1163,1.74,31.07,0.05,136397,117,4300,,
1164,1.78,31.1,0.05,136499,117,4304,,
1165,1.79,31.17,0.05,136612,117,4308,,
1166,1.83,31.39,0.05,136737,117,4312,,
1168,1.82,31.73,0.05,136918,117,4316,,
1168,1.83,31.91,0.05,137033,117,4320,,
1169,1.79,31.57,0.05,137161,117,4324,,
1171,1.8,31.66,0.05,137306,117,4328,,
1172,1.79,31.57,0.05,137411,117,4332,,
1173,1.81,31.71,0.05,137538,117,4336,,
1174,1.84,31.52,0.05,137628,117,4340,,
1176,1.89,31.66,0.05,137761,117,4344,,
1177,1.92,30.51,0.05,137904,117,4348,,
1178,1.98,30.5,0.05,138065,117,4352,,
1179,1.96,29.98,0.05,138168,117,4356,,
1180,1.98,30.23,0.05,138301,117,4360,,
1181,1.97,30.47,0.05,138415,117,4364,,
1181,1.96,30.38,0.05,138510,117,4368,,
1182,1.95,30.31,0.05,138636,117,4372,,
1183,1.95,30.32,0.05,138746,117,4376,,
1184,2.0,30.85,0.05,138920,117,4380,,
1185,1.97,30.38,0.05,139028,117,4384,,
1187,1.94,30.45,0.05,139147,117,4388,,
1188,1.97,30.53,0.05,139265,117,4392,,
1189,2.0,30.68,0.05,139385,117,4396,,
1191,2.07,31.58,0.05,139555,117,4400,,
1192,2.05,31.6,0.05,139659,117,4404,,
1193,2.06,31.7,0.05,139782,117,4408,,
1193,2.04,31.5,0.05,139887,117,4412,,
1194,2.01,30.77,0.05,139995,117,4416,,
1198,2.04,31.31,0.05,140164,116,4420,,
1199,2.05,31.56,0.05,140317,116,4424,,
1200,2.1,31.93,0.05,140499,117,4428,,
1202,2.12,32.01,0.05,140612,116,4432,,
1203,2.11,31.91,0.05,140729,116,4436,,
1204,2.09,31.94,0.05,140822,116,4440,,
1206,2.05,32.59,0.05,141020,116,4444,,
1207,2.11,32.65,0.05,141169,116,4448,,
1208,2.08,32.2,0.05,141285,116,4452,,
1209,2.12,32.69,0.05,141437,116,4456,,
1210,2.11,32.44,0.05,141545,116,4460,,
1211,2.15,32.32,0.05,141647,116,4464,,
1212,2.18,32.58,0.05,141768,116,4468,,
1213,2.15,32.39,0.05,141875,116,4472,,
1214,2.21,32.74,0.05,142020,116,4476,,
1214,2.11,31.81,0.05,142101,116,4480,,
1215,2.09,31.62,0.05,142190,116,4484,,
1216,2.1,31.75,0.05,142322,116,4488,,
1217,2.06,31.67,0.05,142432,116,4492,,
1219,2.0,32.22,0.05,142607,116,4496,,
1221,1.99,31.84,0.05,142739,116,4500,,
1221,1.97,31.69,0.05,142828,116,4504,,
1222,1.96,31.5,0.05,142932,116,4508,,
1223,1.96,31.85,0.05,143072,116,4512,,
1225,2.0,32.32,0.05,143227,116,4516,,
1225,2.0,31.84,0.05,143348,116,4520,,
1226,1.89,31.51,0.05,143468,116,4524,,
1227,1.83,31.05,0.05,143604,116,4528,,
1228,1.84,31.29,0.05,143741,116,4532,,
1229,1.81,31.1,0.05,143839,116,4536,,
1230,1.81,31.23,0.05,143945,116,4540,,
1231,1.82,30.35,0.05,144055,116,4544,,
1233,1.83,30.3,0.05,144199,116,4548,,
1234,1.79,30.38,0.05,144323,116,4552,,
1236,1.77,30.09,0.05,144446,116,4556,,
1236,1.77,30.14,0.05,144559,116,4560,,
1238,1.83,30.53,0.05,144700,116,4564,,
1238,1.83,30.56,0.05,144824,116,4568,,
1240,1.91,30.92,0.05,144967,116,4572,,
1240,1.85,30.65,0.05,145085,116,4576,,
1241,1.93,31.19,0.05,145220,116,4580,,
1242,1.95,31.4,0.05,145330,116,4584,,
1244,2.07,31.94,0.05,145516,116,4588,,
1245,2.08,32.03,0.05,145635,116,4592,,
1246,2.08,31.29,0.05,145736,116,4596,,
1247,2.04,31.06,0.05,145845,116,4600,,
1248,2.04,31.31,0.05,145959,116,4604,,
1249,2.05,31.32,0.05,146064,116,4608,,
1251,2.04,31.31,0.05,146203,116,4612,,
1252,2.03,31.17,0.05,146344,116,4616,,
1253,1.99,31.07,0.05,146455,116,4620,,
1254,2.03,31.04,0.05,146572,116,4624,,
1255,2.03,31.03,0.05,146707,116,4628,,
1256,2.03,30.86,0.05,146827,116,4632,,
1257,2.12,31.63,0.05,147002,116,4636,,
1258,2.13,31.73,0.05,147118,116,4640,,
1259,2.12,31.97,0.05,147252,116,4644,,
1260,2.09,31.69,0.05,147368,116,4648,,
1261,2.15,32.01,0.05,147524,116,4652,,
1263,2.14,32.16,0.05,147662,116,4656,,
1264,2.16,32.16,0.05,147775,116,4660,,
1265,2.09,31.79,0.05,147879,116,4664,,
1267,2.07,31.67,0.05,147991,116,4668,,
1268,2.1,32.16,0.05,148183,116,4672,,
1269,2.1,32.25,0.05,148310,116,4676,,
1270,2.09,32.22,0.05,148442,116,4680,,
1271,2.1,32.26,0.05,148556,116,4684,,
1272,1.99,31.66,0.05,148682,116,4688,,
1273,2.0,31.67,0.05,148802,116,4692,,
1274,2.05,31.82,0.05,148918,116,4696,,
1275,2.1,32.2,0.05,149065,116,4700,,
1276,2.16,32.2,0.05,149179,116,4704,,
1277,2.15,32.24,0.05,149288,116,4708,,
1278,2.16,32.04,0.05,149407,116,4712,,
1279,2.12,31.84,0.05,149528,116,4716,,
1281,2.12,31.89,0.05,149644,116,4720,,
1283,2.21,32.74,0.05,149846,116,4724,,
1284,2.19,32.75,0.05,149982,116,4728,,
,,,0.05,150000,,,2.25,34.0
1287,2.12,32.48,0.05,150075,116,4732,,
1288,2.11,32.1,0.05,150212,116,4736,,
1289,2.12,32.14,0.05,150332,116,4740,,
1290,2.11,31.94,0.05,150446,116,4744,,
1291,2.09,31.8,0.05,150548,116,4748,,
1292,2.05,31.43,0.05,150667,116,4752,,
1294,2.08,31.28,0.05,150790,116,4756,,
1296,2.08,31.64,0.05,150939,116,4760,,
1297,2.12,31.77,0.05,151056,116,4764,,
1298,2.09,31.6,0.05,151151,116,4768,,
1299,1.99,30.76,0.05,151259,116,4772,,
1300,2.01,30.64,0.05,151374,116,4776,,
1301,1.99,30.5,0.05,151492,116,4780,,
1302,2.02,30.84,0.05,151640,116,4784,,
1302,2.01,30.61,0.05,151743,116,4788,,
1303,2.04,30.84,0.05,151886,116,4792,,
1304,2.01,30.7,0.05,151988,116,4796,,
1305,2.0,30.63,0.05,152128,116,4800,,
1307,1.99,30.97,0.05,152276,116,4804,,
1308,2.07,31.46,0.05,152434,116,4808,,
1309,2.08,31.49,0.05,152556,116,4812,,
1311,2.12,31.44,0.05,152672,116,4816,,
1312,2.11,31.44,0.05,152788,116,4820,,
1313,2.07,30.66,0.05,152912,116,4824,,
1314,2.07,30.43,0.05,153025,116,4828,,
1315,2.15,31.08,0.05,153183,116,4832,,
1316,2.08,30.91,0.05,153303,116,4836,,
1317,2.08,30.84,0.05,153416,116,4840,,
1318,2.09,30.88,0.05,153534,116,4844,,
1319,2.15,31.55,0.05,153703,116,4848,,
1320,2.08,31.23,0.05,153790,116,4852,,
1321,2.06,31.21,0.05,153911,116,4856,,
1322,2.04,30.97,0.05,154036,116,4860,,
1322,2.02,30.9,0.05,154146,116,4864,,
1324,2.06,31.3,0.05,154281,116,4868,,
1325,2.05,31.32,0.05,154391,116,4872,,
1326,2.05,31.14,0.05,154488,116,4876,,
1327,2.02,30.88,0.05,154580,116,4880,,
1329,1.96,30.91,0.05,154731,116,4884,,
1330,1.96,31.03,0.05,154846,116,4888,,
1331,1.95,31.12,0.05,154998,116,4892,,
1332,1.97,31.47,0.05,155135,116,4896,,
1333,1.93,31.18,0.05,155246,116,4900,,
1333,1.9,30.79,0.05,155355,116,4904,,
1334,1.85,30.43,0.05,155477,116,4908,,
1335,1.84,30.41,0.05,155597,116,4912,,
1336,1.84,30.4,0.05,155712,116,4916,,
1337,1.92,30.96,0.05,155884,116,4920,,
1338,1.88,30.84,0.05,155996,116,4924,,
1339,1.83,30.68,0.05,156093,116,4928,,
1340,1.76,30.1,0.05,156193,116,4932,,
1342,1.77,30.02,0.05,156305,116,4936,,
1343,1.76,29.91,0.05,156407,116,4940,,
1344,1.74,29.81,0.05,156515,116,4944,,
1345,1.69,29.36,0.05,156639,116,4948,,
1346,1.72,29.34,0.05,156724,116,4952,,
1346,1.72,29.32,0.05,156843,116,4956,,
1347,1.72,29.11,0.05,156947,116,4960,,
1348,1.7,29.2,0.05,157066,116,4964,,
1349,1.71,28.87,0.05,157168,116,4968,,
1350,1.81,29.31,0.05,157322,116,4972,,
1351,1.8,29.45,0.05,157433,116,4976,,
1352,1.82,30.26,0.05,157606,116,4980,,
1353,1.88,29.91,0.05,157722,116,4984,,
1354,1.9,29.89,0.05,157835,116,4988,,
1355,1.85,29.4,0.05,157938,116,4992,,
1357,1.9,29.57,0.05,158092,116,4996,,
1359,1.92,29.6,0.05,158206,116,5000,,
1359,1.92,29.42,0.05,158297,116,5004,,
1360,1.86,29.33,0.05,158410,116,5008,,
1361,1.87,29.2,0.05,158517,116,5012,,
1362,1.87,29.16,0.05,158628,116,5016,,
1363,1.82,28.86,0.05,158770,116,5020,,
1364,1.84,28.88,0.05,158884,116,5024,,
1365,1.9,29.11,0.05,159004,116,5028,,
1366,1.98,29.37,0.05,159130,116,5032,,
1367,2.0,29.58,0.05,159263,116,5036,,
1368,2.01,29.84,0.05,159391,116,5040,,
1369,2.02,29.89,0.05,159504,116,5044,,
1370,2.02,29.74,0.05,159613,116,5048,,
1371,2.05,30.07,0.05,159731,116,5052,,
1373,2.05,30.02,0.05,159845,116,5056,,
1374,2.1,30.28,0.05,159975,116,5060,,
1377,2.08,30.56,0.05,160122,116,5064,,
1378,2.06,30.67,0.05,160235,116,5068,,
1379,1.98,30.3,0.05,160352,116,5072,,
1380,1.96,30.19,0.05,160452,116,5076,,
1381,1.96,29.7,0.05,160576,116,5080,,
1382,1.93,29.99,0.05,160721,116,5084,,
1382,1.93,30.01,0.05,160836,116,5088,,
1384,2.0,30.29,0.05,160967,116,5092,,
1385,2.0,30.17,0.05,161109,116,5096,,
1387,1.99,30.1,0.05,161216,116,5100,,
1389,2.01,30.68,0.05,161365,116,5104,,
1390,2.06,30.95,0.05,161505,116,5108,,
1391,2.04,31.21,0.05,161638,116,5112,,
1392,2.01,30.91,0.05,161719,116,5116,,
1392,1.98,30.61,0.05,161831,116,5120,,
1393,1.99,30.88,0.05,161972,116,5124,,
1394,1.96,30.79,0.05,162083,116,5128,,
1395,1.9,30.79,0.05,162209,116,5132,,
1396,1.89,30.79,0.05,162342,116,5136,,
1397,1.89,30.42,0.05,162433,116,5140,,
1398,1.92,30.41,0.05,162545,116,5144,,
1399,1.9,30.7,0.05,162683,116,5148,,
1400,1.89,30.84,0.05,162815,116,5152,,
1402,1.88,31.14,0.05,162959,116,5156,,
1403,1.83,30.88,0.05,163063,116,5160,,
1404,1.84,30.29,0.05,163151,116,5164,,
1405,1.85,30.36,0.05,163271,116,5168,,
1407,1.88,30.72,0.05,163424,116,5172,,
1408,1.9,31.1,0.05,163562,116,5176,,
1408,1.9,30.94,0.05,163670,116,5180,,
1410,1.9,31.29,0.05,163850,116,5184,,
1411,1.96,31.87,0.05,164023,116,5188,,
1412,1.91,31.7,0.05,164137,116,5192,,
1413,1.88,31.57,0.05,164266,116,5196,,
1414,1.86,31.59,0.05,164375,116,5200,,
1415,1.86,31.83,0.05,164548,116,5204,,
1417,1.85,31.91,0.05,164696,116,5208,,
1418,1.85,31.62,0.05,164800,116,5212,,
1419,1.89,32.17,0.05,164936,116,5216,,
1421,1.94,32.32,0.05,165063,116,5220,,
1421,1.94,32.02,0.05,165174,116,5224,,
1423,1.98,32.7,0.05,165353,116,5228,,
1424,2.02,32.68,0.05,165477,116,5232,,
1424,1.98,32.14,0.05,165556,116,5236,,
1425,1.97,32.16,0.05,165649,116,5240,,
1426,1.95,32.12,0.05,165757,116,5244,,
1427,2.02,32.2,0.05,165903,116,5248,,
1428,2.03,32.39,0.05,166054,116,5252,,
1429,2.05,32.04,0.05,166163,116,5256,,
1430,2.04,32.28,0.05,166291,116,5260,,
1431,2.08,32.6,0.05,166411,116,5264,,
1433,2.13,32.8,0.05,166551,116,5268,,
1435,2.11,32.55,0.05,166679,116,5272,,
1436,2.09,32.24,0.05,166786,116,5276,,
1437,2.16,32.5,0.05,166920,116,5280,,
1438,2.21,32.18,0.05,167068,116,5284,,
1439,2.16,31.68,0.05,167191,116,5288,,
1440,2.17,31.66,0.05,167303,116,5292,,
1440,2.15,31.56,0.05,167422,116,5296,,
1441,2.16,31.51,0.05,167526,116,5300,,
1442,2.17,31.0,0.05,167648,116,5304,,
1443,2.19,30.69,0.05,167765,116,5308,,
1444,2.19,30.63,0.05,167863,116,5312,,
1444,2.15,30.22,0.05,167958,116,5316,,
1445,2.14,30.05,0.05,168068,116,5320,,
1447,2.14,29.97,0.05,168171,116,5324,,
1448,2.11,29.21,0.05,168274,116,5328,,
1449,2.1,29.07,0.05,168384,116,5332,,
1451,2.16,29.55,0.05,168511,116,5336,,
1452,2.24,30.23,0.05,168672,116,5340,,
1453,2.27,30.72,0.05,168829,116,5344,,
1454,2.21,30.5,0.05,168953,116,5348,,
1455,2.21,30.13,0.05,169067,116,5352,,
1456,2.26,30.83,0.05,169246,116,5356,,
1458,2.35,31.67,0.05,169458,116,5360,,
1459,2.35,32.03,0.05,169614,116,5364,,
1461,2.38,33.14,0.05,169865,116,5368,,
1465,2.44,33.46,0.05,170025,116,5372,,
1465,2.46,33.51,0.05,170137,116,5376,,
1467,2.48,34.32,0.05,170352,116,5380,,
1469,2.53,34.73,0.05,170541,116,5384,,
1469,2.52,34.62,0.05,170653,116,5388,,
1470,2.53,34.71,0.05,170774,116,5392,,
1471,2.49,34.72,0.05,170894,116,5396,,
1473,2.54,35.34,0.05,171060,116,5400,,
1474,2.55,35.86,0.05,171234,116,5404,,
1475,2.55,36.08,0.05,171373,116,5408,,
1477,2.61,36.72,0.05,171535,116,5412,,
1479,2.64,36.87,0.05,171645,116,5416,,
1480,2.62,37.21,0.05,171789,116,5420,,
1481,2.61,37.33,0.05,171904,116,5424,,
1482,2.63,37.43,0.05,172017,116,5428,,
1483,2.68,37.69,0.05,172153,116,5432,,
1484,2.64,37.6,0.05,172271,116,5436,,
1484,2.51,36.6,0.05,172332,116,5440,,
1485,2.44,35.93,0.05,172422,116,5444,,
1485,2.37,35.16,0.05,172469,116,5448,,
1487,2.38,35.44,0.05,172611,116,5452,,
1487,2.23,34.2,0.05,172666,116,5456,,
1488,2.21,33.48,0.05,172806,116,5460,,
1489,2.18,33.05,0.05,172919,116,5464,,
1490,2.1,31.7,0.05,173035,116,5468,,
1491,2.05,31.22,0.05,173147,116,5472,,
1492,2.02,30.97,0.05,173234,116,5476,,
1494,1.95,30.28,0.05,173380,116,5480,,
1496,1.87,29.93,0.05,173534,115,5484,,
1496,1.81,29.64,0.05,173617,115,5488,,
1497,1.86,29.87,0.05,173761,116,5492,,
1499,1.97,30.42,0.05,173936,116,5496,,
1499,1.92,29.78,0.05,174038,116,5500,,
1500,1.91,29.21,0.05,174155,116,5504,,
1501,1.91,29.17,0.05,174290,116,5508,,
1502,1.86,28.52,0.05,174387,116,5512,,
1503,1.82,28.49,0.05,174494,116,5516,,
1504,1.84,28.11,0.05,174600,116,5520,,
1504,1.84,27.99,0.05,174703,116,5524,,
1505,1.85,28.17,0.05,174834,116,5528,,
,,,0.05,175000,,,1.75,38.25
1509,1.89,29.11,0.05,175064,115,5532,,
1511,1.89,29.11,0.05,175182,115,5536,,
1512,1.96,30.05,0.05,175337,115,5540,,
1513,2.0,30.24,0.05,175446,115,5544,,
1515,2.14,31.93,0.05,175662,115,5548,,
1516,2.18,32.04,0.05,175815,115,5552,,
1517,2.26,32.73,0.05,175939,115,5556,,
1518,2.17,32.78,0.05,176084,115,5560,,
1519,2.23,33.1,0.05,176229,115,5564,,
1520,2.24,33.48,0.05,176383,116,5568,,
1520,2.15,32.81,0.05,176428,116,5572,,
1522,2.21,33.72,0.05,176606,116,5576,,
1523,2.17,33.15,0.05,176695,115,5580,,
1525,2.18,33.13,0.05,176847,115,5584,,
1527,2.27,34.32,0.05,177049,115,5588,,
1528,2.2,34.14,0.05,177175,115,5592,,
1529,2.17,34.09,0.05,177345,115,5596,,
1530,2.17,34.17,0.05,177455,115,5600,,
1531,2.18,34.53,0.05,177608,115,5604,,
1533,2.25,35.45,0.05,177835,115,5608,,
1534,2.29,35.83,0.05,177970,115,5612,,
1535,2.32,35.79,0.05,178073,115,5616,,
1536,2.34,36.14,0.05,178214,116,5620,,
1537,2.37,36.23,0.05,178326,116,5624,,
1539,2.44,36.84,0.05,178518,115,5628,,
1540,2.31,35.59,0.05,178623,115,5632,,
1542,2.37,35.81,0.05,178763,115,5636,,
1543,2.37,35.54,0.05,178891,115,5640,,
1543,2.34,35.35,0.05,178981,115,5644,,
1544,2.27,34.34,0.05,179096,115,5648,,
1545,2.22,34.14,0.05,179229,115,5652,,
1546,2.21,34.05,0.05,179344,115,5656,,
1547,2.22,33.81,0.05,179465,115,5660,,
1548,2.18,33.51,0.05,179580,115,5664,,
1549,2.15,33.06,0.05,179689,115,5668,,
1549,2.2,33.5,0.05,179778,116,5672,,
1550,2.14,32.61,0.05,179867,116,5676,,
1553,2.19,33.08,0.05,180003,115,5680,,
1555,2.22,33.32,0.05,180179,115,5684,,
1557,2.22,33.07,0.05,180356,115,5688,,
1558,2.19,33.2,0.05,180495,115,5692,,
1559,2.2,32.72,0.05,180617,115,5696,,
1560,2.31,33.62,0.05,180817,115,5700,,
1561,2.27,33.05,0.05,180913,115,5704,,
1562,2.21,32.61,0.05,181096,115,5708,,
1563,2.2,32.47,0.05,181217,115,5712,,
1564,2.2,32.77,0.05,181350,115,5716,,
1565,2.12,32.47,0.05,181461,115,5720,,
1566,2.09,32.4,0.05,181566,115,5724,,
1568,2.05,32.33,0.05,181751,115,5728,,
1569,2.05,32.31,0.05,181854,115,5732,,
1571,2.08,32.66,0.05,182029,115,5736,,
1572,2.17,33.4,0.05,182231,115,5740,,
1573,2.16,33.46,0.05,182327,115,5744,,
1574,2.09,32.74,0.05,182370,115,5748,,
1575,2.09,33.01,0.05,182530,115,5752,,
1576,2.15,33.32,0.05,182676,115,5756,,
1577,2.16,33.19,0.05,182784,115,5760,,
1578,2.21,33.65,0.05,182945,115,5764,,
1579,2.25,34.23,0.05,183112,115,5768,,
1581,2.29,35.06,0.05,183284,115,5772,,
1583,2.38,36.2,0.05,183487,115,5776,,
1584,2.31,35.63,0.05,183566,115,5780,,
1585,2.28,35.37,0.05,183716,115,5784,,
1586,2.26,34.8,0.05,183836,115,5788,,
1587,2.27,34.37,0.05,183932,115,5792,,
1588,2.24,34.61,0.05,184078,115,5796,,
1589,2.13,34.0,0.05,184217,115,5800,,
1590,2.17,34.39,0.05,184352,115,5804,,
1591,2.17,33.9,0.05,184486,115,5808,,
1593,2.2,34.29,0.05,184646,115,5812,,
1593,2.21,34.08,0.05,184758,115,5816,,
1594,2.26,34.17,0.05,184878,115,5820,,
1595,2.3,34.59,0.05,185025,115,5824,,
1598,2.29,34.63,0.05,185214,115,5828,,
1599,2.31,34.76,0.05,185330,115,5832,,
1601,2.26,34.53,0.05,185482,115,5836,,
1602,2.2,33.86,0.05,185617,115,5840,,
1602,2.18,33.99,0.05,185726,115,5844,,
1603,2.24,34.38,0.05,185808,115,5848,,
1604,2.25,34.07,0.05,185937,115,5852,,
1605,2.26,34.58,0.05,186134,115,5856,,
1606,2.22,34.17,0.05,186201,115,5860,,
1607,2.17,33.75,0.05,186320,115,5864,,
1608,2.18,33.53,0.05,186465,115,5868,,
1609,2.21,33.25,0.05,186609,115,5872,,
1610,2.09,31.88,0.05,186675,115,5876,,
1610,2.06,31.61,0.05,186727,115,5880,,
1611,1.97,30.74,0.05,186790,115,5884,,
1611,1.89,30.08,0.05,186844,115,5888,,
1612,1.85,29.76,0.05,186908,115,5892,,
1614,1.86,29.88,0.05,187066,115,5896,,
1615,1.84,29.32,0.05,187149,115,5900,,
1616,1.85,29.51,0.05,187303,115,5904,,
1618,1.83,29.94,0.05,187480,115,5908,,
1619,1.79,29.93,0.05,187639,115,5912,,
1620,1.86,31.09,0.05,187867,115,5916,,
1621,1.88,31.26,0.05,188004,115,5920,,
1623,1.91,31.8,0.05,188205,115,5924,,
1624,1.87,30.94,0.05,188308,115,5928,,
1625,1.89,31.02,0.05,188432,115,5932,,
1626,1.9,31.17,0.05,188599,115,5936,,
1628,1.89,31.23,0.05,188740,115,5940,,
1629,1.93,31.15,0.05,188841,115,5944,,
1631,1.97,31.7,0.05,188978,115,5948,,
1632,2.02,32.72,0.05,189209,115,5952,,
1633,1.93,31.91,0.05,189325,115,5956,,
1634,2.0,32.61,0.05,189462,115,5960,,
1635,1.98,32.56,0.05,189576,115,5964,,
1636,1.94,32.23,0.05,189688,115,5968,,
1637,1.91,32.18,0.05,189827,115,5972,,
1638,1.98,32.74,0.05,189949,115,5976,,
1640,2.05,33.18,0.05,190045,115,5980,,
1641,2.08,33.4,0.05,190130,115,5984,,
1642,2.13,33.98,0.05,190242,115,5988,,
1644,2.26,35.17,0.05,190425,115,5992,,
1646,2.25,34.97,0.05,190563,115,5996,,
1647,2.24,34.91,0.05,190640,115,6000,,
1648,2.18,34.55,0.05,190758,115,6004,,
1648,2.16,33.85,0.05,190865,115,6008,,
1649,2.12,33.28,0.05,190967,115,6012,,
1651,2.07,32.78,0.05,191145,115,6016,,
1651,1.98,32.04,0.05,191208,115,6020,,
1652,1.89,31.29,0.05,191334,115,6024,,
1653,1.81,30.81,0.05,191389,115,6028,,
1654,1.78,30.97,0.05,191529,115,6032,,
1655,1.75,30.83,0.05,191682,115,6036,,
1656,1.77,31.53,0.05,191893,115,6040,,
1659,1.85,32.59,0.05,192100,115,6044,,
1660,1.82,32.58,0.05,192236,115,6048,,
1662,1.87,32.27,0.05,192436,115,6052,,
1663,1.91,32.43,0.05,192568,115,6056,,
1664,1.91,32.45,0.05,192707,115,6060,,
1666,2.05,34.19,0.05,192995,115,6064,,
1667,2.11,34.6,0.05,193148,115,6068,,
1669,2.14,34.61,0.05,193288,115,6072,,
1670,2.21,35.64,0.05,193513,115,6076,,
1672,2.3,36.4,0.05,193685,115,6080,,
1674,2.44,37.79,0.05,193909,115,6084,,
1675,2.44,37.67,0.05,194009,115,6088,,
1677,2.38,36.93,0.05,194118,115,6092,,
1678,2.38,37.05,0.05,194268,115,6096,,
1679,2.43,37.57,0.05,194397,115,6100,,
1680,2.45,37.52,0.05,194510,115,6104,,
1681,2.46,37.7,0.05,194635,115,6108,,
1682,2.52,38.53,0.05,194820,115,6112,,
1683,2.53,38.25,0.05,194970,115,6116,,
1684,2.62,38.94,0.05,195102,115,6120,,
1685,2.73,39.26,0.05,195260,115,6124,,
1686,2.83,39.97,0.05,195386,115,6128,,
1688,2.92,40.62,0.05,195591,115,6132,,
1690,2.9,40.13,0.05,195695,115,6136,,
1691,2.85,39.01,0.05,195794,115,6140,,
1692,2.8,38.13,0.05,195913,115,6144,,
1693,2.8,37.84,0.05,196020,115,6148,,
1694,2.76,37.64,0.05,196200,115,6152,,
1696,2.78,38.14,0.05,196382,115,6156,,
1697,2.79,38.51,0.05,196558,115,6160,,
1698,2.66,36.76,0.05,196671,115,6164,,
1699,2.62,36.34,0.05,196782,115,6168,,
1699,2.57,36.05,0.05,196893,115,6172,,
1700,2.48,34.85,0.05,196998,115,6176,,
1701,2.42,34.46,0.05,197131,115,6180,,
1702,2.3,33.5,0.05,197259,115,6184,,
1704,2.34,33.71,0.05,197380,115,6188,,
1706,2.39,34.52,0.05,197570,115,6192,,
1708,2.36,34.77,0.05,197745,115,6196,,
1709,2.38,35.44,0.05,197941,115,6200,,
1710,2.42,35.8,0.05,198090,115,6204,,
1711,2.47,36.23,0.05,198258,115,6208,,
1712,2.46,35.5,0.05,198370,115,6212,,
1713,2.4,35.01,0.05,198471,115,6216,,
1714,2.38,34.77,0.05,198579,115,6220,,
1715,2.3,34.34,0.05,198694,115,6224,,
1716,2.27,34.43,0.05,198829,115,6228,,
1717,2.19,33.78,0.05,198969,115,6232,,
1719,2.21,34.14,0.05,199109,115,6236,,
1720,2.26,34.8,0.05,199274,115,6240,,
1722,2.21,34.71,0.05,199384,115,6244,,
1723,2.2,35.23,0.05,199543,115,6248,,
1724,2.11,34.57,0.05,199657,115,6252,,
1726,2.14,34.78,0.05,199860,115,6256,,
1727,2.14,34.4,0.05,199998,115,6260,,
,,,0.05,200000,,,4.5,59.0
