rollout/ep_len_mean,time/total_timesteps,time/episodes,time/time_elapsed,rollout/exploration_rate,time/fps,rollout/ep_rew_mean,eval/mean_reward,eval/mean_ep_length
18.5,74,4,0,0.9988283333333334,142,0.0,,
19.5,156,8,1,0.99753,80,0.5,,
21.583333333333332,259,12,2,0.9958991666666666,104,0.6666666666666666,,
19.6875,315,16,2,0.9950125000000001,113,0.5,,
19.05,381,20,3,0.9939674999999999,120,0.5,,
19.291666666666668,463,24,3,0.9926691666666668,129,0.5833333333333334,,
19.464285714285715,545,28,4,0.9913708333333334,135,0.6071428571428571,,
20.25,648,32,4,0.98974,142,0.65625,,
19.75,711,36,4,0.9887425000000001,145,0.5833333333333334,,
20.325,813,40,5,0.9871275,149,0.525,,
20.431818181818183,899,44,5,0.9857658333333332,152,0.5454545454545454,,
20.4375,981,48,6,0.9844674999999998,155,0.5625,,
20.76923076923077,1080,52,6,0.9829000000000001,158,0.5961538461538461,,
21.160714285714285,1185,56,7,0.9812375000000001,160,0.6071428571428571,,
20.9,1254,60,7,0.980145,161,0.6166666666666667,,
21.390625,1369,64,8,0.9783241666666667,164,0.671875,,
21.102941176470587,1435,68,8,0.9772791666666665,165,0.6470588235294118,,
21.583333333333332,1554,72,9,0.9753949999999998,167,0.6666666666666666,,
21.86842105263158,1662,76,9,0.9736849999999999,168,0.6578947368421053,,
22.025,1762,80,10,0.9721016666666668,169,0.6875,,
22.202380952380953,1865,84,10,0.9704708333333333,170,0.7023809523809523,,
22.556818181818183,1985,88,11,0.9685708333333335,171,0.7386363636363636,,
22.98913043478261,2115,92,12,0.9665125,170,0.7282608695652174,,
22.916666666666668,2200,96,13,0.9651666666666666,167,0.7395833333333334,,
23.21,2321,100,14,0.9632508333333334,164,0.78,,
23.72,2446,104,15,0.9612716666666667,161,0.85,,
23.71,2527,108,15,0.9599891666666668,160,0.83,,
23.26,2585,112,16,0.9590708333333334,158,0.8,,
23.54,2669,116,16,0.9577408333333332,159,0.83,,
23.46,2727,120,17,0.9568225000000001,159,0.81,,
23.67,2830,124,17,0.9551916666666667,160,0.81,,
23.72,2917,128,18,0.9538141666666669,161,0.8,,
23.41,2989,132,18,0.9526741666666667,161,0.77,,
23.81,3092,136,18,0.9510433333333332,162,0.79,,
23.56,3169,140,19,0.9498241666666667,163,0.82,,
23.25,3224,144,19,0.9489533333333333,163,0.79,,
23.82,3363,148,20,0.9467524999999999,164,0.82,,
23.71,3451,152,20,0.9453591666666666,165,0.8,,
23.97,3582,156,21,0.943285,166,0.84,,
24.08,3662,160,21,0.9420183333333332,166,0.84,,
23.79,3748,164,22,0.9406566666666667,166,0.8,,
23.97,3832,168,22,0.9393266666666668,167,0.81,,
23.9,3944,172,23,0.9375533333333335,168,0.79,,
23.71,4033,176,23,0.9361441666666667,168,0.82,,
23.58,4120,180,24,0.9347666666666669,169,0.8,,
23.7,4235,184,24,0.9329458333333335,169,0.78,,
23.95,4380,188,25,0.9306499999999999,170,0.78,,
23.48,4463,192,26,0.9293358333333335,171,0.8,,
23.59,4559,196,26,0.9278158333333333,171,0.79,,
23.31,4652,200,27,0.9263433333333335,169,0.75,,
22.84,4730,204,28,0.9251083333333335,168,0.69,,
22.85,4812,208,28,0.9238100000000001,167,0.7,,
23.27,4912,212,29,0.9222266666666665,166,0.72,,
23.47,5016,216,30,0.9205800000000001,165,0.73,,
23.58,5085,220,30,0.9194874999999999,165,0.75,,
23.19,5149,224,31,0.9184741666666666,165,0.72,,
23.48,5265,228,31,0.9166374999999999,166,0.77,,
23.6,5349,232,32,0.9153074999999999,166,0.78,,
23.62,5454,236,32,0.9136449999999999,166,0.82,,
23.54,5523,240,33,0.9125525000000002,167,0.81,,
24.37,5661,244,33,0.9103674999999999,167,0.87,,
24.16,5779,248,34,0.9084991666666666,168,0.86,,
23.89,5840,252,34,0.9075333333333333,168,0.85,,
23.57,5939,256,35,0.9059658333333332,168,0.82,,
23.77,6039,260,35,0.9043825000000001,169,0.87,,
23.55,6103,264,36,0.9033691666666668,169,0.85,,
23.64,6196,268,36,0.9018966666666667,169,0.86,,
23.64,6308,272,37,0.9001233333333333,169,0.9,,
23.53,6386,276,37,0.8988883333333333,170,0.86,,
23.46,6466,280,38,0.8976216666666668,170,0.85,,
22.93,6528,284,38,0.89664,170,0.85,,
22.25,6605,288,38,0.8954208333333334,170,0.81,,
22.29,6692,292,39,0.8940433333333332,170,0.8,,
22.69,6828,296,39,0.8918900000000002,171,0.84,,
23.23,6975,300,40,0.8895625,170,0.87,,
23.57,7087,304,41,0.8877891666666666,169,0.89,,
23.43,7155,308,42,0.8867125,169,0.87,,
23.44,7256,312,43,0.8851133333333334,168,0.87,,
23.57,7373,316,44,0.8832608333333332,167,0.87,,
23.87,7472,320,44,0.8816933333333336,166,0.86,,
23.85,7534,324,45,0.8807116666666668,166,0.87,,
23.9,7655,328,45,0.8787958333333331,167,0.86,,
24.21,7770,332,46,0.8769749999999998,167,0.92,,
24.52,7906,336,47,0.8748216666666668,168,0.91,,
25.12,8035,340,47,0.8727791666666668,168,0.93,,
24.37,8098,344,48,0.8717816666666666,168,0.89,,
24.07,8186,348,48,0.8703883333333333,168,0.89,,
24.34,8274,352,48,0.868995,169,0.93,,
24.68,8407,356,49,0.8668891666666665,169,0.93,,
24.86,8525,360,50,0.8650208333333332,169,0.9,,
25.37,8640,364,50,0.8632,170,0.95,,
25.3,8726,368,51,0.8618383333333332,170,0.98,,
24.85,8793,372,51,0.8607775,170,0.94,,
25.11,8897,376,52,0.8591308333333334,170,0.97,,
25.14,8980,380,52,0.8578166666666664,170,0.97,,
25.3,9058,384,52,0.8565816666666665,171,0.98,,
25.53,9158,388,53,0.8549983333333333,171,1.02,,
25.43,9235,392,53,0.8537791666666668,171,1.01,,
24.79,9307,396,54,0.8526391666666667,171,0.96,,
24.83,9458,400,55,0.8502483333333332,170,0.95,,
24.93,9580,404,56,0.8483166666666665,169,0.96,,
25.22,9677,408,57,0.8467808333333333,169,0.99,,
25.1,9766,412,58,0.8453716666666665,168,1.0,,
24.89,9862,416,58,0.8438516666666668,167,1.0,,
24.92,9964,420,59,0.8422366666666667,167,1.04,,
25.47,10081,424,60,0.8403841666666665,167,1.04,,
25.06,10161,428,60,0.8391175000000001,167,1.0,,
25.15,10285,432,61,0.8371541666666665,167,1.0,,
24.75,10381,436,61,0.8356341666666667,168,0.99,,
24.09,10444,440,62,0.8346366666666665,168,0.96,,
24.53,10551,444,62,0.8329425,168,1.02,,
24.54,10640,448,63,0.8315333333333332,168,0.98,,
25.68,10842,452,64,0.828335,169,1.06,,
25.02,10909,456,64,0.8272741666666668,169,1.04,,
24.83,11008,460,65,0.8257066666666668,169,1.02,,
24.37,11077,464,65,0.8246141666666666,169,0.98,,
24.14,11140,468,65,0.8236166666666668,169,0.93,,
24.47,11240,472,66,0.8220333333333333,169,0.93,,
24.81,11378,476,66,0.8198483333333333,169,0.94,,
24.9,11470,480,67,0.8183916666666666,169,0.94,,
24.91,11549,484,67,0.8171408333333332,169,0.92,,
24.8,11638,488,68,0.8157316666666667,169,0.88,,
25.09,11744,492,69,0.8140533333333333,169,0.89,,
25.9,11897,496,70,0.8116308333333333,168,0.95,,
25.2,11978,500,71,0.8103483333333333,168,0.92,,
24.89,12069,504,71,0.8089075000000001,167,0.92,,
24.91,12168,508,72,0.80734,167,0.93,,
24.83,12249,512,73,0.8060575,166,0.94,,
25.04,12366,516,74,0.8042049999999998,166,0.95,,
25.42,12506,520,74,0.8019883333333334,167,0.96,,
25.07,12588,524,75,0.80069,167,0.98,,
25.26,12687,528,75,0.7991225,167,1.0,,
25.36,12821,532,76,0.7970008333333334,167,1.01,,
25.69,12950,536,77,0.7949583333333334,167,1.03,,
26.0,13044,540,77,0.7934699999999999,167,1.05,,
25.98,13149,544,78,0.7918075000000002,167,1.03,,
25.72,13212,548,78,0.79081,167,1.05,,
24.67,13309,552,79,0.7892741666666667,168,0.95,,
25.0,13409,556,79,0.7876908333333332,168,0.98,,
24.91,13499,560,80,0.7862658333333334,168,1.03,,
24.9,13567,564,80,0.7851891666666667,168,1.04,,
25.14,13654,568,81,0.7838116666666665,168,1.04,,
24.86,13726,572,81,0.7826716666666668,168,1.03,,
24.5,13828,576,82,0.7810566666666667,168,1.01,,
24.26,13896,580,82,0.7799800000000001,168,1.0,,
24.38,13987,584,82,0.7785391666666668,168,1.03,,
24.06,14044,588,83,0.7776366666666669,168,1.02,,
24.24,14168,592,84,0.7756733333333333,168,1.04,,
24.08,14305,596,85,0.7735041666666664,167,1.0,,
24.94,14472,600,86,0.7708600000000001,166,1.08,,
24.9,14559,604,87,0.7694825000000002,166,1.09,,
24.61,14629,608,87,0.7683741666666666,166,1.05,,
24.76,14725,612,88,0.7668541666666665,166,1.03,,
24.51,14817,616,88,0.7653975000000002,166,1.02,,
23.73,14879,620,89,0.7644158333333334,166,0.98,,
23.83,14971,624,89,0.7629591666666666,166,0.98,,
24.07,15094,628,90,0.7610116666666665,166,0.99,,
23.68,15189,632,91,0.7595074999999999,166,0.92,,
23.3,15280,636,91,0.7580666666666666,166,0.9,,
23.26,15370,640,92,0.7566416666666668,166,0.9,,
23.0,15449,644,92,0.7553908333333332,166,0.86,,
23.24,15536,648,93,0.7540133333333334,167,0.88,,
22.89,15598,652,93,0.7530316666666667,167,0.85,,
22.72,15681,656,93,0.7517174999999998,167,0.83,,
22.82,15781,660,94,0.7501341666666667,167,0.79,,
22.91,15858,664,94,0.748915,167,0.82,,
23.05,15959,668,95,0.7473158333333332,167,0.85,,
23.46,16072,672,95,0.7455266666666667,167,0.89,,
23.43,16171,676,96,0.7439591666666666,167,0.9,,
23.47,16243,680,96,0.7428191666666666,167,0.92,,
23.51,16338,684,97,0.741315,167,0.93,,
23.94,16438,688,98,0.7397316666666667,167,0.95,,
23.72,16540,692,98,0.7381166666666666,167,0.97,,
23.41,16646,696,99,0.7364383333333333,166,0.97,,
23.04,16776,700,100,0.7343800000000001,166,0.91,,
22.79,16838,704,101,0.7333983333333334,165,0.87,,
23.71,17000,708,102,0.7308333333333334,165,0.92,,
24.24,17149,712,103,0.7284741666666668,165,1.0,,
24.32,17249,716,104,0.7268908333333333,165,1.01,,
25.06,17385,720,104,0.7247374999999999,165,1.09,,
25.0,17471,724,105,0.7233758333333334,165,1.08,,
25.31,17625,728,106,0.7209375,166,1.1,,
25.16,17705,732,106,0.7196708333333335,166,1.1,,
24.85,17765,736,106,0.7187208333333333,166,1.07,,
24.65,17835,740,107,0.7176125,166,1.06,,
24.48,17897,744,107,0.7166308333333332,166,1.05,,
24.17,17953,748,108,0.7157441666666666,166,1.0,,
24.68,18066,752,108,0.7139549999999999,166,1.05,,
24.52,18133,756,109,0.7128941666666666,166,1.03,,
24.36,18217,760,109,0.7115641666666668,166,1.01,,
24.58,18316,764,110,0.7099966666666666,166,1.01,,
24.29,18388,768,110,0.7088566666666666,166,0.98,,
24.22,18494,772,111,0.7071783333333331,166,1.0,,
24.3,18601,776,111,0.7054841666666667,166,1.01,,
24.52,18695,780,112,0.7039958333333334,166,1.01,,
24.08,18746,784,113,0.7031883333333333,165,0.96,,
23.91,18829,788,113,0.7018741666666666,165,0.95,,
23.96,18936,792,114,0.70018,165,0.93,,
23.92,19038,796,115,0.698565,164,0.93,,
23.54,19130,800,116,0.6971083333333333,164,0.94,,
23.99,19237,804,117,0.6954141666666668,164,0.97,,
23.33,19333,808,117,0.6938941666666667,164,0.95,,
22.86,19435,812,118,0.6922791666666667,164,0.87,,
23.71,19620,816,119,0.6893500000000001,164,0.94,,
23.21,19706,820,119,0.6879883333333333,164,0.87,,
23.98,19869,824,120,0.6854075,164,0.92,,
23.45,19970,828,121,0.6838083333333334,164,0.87,,
23.61,20066,832,121,0.6822883333333332,164,0.9,,
24.98,20263,836,122,0.6791691666666666,164,0.95,,
25.99,20434,840,123,0.6764616666666667,165,1.03,,
25.99,20496,844,124,0.67548,165,1.02,,
26.77,20630,848,124,0.6733583333333335,165,1.06,,
26.5,20716,852,125,0.6719966666666666,165,1.03,,
27.18,20851,856,126,0.6698591666666667,165,1.13,,
27.43,20960,860,126,0.6681333333333334,165,1.18,,
27.69,21085,864,127,0.6661541666666667,165,1.21,,
28.63,21251,868,129,0.6635258333333334,164,1.3,,
28.5,21344,872,129,0.6620533333333332,164,1.27,,
28.14,21415,876,130,0.6609291666666666,163,1.23,,
28.11,21506,880,131,0.6594883333333332,163,1.23,,
28.14,21560,884,131,0.6586333333333333,163,1.23,,
28.43,21672,888,132,0.65686,163,1.26,,
28.25,21761,892,132,0.6554508333333332,163,1.26,,
28.5,21888,896,133,0.65344,163,1.3,,
28.12,21942,900,133,0.6525850000000001,163,1.25,,
27.74,22011,904,134,0.6514924999999999,163,1.25,,
27.58,22091,908,134,0.6502258333333335,163,1.22,,
27.85,22220,912,135,0.6481833333333333,163,1.24,,
26.58,22278,916,135,0.647265,163,1.12,,
26.4,22346,920,136,0.6461883333333334,163,1.1,,
25.61,22430,924,136,0.6448583333333334,163,1.07,,
25.68,22538,928,137,0.6431483333333334,164,1.09,,
25.84,22650,932,137,0.6413750000000001,164,1.1,,
25.38,22801,936,138,0.6389841666666666,164,1.13,,
24.36,22870,940,139,0.6378916666666667,164,1.05,,
24.27,22923,944,139,0.6370524999999999,164,1.05,,
24.11,23041,948,140,0.6351841666666667,164,1.06,,
23.94,23110,952,140,0.6340916666666665,164,1.04,,
24.1,23261,956,141,0.6317008333333334,164,1.04,,
24.17,23377,960,142,0.6298641666666667,164,1.02,,
24.06,23491,964,143,0.6280591666666668,164,1.01,,
23.4,23591,968,144,0.6264758333333332,163,0.97,,
23.36,23680,972,144,0.6250666666666664,163,0.99,,
23.73,23788,976,145,0.6233566666666666,163,1.02,,
23.64,23870,980,146,0.6220583333333335,163,1.01,,
24.15,23975,984,146,0.6203958333333335,163,1.07,,
24.07,24079,988,147,0.6187491666666666,163,1.07,,
24.07,24168,992,147,0.6173399999999998,163,1.03,,
23.65,24253,996,148,0.6159941666666668,163,0.97,,
24.0,24342,1000,148,0.614585,163,1.0,,
24.39,24450,1004,149,0.6128750000000001,163,1.0,,
24.6,24551,1008,150,0.6112758333333335,163,1.04,,
24.08,24628,1012,150,0.6100566666666666,163,1.02,,
24.47,24725,1016,151,0.6085208333333334,163,1.05,,
25.12,24858,1020,151,0.6064149999999999,163,1.07,,
25.0,24930,1024,152,0.6052749999999998,163,1.03,,
,25000,,,0.6041825000000001,,,0.5,23.75
24.91,25029,1028,153,0.6037074999999998,163,1.04,,
25.1,25160,1032,154,0.6016333333333332,163,1.05,,
24.39,25240,1036,154,0.6003666666666667,163,0.98,,
24.89,25359,1040,155,0.5984825,163,1.02,,
25.55,25478,1044,156,0.5965983333333333,163,1.06,,
25.32,25573,1048,156,0.5950941666666667,163,1.07,,
25.63,25673,1052,157,0.5935108333333332,162,1.1,,
24.88,25749,1056,158,0.5923075,162,1.01,,
24.53,25830,1060,159,0.591025,162,1.0,,
24.52,25943,1064,160,0.5892358333333333,162,0.98,,
24.49,26040,1068,160,0.5877000000000001,162,0.96,,
24.32,26112,1072,161,0.58656,162,0.92,,
24.26,26214,1076,161,0.5849449999999999,162,0.92,,
25.07,26377,1080,162,0.5823641666666666,162,0.98,,
24.64,26439,1084,162,0.5813824999999997,162,0.92,,
25.23,26602,1088,163,0.5788016666666668,162,0.97,,
25.19,26687,1092,164,0.5774558333333335,162,0.98,,
25.31,26784,1096,164,0.5759199999999999,162,1.01,,
25.73,26915,1100,165,0.5738458333333334,162,1.02,,
25.86,27036,1104,166,0.5719300000000002,162,1.03,,
25.76,27127,1108,166,0.5704891666666668,162,1.01,,
25.79,27207,1112,167,0.5692225,162,0.98,,
25.9,27315,1116,167,0.5675125,162,0.97,,
25.35,27393,1120,168,0.5662775,162,0.96,,
26.55,27585,1124,169,0.5632375000000001,162,1.06,,
26.4,27669,1128,169,0.5619075000000002,162,1.03,,
26.25,27785,1132,170,0.5600708333333335,162,1.02,,
26.6,27900,1136,171,0.5582500000000001,162,1.04,,
26.12,27971,1140,172,0.5571258333333331,162,1.01,,
26.43,28121,1144,173,0.5547508333333334,161,1.05,,
26.51,28224,1148,174,0.55312,161,1.04,,
27.26,28399,1152,175,0.5503491666666668,161,1.15,,
28.28,28577,1156,176,0.5475308333333333,161,1.19,,
28.43,28673,1160,177,0.5460108333333336,161,1.22,,
28.4,28783,1164,177,0.5442691666666666,161,1.21,,
28.83,28923,1168,178,0.5420525000000003,161,1.24,,
28.79,28991,1172,178,0.5409758333333334,161,1.22,,
28.61,29075,1176,179,0.5396458333333333,162,1.22,,
28.55,29232,1180,180,0.5371599999999999,162,1.23,,
28.67,29306,1184,180,0.5359883333333332,162,1.24,,
27.76,29378,1188,181,0.5348483333333334,162,1.15,,
27.97,29484,1192,181,0.53317,162,1.15,,
28.09,29593,1196,182,0.5314441666666666,162,1.17,,
27.98,29713,1200,183,0.5295441666666665,162,1.23,,
27.53,29789,1204,183,0.5283408333333334,162,1.2,,
27.55,29882,1208,184,0.5268683333333333,162,1.2,,
27.49,29956,1212,184,0.5256966666666665,162,1.21,,
27.34,30049,1216,185,0.5242241666666667,161,1.23,,
27.47,30140,1220,186,0.5227833333333332,161,1.27,,
26.59,30244,1224,187,0.5211366666666666,161,1.18,,
26.55,30324,1228,188,0.51987,161,1.19,,
25.86,30371,1232,188,0.5191258333333335,160,1.13,,
26.05,30505,1236,189,0.5170041666666666,161,1.15,,
26.53,30624,1240,190,0.5151199999999998,161,1.17,,
26.12,30733,1244,190,0.5133941666666668,161,1.15,,
25.84,30808,1248,191,0.5122066666666669,161,1.12,,
24.96,30895,1252,191,0.5108291666666666,161,1.04,,
23.99,30976,1256,192,0.5095466666666666,161,1.0,,
23.96,31069,1260,192,0.5080741666666664,161,0.97,,
24.06,31189,1264,193,0.5061741666666666,161,1.02,,
23.89,31312,1268,194,0.5042266666666666,161,1.0,,
24.15,31406,1272,194,0.5027383333333333,161,1.05,,
24.47,31522,1276,195,0.5009016666666666,161,1.06,,
23.78,31610,1280,195,0.4995083333333332,161,1.02,,
23.58,31664,1284,196,0.4986533333333333,161,1.01,,
24.44,31822,1288,196,0.49615166666666677,161,1.07,,
24.15,31899,1292,197,0.4949325000000002,161,1.08,,
24.31,32024,1296,197,0.49295333333333324,161,1.08,,
24.16,32129,1300,198,0.49129083333333323,161,1.03,,
23.93,32182,1304,199,0.49045166666666673,161,1.01,,
24.28,32310,1308,200,0.4884250000000001,161,1.07,,
25.87,32543,1312,202,0.4847358333333335,161,1.2,,
25.98,32647,1316,203,0.48308916666666657,160,1.22,,
26.09,32749,1320,203,0.48147416666666654,160,1.23,,
26.84,32928,1324,204,0.47863999999999995,160,1.3,,
26.92,33016,1328,205,0.4772466666666667,160,1.34,,
28.13,33184,1332,206,0.4745866666666664,160,1.45,,
27.65,33270,1336,206,0.473225,160,1.44,,
28.7,33494,1340,207,0.4696783333333333,161,1.51,,
28.82,33615,1344,208,0.4677625000000001,161,1.5,,
29.0,33708,1348,209,0.46629,161,1.54,,
29.54,33849,1352,210,0.4640575,161,1.57,,
30.02,33978,1356,210,0.46201500000000006,161,1.64,,
29.88,34057,1360,211,0.46076416666666653,161,1.65,,
29.87,34176,1364,211,0.45887999999999984,161,1.64,,
29.57,34269,1368,212,0.4574075000000001,161,1.65,,
29.35,34341,1372,212,0.45626750000000005,161,1.64,,
29.42,34464,1376,213,0.45431999999999995,161,1.69,,
30.4,34650,1380,215,0.45137499999999997,161,1.73,,
31.43,34807,1384,216,0.4488891666666669,160,1.81,,
31.07,34929,1388,217,0.4469575000000001,160,1.81,,
30.99,34998,1392,218,0.44586500000000007,160,1.8,,
30.99,35123,1396,218,0.4438858333333334,160,1.81,,
31.46,35275,1400,219,0.44147916666666687,160,1.83,,
32.18,35400,1404,220,0.4394999999999998,160,1.87,,
31.65,35475,1408,220,0.43831249999999977,160,1.8,,
30.16,35559,1412,221,0.43698249999999983,160,1.68,,
29.94,35641,1416,221,0.43568416666666687,160,1.65,,
29.71,35720,1420,222,0.43443333333333334,160,1.6,,
29.04,35832,1424,222,0.43266000000000004,160,1.57,,
29.54,35970,1428,223,0.43047499999999983,160,1.55,,
28.45,36029,1432,223,0.42954083333333326,160,1.45,,
28.26,36096,1436,224,0.4284800000000001,160,1.43,,
27.55,36249,1440,225,0.4260575,161,1.38,,
27.29,36344,1444,225,0.42455333333333334,161,1.38,,
27.78,36486,1448,226,0.42230500000000004,161,1.4,,
27.38,36587,1452,227,0.42070583333333345,161,1.34,,
26.72,36650,1456,227,0.41970833333333324,161,1.26,,
26.71,36728,1460,227,0.41847333333333325,161,1.24,,
26.35,36811,1464,228,0.41715916666666675,161,1.2,,
26.27,36896,1468,229,0.41581333333333337,160,1.15,,
26.43,36984,1472,230,0.4144200000000001,160,1.13,,
26.05,37069,1476,230,0.41307416666666674,160,1.07,,
25.44,37194,1480,232,0.4110950000000001,160,1.06,,
24.56,37263,1484,232,0.41000249999999994,160,1.02,,
24.59,37388,1488,233,0.4080233333333333,160,1.02,,
24.78,37476,1492,233,0.40663000000000005,160,1.03,,
24.38,37561,1496,234,0.40528416666666667,160,1.0,,
24.08,37683,1500,235,0.4033525,160,1.02,,
23.69,37769,1504,235,0.4019908333333332,160,1.04,,
24.01,37876,1508,236,0.40029666666666663,160,1.11,,
23.92,37951,1512,236,0.3991091666666666,160,1.12,,
24.92,38133,1516,237,0.3962275000000002,160,1.17,,
25.46,38266,1520,238,0.3941216666666667,160,1.22,,
25.27,38359,1524,238,0.3926491666666668,160,1.22,,
25.16,38486,1528,239,0.3906383333333333,160,1.26,,
25.93,38622,1532,240,0.38848499999999997,160,1.37,,
27.16,38812,1536,241,0.3854766666666667,160,1.44,,
27.04,38953,1540,242,0.3832441666666667,160,1.52,,
27.64,39108,1544,243,0.38078999999999985,160,1.57,,
27.33,39219,1548,244,0.3790324999999999,160,1.52,,
27.4,39327,1552,245,0.3773225,159,1.55,,
27.4,39390,1556,246,0.37632500000000013,159,1.54,,
27.93,39521,1560,247,0.3742508333333332,159,1.59,,
27.81,39592,1564,247,0.3731266666666666,159,1.58,,
27.86,39682,1568,248,0.3717016666666667,159,1.62,,
27.89,39773,1572,248,0.3702608333333335,159,1.62,,
28.95,39964,1576,249,0.36723666666666666,159,1.66,,
29.07,40101,1580,250,0.3650675000000002,159,1.69,,
29.19,40182,1584,251,0.3637849999999999,159,1.68,,
29.34,40322,1588,252,0.36156833333333316,159,1.72,,
29.34,40410,1592,252,0.3601749999999998,159,1.71,,
29.39,40500,1596,253,0.35875,160,1.69,,
29.69,40652,1600,253,0.35634333333333335,160,1.65,,
29.67,40736,1604,254,0.3550133333333334,160,1.65,,
29.49,40825,1608,254,0.3536041666666666,160,1.61,,
29.51,40902,1612,255,0.35238500000000006,160,1.61,,
28.55,40988,1616,255,0.35102333333333324,160,1.56,,
28.35,41101,1620,256,0.3492341666666665,160,1.55,,
28.23,41182,1624,257,0.34795166666666655,160,1.52,,
27.63,41249,1628,257,0.34689083333333337,159,1.46,,
27.17,41339,1632,258,0.34546583333333347,159,1.39,,
26.0,41412,1636,259,0.3443099999999999,159,1.33,,
25.71,41524,1640,260,0.3425366666666666,159,1.26,,
24.98,41606,1644,261,0.34123833333333353,159,1.21,,
24.6,41679,1648,261,0.34008249999999995,159,1.23,,
24.78,41805,1652,262,0.3380875,159,1.24,,
25.76,41966,1656,263,0.3355383333333335,159,1.31,,
26.14,42135,1660,264,0.33286250000000017,159,1.35,,
26.28,42220,1664,265,0.33151666666666646,159,1.38,,
26.33,42315,1668,265,0.3300124999999998,159,1.36,,
26.8,42453,1672,266,0.32782749999999994,159,1.42,,
25.62,42526,1676,266,0.3266716666666667,159,1.37,,
25.96,42697,1680,267,0.3239641666666666,159,1.36,,
25.94,42776,1684,268,0.3227133333333335,159,1.36,,
25.98,42920,1688,269,0.32043333333333335,159,1.33,,
26.81,43091,1692,270,0.3177258333333335,159,1.44,,
26.86,43186,1696,270,0.31622166666666685,159,1.47,,
26.29,43281,1700,271,0.3147175000000001,159,1.48,,
26.46,43382,1704,271,0.3131183333333335,159,1.47,,
26.46,43471,1708,272,0.3117091666666668,159,1.43,,
27.16,43618,1712,274,0.30938166666666667,159,1.51,,
26.93,43681,1716,274,0.3083841666666668,159,1.49,,
26.58,43759,1720,275,0.3071491666666668,158,1.45,,
26.54,43836,1724,276,0.3059299999999999,158,1.44,,
26.8,43929,1728,276,0.30445750000000005,158,1.44,,
26.65,44004,1732,277,0.30327000000000004,158,1.41,,
26.83,44095,1736,277,0.3018291666666667,158,1.44,,
26.66,44190,1740,278,0.30032500000000006,158,1.41,,
26.55,44261,1744,278,0.29920083333333336,158,1.39,,
28.07,44486,1748,279,0.2956383333333332,158,1.47,,
27.68,44573,1752,280,0.2942608333333334,159,1.43,,
27.02,44668,1756,280,0.2927566666666668,159,1.41,,
26.09,44744,1760,281,0.2915533333333332,159,1.33,,
26.21,44841,1764,281,0.29001750000000004,159,1.32,,
26.15,44930,1768,282,0.28860833333333324,159,1.33,,
26.61,45114,1772,283,0.2856949999999999,159,1.32,,
26.76,45202,1776,284,0.28430166666666656,159,1.34,,
26.16,45313,1780,284,0.2825441666666666,159,1.31,,
26.68,45444,1784,285,0.2804700000000001,159,1.36,,
26.35,45555,1788,286,0.2787124999999998,159,1.34,,
25.62,45653,1792,287,0.2771608333333335,159,1.28,,
25.5,45736,1796,287,0.2758466666666667,158,1.27,,
25.55,45836,1800,288,0.2742633333333335,158,1.28,,
26.04,45986,1804,290,0.2718883333333335,158,1.34,,
26.17,46088,1808,290,0.27027333333333337,158,1.42,,
25.62,46180,1812,291,0.2688166666666667,158,1.38,,
26.08,46289,1816,291,0.2670908333333333,158,1.44,,
26.03,46362,1820,292,0.26593500000000014,158,1.45,,
26.48,46484,1824,292,0.2640033333333335,158,1.51,,
26.53,46582,1828,293,0.26245166666666686,158,1.54,,
26.84,46688,1832,294,0.2607733333333334,158,1.58,,
27.07,46802,1836,294,0.25896833333333313,158,1.58,,
27.15,46905,1840,295,0.2573375000000001,158,1.59,,
27.93,47054,1844,296,0.2549783333333334,158,1.64,,
26.66,47152,1848,296,0.2534266666666668,158,1.57,,
27.07,47280,1852,297,0.2514000000000002,158,1.61,,
27.43,47411,1856,298,0.24932583333333336,158,1.65,,
27.58,47502,1860,299,0.24788500000000002,158,1.66,,
27.37,47578,1864,299,0.2466816666666669,158,1.66,,
27.19,47649,1868,300,0.24555749999999987,158,1.65,,
26.29,47743,1872,300,0.24406916666666667,158,1.65,,
27.06,47908,1876,302,0.24145666666666676,158,1.71,,
26.89,48002,1880,303,0.23996833333333323,158,1.69,,
26.58,48102,1884,304,0.23838500000000007,158,1.67,,
26.3,48185,1888,304,0.23707083333333312,158,1.66,,
26.44,48297,1892,305,0.23529750000000016,158,1.66,,
26.22,48358,1896,305,0.23433166666666683,158,1.63,,
26.12,48448,1900,306,0.2329066666666666,158,1.6,,
25.18,48504,1904,306,0.23201999999999978,158,1.49,,
24.93,48581,1908,307,0.23080083333333323,158,1.44,,
25.54,48734,1912,308,0.22837833333333313,158,1.48,,
25.44,48833,1916,308,0.2268108333333334,158,1.46,,
25.3,48892,1920,309,0.22587666666666661,158,1.43,,
24.89,48973,1924,309,0.22459416666666665,158,1.39,,
25.37,49119,1928,310,0.22228249999999994,158,1.43,,
25.26,49214,1932,310,0.2207783333333333,158,1.43,,
25.9,49392,1936,311,0.21795999999999982,158,1.51,,
26.11,49516,1940,312,0.21599666666666661,158,1.53,,
25.57,49611,1944,313,0.21449249999999997,158,1.5,,
25.63,49715,1948,313,0.2128458333333334,158,1.48,,
25.67,49847,1952,314,0.21075583333333348,158,1.48,,
25.46,49957,1956,315,0.2090141666666665,158,1.46,,
,50000,,,0.2083491666666668,,,1.5,23.5
25.52,50054,1960,317,0.20747833333333332,157,1.49,,
25.77,50155,1964,318,0.20587916666666684,157,1.5,,
25.96,50245,1968,319,0.2044541666666666,157,1.53,,
26.62,50405,1972,320,0.20192083333333355,157,1.55,,
26.0,50508,1976,320,0.20028999999999997,157,1.51,,
26.07,50609,1980,321,0.19869083333333348,157,1.52,,
26.05,50707,1984,321,0.19713916666666642,157,1.52,,
25.99,50784,1988,322,0.19592000000000032,157,1.5,,
25.85,50882,1992,323,0.19436833333333325,157,1.49,,
26.15,50973,1996,323,0.19292750000000003,157,1.52,,
26.18,51066,2000,324,0.19145499999999982,157,1.52,,
26.61,51165,2004,324,0.1898875000000001,157,1.59,,
26.95,51276,2008,325,0.1881299999999999,157,1.59,,
26.05,51339,2012,326,0.18713249999999992,157,1.49,,
25.93,51426,2016,326,0.18575499999999978,157,1.48,,
26.45,51537,2020,327,0.18399750000000026,157,1.56,,
26.44,51617,2024,327,0.1827308333333333,157,1.55,,
25.92,51711,2028,328,0.18124250000000008,157,1.49,,
26.26,51840,2032,329,0.17920000000000003,157,1.47,,
25.9,51982,2036,330,0.17695166666666684,157,1.42,,
25.57,52073,2040,331,0.1755108333333335,157,1.4,,
27.01,52312,2044,333,0.17172666666666658,156,1.54,,
26.55,52370,2048,333,0.17080833333333323,156,1.52,,
25.99,52446,2052,334,0.16960500000000012,156,1.47,,
25.7,52527,2056,334,0.16832250000000015,156,1.42,,
26.38,52692,2060,335,0.1657099999999998,157,1.42,,
26.45,52800,2064,336,0.16399999999999992,157,1.43,,
26.42,52887,2068,336,0.16262250000000011,157,1.41,,
25.67,52972,2072,337,0.16127666666666673,157,1.35,,
27.06,53214,2076,338,0.15744499999999995,157,1.44,,
26.85,53294,2080,339,0.1561783333333333,157,1.42,,
26.78,53385,2084,339,0.15473749999999975,157,1.4,,
27.65,53549,2088,340,0.15214083333333328,157,1.48,,
28.31,53713,2092,341,0.14954416666666692,157,1.53,,
28.58,53831,2096,342,0.14767583333333312,157,1.54,,
28.76,53942,2100,342,0.14591833333333337,157,1.56,,
29.98,54163,2104,344,0.14241916666666654,157,1.64,,
29.38,54214,2108,345,0.1416116666666669,157,1.6,,
29.61,54300,2112,345,0.14024999999999976,156,1.64,,
29.72,54398,2116,346,0.13869833333333337,156,1.67,,
29.64,54501,2120,347,0.13706750000000012,156,1.66,,
29.57,54574,2124,348,0.13591166666666687,156,1.67,,
29.66,54677,2128,348,0.1342808333333334,156,1.69,,
29.8,54820,2132,349,0.13201666666666667,156,1.72,,
29.29,54911,2136,350,0.13057583333333345,156,1.69,,
29.03,54976,2140,350,0.1295466666666667,156,1.65,,
27.46,55058,2144,351,0.1282483333333332,156,1.52,,
27.74,55144,2148,351,0.12688666666666681,156,1.58,,
28.11,55257,2152,352,0.12509750000000008,156,1.63,,
28.08,55335,2156,352,0.1238625000000001,156,1.66,,
27.91,55483,2160,353,0.12151916666666673,156,1.64,,
27.8,55580,2164,354,0.11998333333333311,156,1.64,,
27.83,55670,2168,355,0.11855833333333343,156,1.66,,
27.76,55748,2172,355,0.11732333333333345,156,1.65,,
26.39,55853,2176,356,0.11566083333333343,156,1.55,,
26.87,55981,2180,356,0.11363416666666648,156,1.63,,
26.95,56080,2184,357,0.11206666666666676,156,1.66,,
27.13,56262,2188,359,0.1091850000000002,156,1.69,,
27.49,56462,2192,361,0.1060183333333331,156,1.71,,
26.92,56523,2196,361,0.10505249999999988,156,1.68,,
26.48,56590,2200,362,0.1039916666666666,156,1.64,,
25.13,56676,2204,362,0.10263,156,1.53,,
26.85,56899,2208,363,0.09909916666666685,156,1.63,,
26.63,56963,2212,364,0.0980858333333332,156,1.59,,
26.45,57043,2216,364,0.09681916666666657,156,1.58,,
26.08,57109,2220,365,0.09577416666666694,156,1.53,,
26.12,57186,2224,365,0.09455499999999983,156,1.53,,
26.37,57314,2228,366,0.09252833333333343,156,1.56,,
25.8,57400,2232,366,0.09116666666666695,156,1.55,,
25.89,57500,2236,367,0.08958333333333346,156,1.54,,
26.2,57596,2240,368,0.08806333333333327,156,1.6,,
26.27,57685,2244,368,0.08665416666666681,156,1.58,,
26.46,57790,2248,369,0.08499166666666647,156,1.59,,
26.21,57878,2252,369,0.08359833333333322,156,1.59,,
26.39,57974,2256,370,0.08207833333333303,156,1.59,,
26.47,58130,2260,371,0.07960833333333306,156,1.62,,
26.41,58221,2264,372,0.07816750000000017,156,1.61,,
26.19,58289,2268,372,0.07709083333333344,156,1.58,,
26.33,58381,2272,373,0.07563416666666634,156,1.59,,
26.21,58474,2276,374,0.07416166666666668,156,1.56,,
25.92,58573,2280,375,0.07259416666666685,155,1.48,,
26.55,58735,2284,376,0.07002916666666659,155,1.51,,
25.77,58839,2288,377,0.06838250000000012,155,1.43,,
24.8,58942,2292,378,0.06675166666666654,155,1.35,,
25.21,59044,2296,378,0.06513666666666662,155,1.39,,
25.49,59139,2300,379,0.06363249999999987,155,1.41,,
25.14,59190,2304,379,0.06282500000000024,155,1.37,,
24.48,59347,2308,380,0.06033916666666672,155,1.38,,
24.65,59428,2312,381,0.05905666666666676,155,1.4,,
24.61,59504,2316,381,0.05785333333333331,155,1.39,,
24.88,59597,2320,382,0.056380833333333547,155,1.43,,
24.78,59664,2324,382,0.05532000000000015,155,1.42,,
24.97,59811,2328,383,0.052992499999999776,155,1.42,,
25.15,59915,2332,384,0.051345833333333535,155,1.43,,
25.09,60009,2336,384,0.05,155,1.47,,
25.22,60118,2340,385,0.05,155,1.48,,
25.05,60190,2344,386,0.05,155,1.46,,
25.05,60295,2348,386,0.05,155,1.4,,
25.22,60400,2352,387,0.05,155,1.4,,
25.56,60530,2356,388,0.05,155,1.4,,
24.64,60594,2360,389,0.05,155,1.33,,
24.78,60699,2364,390,0.05,155,1.32,,
24.69,60758,2368,391,0.05,155,1.31,,
24.62,60843,2372,391,0.05,155,1.33,,
24.73,60947,2376,392,0.05,155,1.35,,
25.21,61094,2380,393,0.05,155,1.37,,
24.49,61184,2384,393,0.05,155,1.34,,
24.51,61290,2388,394,0.05,155,1.33,,
24.22,61364,2392,395,0.05,155,1.33,,
23.81,61425,2396,395,0.05,155,1.28,,
23.46,61485,2400,395,0.05,155,1.24,,
23.62,61552,2404,396,0.05,155,1.25,,
23.02,61649,2408,396,0.05,155,1.18,,
22.91,61719,2412,397,0.05,155,1.18,,
22.9,61794,2416,397,0.05,155,1.18,,
23.15,61912,2420,398,0.05,155,1.18,,
23.47,62011,2424,399,0.05,155,1.23,,
22.77,62088,2428,399,0.05,155,1.16,,
22.81,62196,2432,400,0.05,155,1.16,,
22.91,62300,2436,400,0.05,155,1.15,,
23.37,62455,2440,402,0.05,155,1.19,,
23.39,62529,2444,402,0.05,155,1.21,,
23.25,62620,2448,403,0.05,155,1.23,,
23.14,62714,2452,404,0.05,154,1.22,,
22.41,62771,2456,405,0.05,154,1.19,,
22.91,62885,2460,406,0.05,154,1.25,,
22.92,62991,2464,406,0.05,154,1.28,,
23.41,63099,2468,407,0.05,154,1.33,,
23.46,63189,2472,407,0.05,154,1.34,,
23.26,63273,2476,408,0.05,154,1.33,,
22.45,63339,2480,408,0.05,154,1.28,,
22.39,63423,2484,409,0.05,154,1.27,,
22.41,63531,2488,410,0.05,154,1.35,,
23.11,63675,2492,410,0.05,154,1.41,,
23.5,63775,2496,411,0.05,154,1.45,,
23.54,63839,2500,411,0.05,154,1.47,,
24.08,63960,2504,412,0.05,154,1.55,,
23.71,64020,2508,413,0.05,154,1.52,,
23.78,64097,2512,413,0.05,154,1.53,,
23.84,64178,2516,414,0.05,154,1.52,,
23.57,64269,2520,414,0.05,154,1.54,,
23.48,64359,2524,415,0.05,155,1.53,,
23.47,64435,2528,415,0.05,154,1.55,,
23.16,64512,2532,416,0.05,154,1.52,,
23.22,64622,2536,417,0.05,154,1.5,,
23.46,64801,2540,419,0.05,154,1.52,,
23.65,64894,2544,420,0.05,154,1.54,,
23.98,65018,2548,420,0.05,154,1.57,,
23.83,65097,2552,421,0.05,154,1.53,,
23.83,65154,2556,421,0.05,154,1.51,,
23.28,65213,2560,422,0.05,154,1.44,,
23.07,65298,2564,422,0.05,154,1.39,,
22.91,65390,2568,423,0.05,154,1.37,,
22.78,65467,2572,423,0.05,154,1.35,,
22.52,65525,2576,424,0.05,154,1.33,,
22.42,65581,2580,424,0.05,154,1.33,,
22.34,65657,2584,424,0.05,154,1.29,,
22.08,65739,2588,425,0.05,154,1.2,,
21.51,65826,2592,426,0.05,154,1.13,,
21.57,65932,2596,426,0.05,154,1.13,,
22.82,66121,2600,427,0.05,154,1.28,,
22.64,66224,2604,428,0.05,154,1.25,,
22.84,66304,2608,428,0.05,154,1.28,,
22.89,66386,2612,429,0.05,154,1.28,,
23.89,66567,2616,431,0.05,154,1.37,,
24.03,66672,2620,432,0.05,154,1.36,,
25.62,66921,2624,434,0.05,154,1.44,,
25.91,67026,2628,434,0.05,154,1.45,,
25.76,67088,2632,435,0.05,154,1.43,,
25.34,67156,2636,435,0.05,154,1.4,,
24.31,67232,2640,436,0.05,154,1.27,,
24.46,67340,2644,436,0.05,154,1.3,,
24.09,67427,2648,437,0.05,154,1.29,,
24.23,67520,2652,438,0.05,154,1.33,,
25.48,67702,2656,439,0.05,154,1.4,,
25.45,67758,2660,439,0.05,154,1.4,,
25.31,67829,2664,440,0.05,154,1.39,,
25.18,67908,2668,440,0.05,154,1.36,,
25.41,68008,2672,441,0.05,154,1.37,,
25.77,68102,2676,441,0.05,154,1.43,,
26.19,68200,2680,442,0.05,154,1.46,,
25.99,68256,2684,442,0.05,154,1.44,,
26.75,68414,2688,443,0.05,154,1.49,,
26.35,68461,2692,444,0.05,154,1.45,,
26.16,68548,2696,445,0.05,153,1.43,,
25.21,68642,2700,446,0.05,153,1.3,,
25.37,68761,2704,447,0.05,153,1.35,,
25.79,68883,2708,448,0.05,153,1.37,,
25.67,68953,2712,448,0.05,153,1.35,,
24.67,69034,2716,449,0.05,153,1.25,,
24.41,69113,2720,449,0.05,153,1.22,,
22.82,69203,2724,450,0.05,153,1.12,,
23.35,69361,2728,451,0.05,153,1.18,,
23.57,69445,2732,451,0.05,153,1.2,,
23.63,69519,2736,452,0.05,153,1.2,,
23.44,69576,2740,452,0.05,153,1.19,,
23.04,69644,2744,453,0.05,153,1.13,,
22.83,69710,2748,453,0.05,153,1.07,,
22.6,69780,2752,453,0.05,153,1.02,,
21.89,69891,2756,454,0.05,153,1.02,,
22.08,69966,2760,455,0.05,153,1.06,,
22.08,70037,2764,455,0.05,153,1.07,,
22.09,70117,2768,456,0.05,153,1.08,,
22.22,70230,2772,456,0.05,153,1.16,,
22.65,70367,2776,457,0.05,153,1.17,,
22.78,70478,2780,458,0.05,153,1.21,,
23.14,70570,2784,459,0.05,153,1.27,,
22.59,70673,2788,460,0.05,153,1.25,,
23.04,70765,2792,461,0.05,153,1.31,,
22.89,70837,2796,462,0.05,153,1.31,,
23.08,70950,2800,462,0.05,153,1.32,,
22.75,71036,2804,463,0.05,153,1.25,,
22.47,71130,2808,464,0.05,153,1.27,,
22.91,71244,2812,464,0.05,153,1.35,,
23.83,71417,2816,465,0.05,153,1.43,,
23.83,71496,2820,466,0.05,153,1.43,,
23.89,71592,2824,466,0.05,153,1.43,,
23.13,71674,2828,467,0.05,153,1.37,,
23.37,71782,2832,468,0.05,153,1.38,,
23.69,71888,2836,468,0.05,153,1.41,,
23.64,71940,2840,469,0.05,153,1.41,,
23.67,72011,2844,469,0.05,153,1.43,,
23.63,72073,2848,470,0.05,153,1.45,,
23.56,72136,2852,470,0.05,153,1.46,,
23.36,72227,2856,470,0.05,153,1.45,,
23.7,72336,2860,471,0.05,153,1.46,,
23.83,72420,2864,472,0.05,153,1.47,,
24.89,72606,2868,473,0.05,153,1.58,,
24.84,72714,2872,474,0.05,153,1.49,,
24.37,72804,2876,475,0.05,153,1.45,,
24.21,72899,2880,476,0.05,152,1.43,,
24.11,72981,2884,477,0.05,152,1.43,,
23.82,73055,2888,477,0.05,152,1.4,,
24.31,73196,2892,478,0.05,152,1.41,,
24.36,73273,2896,479,0.05,152,1.4,,
23.85,73335,2900,479,0.05,152,1.37,,
23.93,73429,2904,480,0.05,152,1.37,,
24.14,73544,2908,480,0.05,152,1.39,,
23.84,73628,2912,481,0.05,152,1.32,,
23.6,73777,2916,482,0.05,153,1.34,,
23.66,73862,2920,482,0.05,153,1.34,,
23.4,73932,2924,483,0.05,153,1.33,,
23.56,74030,2928,483,0.05,153,1.34,,
23.66,74148,2932,484,0.05,153,1.37,,
23.55,74243,2936,485,0.05,153,1.37,,
24.17,74357,2940,485,0.05,153,1.41,,
24.57,74468,2944,486,0.05,153,1.4,,
24.73,74546,2948,486,0.05,153,1.39,,
24.99,74635,2952,487,0.05,152,1.41,,
25.3,74757,2956,488,0.05,152,1.39,,
24.94,74830,2960,489,0.05,152,1.35,,
24.59,74879,2964,490,0.05,152,1.31,,
23.36,74942,2968,490,0.05,152,1.18,,
,75000,,,0.05,,,2.25,40.75
23.6,75074,2972,492,0.05,152,1.26,,
24.25,75229,2976,493,0.05,152,1.29,,
24.53,75352,2980,494,0.05,152,1.31,,
24.53,75434,2984,494,0.05,152,1.3,,
24.91,75546,2988,495,0.05,152,1.32,,
24.58,75654,2992,496,0.05,152,1.35,,
24.72,75745,2996,496,0.05,152,1.37,,
25.03,75838,3000,497,0.05,152,1.4,,
24.94,75923,3004,497,0.05,152,1.4,,
24.9,76034,3008,498,0.05,152,1.37,,
24.82,76110,3012,499,0.05,152,1.4,,
24.57,76234,3016,500,0.05,152,1.33,,
24.48,76310,3020,500,0.05,152,1.33,,
24.73,76405,3024,501,0.05,152,1.36,,
24.63,76493,3028,501,0.05,152,1.34,,
25.07,76655,3032,503,0.05,152,1.39,,
25.07,76750,3036,504,0.05,152,1.38,,
24.84,76841,3040,505,0.05,152,1.37,,
24.63,76931,3044,505,0.05,152,1.38,,
24.4,76986,3048,506,0.05,152,1.36,,
24.21,77056,3052,506,0.05,152,1.34,,
23.62,77119,3056,507,0.05,152,1.31,,
23.96,77226,3060,507,0.05,152,1.36,,
24.33,77312,3064,508,0.05,152,1.4,,
24.88,77430,3068,508,0.05,152,1.46,,
24.48,77522,3072,509,0.05,152,1.4,,
23.81,77610,3076,510,0.05,152,1.36,,
23.74,77726,3080,510,0.05,152,1.34,,
23.67,77801,3084,511,0.05,152,1.33,,
23.52,77898,3088,511,0.05,152,1.35,,
23.42,77996,3092,512,0.05,152,1.31,,
23.43,78088,3096,512,0.05,152,1.33,,
23.34,78172,3100,513,0.05,152,1.3,,
23.55,78278,3104,514,0.05,152,1.33,,
23.23,78357,3108,514,0.05,152,1.31,,
23.26,78436,3112,515,0.05,152,1.3,,
22.72,78506,3116,515,0.05,152,1.27,,
22.97,78607,3120,516,0.05,152,1.3,,
22.79,78684,3124,517,0.05,152,1.27,,
22.82,78775,3128,518,0.05,152,1.27,,
22.17,78872,3132,519,0.05,151,1.22,,
22.16,78966,3136,519,0.05,151,1.24,,
22.16,79057,3140,520,0.05,151,1.25,,
22.0,79131,3144,520,0.05,151,1.24,,
22.35,79221,3148,521,0.05,151,1.29,,
22.78,79334,3152,522,0.05,151,1.33,,
23.34,79453,3156,522,0.05,151,1.4,,
23.07,79533,3160,523,0.05,151,1.35,,
23.14,79626,3164,523,0.05,151,1.39,,
22.94,79724,3168,524,0.05,151,1.41,,
23.33,79855,3172,525,0.05,152,1.44,,
23.09,79919,3176,525,0.05,152,1.41,,
22.83,80009,3180,526,0.05,151,1.41,,
22.7,80071,3184,526,0.05,151,1.39,,
22.9,80188,3188,527,0.05,152,1.39,,
22.63,80259,3192,528,0.05,152,1.36,,
22.71,80359,3196,528,0.05,152,1.36,,
22.65,80437,3200,529,0.05,152,1.39,,
22.8,80558,3204,529,0.05,151,1.41,,
22.88,80645,3208,530,0.05,151,1.4,,
22.98,80734,3212,531,0.05,151,1.4,,
23.16,80822,3216,532,0.05,151,1.42,,
23.44,80951,3220,533,0.05,151,1.43,,
24.34,81118,3224,535,0.05,151,1.53,,
24.3,81205,3228,535,0.05,151,1.53,,
24.62,81334,3232,536,0.05,151,1.51,,
24.52,81418,3236,536,0.05,151,1.49,,
24.38,81495,3240,537,0.05,151,1.47,,
24.26,81557,3244,537,0.05,151,1.46,,
24.52,81673,3248,538,0.05,151,1.47,,
24.25,81759,3252,539,0.05,151,1.46,,
23.75,81828,3256,539,0.05,151,1.41,,
23.8,81913,3260,540,0.05,151,1.45,,
23.62,81988,3264,540,0.05,151,1.42,,
23.46,82070,3268,540,0.05,151,1.35,,
23.02,82157,3272,541,0.05,151,1.31,,
23.33,82252,3276,542,0.05,151,1.37,,
23.25,82334,3280,542,0.05,151,1.32,,
23.86,82457,3284,543,0.05,151,1.39,,
23.52,82540,3288,543,0.05,151,1.34,,
23.66,82625,3292,544,0.05,151,1.35,,
23.47,82706,3296,545,0.05,151,1.35,,
23.36,82773,3300,545,0.05,151,1.33,,
22.89,82847,3304,546,0.05,151,1.26,,
22.69,82914,3308,547,0.05,151,1.23,,
22.74,83008,3312,548,0.05,151,1.23,,
22.73,83095,3316,548,0.05,151,1.23,,
22.33,83184,3320,549,0.05,151,1.18,,
21.91,83309,3324,550,0.05,151,1.12,,
21.78,83383,3328,550,0.05,151,1.13,,
21.2,83454,3332,551,0.05,151,1.11,,
21.39,83557,3336,551,0.05,151,1.1,,
21.24,83619,3340,552,0.05,151,1.08,,
21.43,83700,3344,552,0.05,151,1.11,,
20.89,83762,3348,552,0.05,151,1.09,,
21.56,83915,3352,553,0.05,151,1.14,,
22.15,84043,3356,554,0.05,151,1.21,,
21.96,84109,3360,555,0.05,151,1.15,,
22.23,84211,3364,555,0.05,151,1.16,,
22.46,84316,3368,556,0.05,151,1.2,,
22.93,84450,3372,557,0.05,151,1.24,,
23.61,84613,3376,558,0.05,151,1.28,,
23.42,84676,3380,558,0.05,151,1.3,,
22.99,84756,3384,559,0.05,151,1.26,,
23.09,84849,3388,559,0.05,151,1.32,,
23.01,84926,3392,560,0.05,151,1.33,,
23.16,85022,3396,561,0.05,151,1.3,,
23.46,85119,3400,562,0.05,151,1.32,,
23.63,85210,3404,563,0.05,151,1.38,,
24.57,85371,3408,564,0.05,151,1.49,,
24.4,85448,3412,564,0.05,151,1.51,,
24.64,85559,3416,565,0.05,151,1.52,,
24.53,85637,3420,565,0.05,151,1.55,,
24.08,85717,3424,566,0.05,151,1.51,,
24.08,85791,3428,566,0.05,151,1.49,,
24.33,85887,3432,567,0.05,151,1.53,,
23.85,85942,3436,567,0.05,151,1.49,,
24.39,86058,3440,568,0.05,151,1.56,,
24.87,86187,3444,569,0.05,151,1.56,,
25.34,86296,3448,569,0.05,151,1.57,,
24.96,86411,3452,570,0.05,151,1.56,,
24.72,86515,3456,571,0.05,151,1.54,,
24.78,86587,3460,571,0.05,151,1.55,,
24.93,86704,3464,572,0.05,151,1.56,,
25.82,86898,3468,573,0.05,151,1.66,,
25.65,87015,3472,574,0.05,151,1.66,,
24.76,87089,3476,575,0.05,151,1.6,,
24.78,87154,3480,576,0.05,151,1.58,,
24.81,87237,3484,577,0.05,151,1.58,,
24.6,87309,3488,577,0.05,151,1.51,,
25.06,87432,3492,578,0.05,151,1.53,,
24.64,87486,3496,578,0.05,151,1.49,,
24.7,87589,3500,579,0.05,151,1.49,,
24.59,87669,3504,579,0.05,151,1.45,,
23.98,87769,3508,580,0.05,151,1.41,,
24.36,87884,3512,581,0.05,151,1.41,,
23.84,87943,3516,581,0.05,151,1.39,,
23.86,88023,3520,582,0.05,151,1.36,,
23.91,88108,3524,582,0.05,151,1.37,,
23.81,88172,3528,583,0.05,151,1.35,,
24.09,88296,3532,583,0.05,151,1.39,,
24.36,88378,3536,584,0.05,151,1.42,,
24.39,88497,3540,584,0.05,151,1.42,,
24.02,88589,3544,585,0.05,151,1.4,,
24.08,88704,3548,586,0.05,151,1.43,,
23.76,88787,3552,586,0.05,151,1.36,,
23.41,88856,3556,587,0.05,151,1.3,,
23.29,88916,3560,587,0.05,151,1.3,,
22.87,88991,3564,588,0.05,151,1.3,,
21.72,89070,3568,589,0.05,151,1.19,,
21.29,89144,3572,590,0.05,151,1.14,,
21.24,89213,3576,590,0.05,151,1.12,,
21.24,89278,3580,591,0.05,150,1.13,,
21.22,89359,3584,591,0.05,150,1.11,,
21.48,89457,3588,592,0.05,150,1.15,,
21.6,89592,3592,593,0.05,150,1.16,,
21.93,89679,3596,593,0.05,151,1.21,,
21.58,89747,3600,594,0.05,151,1.18,,
21.41,89810,3604,594,0.05,151,1.15,,
21.35,89904,3608,595,0.05,151,1.11,,
20.93,89977,3612,595,0.05,151,1.07,,
21.15,90058,3616,596,0.05,151,1.07,,
22.0,90223,3620,597,0.05,151,1.17,,
22.02,90310,3624,597,0.05,151,1.17,,
22.41,90413,3628,598,0.05,151,1.2,,
22.08,90504,3632,599,0.05,151,1.14,,
22.22,90600,3636,599,0.05,151,1.16,,
22.05,90702,3640,600,0.05,151,1.14,,
21.83,90772,3644,600,0.05,151,1.13,,
21.25,90829,3648,601,0.05,151,1.07,,
21.01,90888,3652,601,0.05,151,1.07,,
21.31,90987,3656,602,0.05,151,1.1,,
22.11,91127,3660,603,0.05,150,1.19,,
22.41,91232,3664,604,0.05,150,1.17,,
23.04,91374,3668,606,0.05,150,1.24,,
23.86,91530,3672,607,0.05,150,1.32,,
24.25,91638,3676,607,0.05,150,1.37,,
25.09,91787,3680,608,0.05,150,1.48,,
24.87,91846,3684,609,0.05,150,1.45,,
24.91,91948,3688,609,0.05,150,1.45,,
24.24,92016,3692,610,0.05,150,1.4,,
24.05,92084,3696,610,0.05,150,1.38,,
24.91,92238,3700,611,0.05,150,1.47,,
25.06,92316,3704,611,0.05,150,1.47,,
25.17,92421,3708,612,0.05,150,1.52,,
25.22,92499,3712,613,0.05,150,1.53,,
25.11,92569,3716,613,0.05,150,1.53,,
24.8,92703,3720,614,0.05,150,1.53,,
25.67,92877,3724,615,0.05,150,1.57,,
25.57,92970,3728,615,0.05,150,1.59,,
25.91,93095,3732,616,0.05,150,1.66,,
25.84,93184,3736,617,0.05,150,1.66,,
25.81,93283,3740,618,0.05,150,1.65,,
26.09,93381,3744,619,0.05,150,1.69,,
26.55,93484,3748,620,0.05,150,1.76,,
26.73,93561,3752,621,0.05,150,1.79,,
26.44,93631,3756,621,0.05,150,1.76,,
25.79,93706,3760,622,0.05,150,1.7,,
25.34,93766,3764,622,0.05,150,1.67,,
25.03,93877,3768,623,0.05,150,1.62,,
24.33,93963,3772,623,0.05,150,1.53,,
24.19,94057,3776,624,0.05,150,1.5,,
23.67,94154,3780,624,0.05,150,1.46,,
23.71,94217,3784,625,0.05,150,1.46,,
23.46,94294,3788,625,0.05,150,1.45,,
23.95,94411,3792,626,0.05,150,1.51,,
24.03,94487,3796,626,0.05,150,1.51,,
23.37,94575,3800,627,0.05,150,1.46,,
23.34,94650,3804,627,0.05,150,1.48,,
23.31,94752,3808,628,0.05,150,1.46,,
23.33,94832,3812,628,0.05,150,1.46,,
23.51,94920,3816,629,0.05,150,1.44,,
22.95,94998,3820,630,0.05,150,1.35,,
22.13,95090,3824,630,0.05,150,1.32,,
21.94,95164,3828,631,0.05,150,1.29,,
21.61,95256,3832,632,0.05,150,1.24,,
21.46,95330,3836,632,0.05,150,1.19,,
21.35,95418,3840,633,0.05,150,1.17,,
21.26,95507,3844,634,0.05,150,1.16,,
21.66,95650,3848,635,0.05,150,1.18,,
21.71,95732,3852,636,0.05,150,1.19,,
21.96,95827,3856,636,0.05,150,1.25,,
22.34,95940,3860,637,0.05,150,1.24,,
22.59,96025,3864,638,0.05,150,1.27,,
22.85,96162,3868,638,0.05,150,1.26,,
23.07,96270,3872,639,0.05,150,1.3,,
22.91,96348,3876,640,0.05,150,1.29,,
22.55,96409,3880,640,0.05,150,1.21,,
22.6,96477,3884,640,0.05,150,1.23,,
22.57,96551,3888,641,0.05,150,1.2,,
22.81,96692,3892,642,0.05,150,1.22,,
22.72,96759,3896,642,0.05,150,1.21,,
22.79,96854,3900,643,0.05,150,1.2,,
22.89,96939,3904,643,0.05,150,1.24,,
23.2,97072,3908,644,0.05,150,1.28,,
23.43,97175,3912,645,0.05,150,1.31,,
23.35,97255,3916,645,0.05,150,1.32,,
23.4,97338,3920,646,0.05,150,1.34,,
23.65,97455,3924,647,0.05,150,1.34,,
23.74,97538,3928,648,0.05,150,1.35,,
23.85,97641,3932,649,0.05,150,1.35,,
23.98,97728,3936,650,0.05,150,1.38,,
23.83,97801,3940,650,0.05,150,1.4,,
23.82,97889,3944,651,0.05,150,1.4,,
23.29,97979,3948,651,0.05,150,1.33,,
24.16,98148,3952,652,0.05,150,1.4,,
23.67,98194,3956,652,0.05,150,1.32,,
23.16,98256,3960,653,0.05,150,1.3,,
23.56,98381,3964,654,0.05,150,1.31,,
23.01,98463,3968,654,0.05,150,1.29,,
22.94,98564,3972,655,0.05,150,1.29,,
23.0,98648,3976,655,0.05,150,1.27,,
23.55,98764,3980,656,0.05,150,1.32,,
23.59,98836,3984,657,0.05,150,1.3,,
24.01,98952,3988,657,0.05,150,1.34,,
23.97,99089,3992,658,0.05,150,1.32,,
24.04,99163,3996,659,0.05,150,1.33,,
23.97,99251,4000,659,0.05,150,1.33,,
23.98,99337,4004,660,0.05,150,1.3,,
24.24,99496,4008,661,0.05,150,1.29,,
24.04,99579,4012,662,0.05,150,1.26,,
23.98,99653,4016,663,0.05,150,1.26,,
23.88,99726,4020,663,0.05,150,1.2,,
23.45,99800,4024,664,0.05,150,1.15,,
23.92,99930,4028,665,0.05,150,1.21,,
,100000,,,0.05,,,1.5,22.5
23.61,100002,4032,666,0.05,150,1.14,,
23.48,100076,4036,666,0.05,150,1.12,,
23.53,100154,4040,667,0.05,150,1.13,,
23.71,100260,4044,668,0.05,150,1.13,,
23.89,100368,4048,668,0.05,150,1.15,,
23.21,100469,4052,669,0.05,150,1.05,,
23.78,100572,4056,669,0.05,150,1.11,,
24.77,100733,4060,670,0.05,150,1.21,,
24.55,100836,4064,671,0.05,150,1.2,,
24.38,100901,4068,671,0.05,150,1.16,,
24.15,100979,4072,672,0.05,150,1.11,,
24.14,101062,4076,673,0.05,150,1.15,,
23.92,101156,4080,673,0.05,150,1.13,,
24.01,101237,4084,674,0.05,150,1.18,,
23.47,101299,4088,674,0.05,150,1.14,,
23.17,101406,4092,675,0.05,150,1.14,,
23.19,101482,4096,676,0.05,150,1.15,,
22.95,101546,4100,677,0.05,149,1.12,,
22.68,101605,4104,677,0.05,149,1.09,,
21.83,101679,4108,678,0.05,149,1.04,,
21.86,101765,4112,679,0.05,149,1.05,,
21.84,101837,4116,679,0.05,149,1.03,,
22.2,101946,4120,680,0.05,149,1.13,,
22.22,102022,4124,680,0.05,149,1.15,,
21.97,102127,4128,681,0.05,149,1.11,,
22.06,102208,4132,682,0.05,149,1.14,,
22.17,102293,4136,682,0.05,149,1.14,,
21.97,102351,4140,683,0.05,149,1.08,,
21.66,102426,4144,683,0.05,149,1.06,,
21.35,102503,4148,684,0.05,149,1.03,,
21.1,102579,4152,684,0.05,149,1.03,,
20.88,102660,4156,685,0.05,149,1.01,,
20.22,102755,4160,685,0.05,149,0.94,,
20.12,102848,4164,686,0.05,149,0.94,,
20.35,102936,4168,686,0.05,149,1.0,,
20.31,103010,4172,687,0.05,149,1.03,,
21.03,103165,4176,688,0.05,149,1.08,,
21.01,103257,4180,688,0.05,149,1.08,,
21.18,103355,4184,689,0.05,149,1.09,,
21.5,103449,4188,690,0.05,149,1.11,,
21.47,103553,4192,691,0.05,149,1.1,,
21.53,103635,4196,691,0.05,149,1.11,,
21.62,103708,4200,692,0.05,149,1.12,,
21.83,103788,4204,693,0.05,149,1.18,,
22.11,103890,4208,694,0.05,149,1.2,,
21.91,103956,4212,694,0.05,149,1.19,,
21.93,104030,4216,695,0.05,149,1.21,,
21.65,104111,4220,695,0.05,149,1.14,,
21.68,104190,4224,696,0.05,149,1.16,,
21.25,104252,4228,696,0.05,149,1.11,,
21.06,104314,4232,696,0.05,149,1.08,,
21.35,104428,4236,697,0.05,149,1.13,,
21.77,104528,4240,698,0.05,149,1.19,,
21.94,104620,4244,698,0.05,149,1.22,,
22.04,104707,4248,699,0.05,149,1.26,,
22.01,104780,4252,699,0.05,149,1.27,,
22.15,104875,4256,700,0.05,149,1.32,,
22.34,104989,4260,701,0.05,149,1.38,,
22.3,105078,4264,701,0.05,149,1.38,,
22.42,105178,4268,702,0.05,149,1.37,,
22.65,105275,4272,702,0.05,149,1.4,,
22.67,105432,4276,703,0.05,149,1.37,,
22.64,105521,4280,704,0.05,149,1.38,,
22.69,105624,4284,705,0.05,149,1.45,,
23.01,105750,4288,706,0.05,149,1.52,,
22.9,105843,4292,707,0.05,149,1.5,,
22.98,105933,4296,708,0.05,149,1.53,,
23.26,106034,4300,709,0.05,149,1.58,,
23.61,106149,4304,709,0.05,149,1.6,,
23.53,106243,4308,710,0.05,149,1.61,,
24.34,106390,4312,711,0.05,149,1.7,,
24.52,106482,4316,711,0.05,149,1.74,,
24.54,106565,4320,712,0.05,149,1.76,,
24.45,106635,4324,712,0.05,149,1.73,,
24.52,106704,4328,713,0.05,149,1.76,,
24.82,106796,4332,713,0.05,149,1.82,,
24.53,106881,4336,714,0.05,149,1.81,,
24.27,106955,4340,714,0.05,149,1.78,,
24.09,107029,4344,715,0.05,149,1.74,,
24.17,107124,4348,715,0.05,149,1.74,,
24.44,107224,4352,716,0.05,149,1.76,,
24.3,107305,4356,717,0.05,149,1.73,,
23.9,107379,4360,717,0.05,149,1.67,,
24.04,107482,4364,718,0.05,149,1.72,,
23.76,107554,4368,718,0.05,149,1.69,,
23.64,107639,4372,719,0.05,149,1.63,,
22.98,107730,4376,720,0.05,149,1.58,,
23.17,107838,4380,721,0.05,149,1.58,,
23.07,107931,4384,722,0.05,149,1.52,,
22.6,108010,4388,722,0.05,149,1.44,,
22.57,108100,4392,723,0.05,149,1.45,,
22.59,108192,4396,723,0.05,149,1.42,,
22.41,108275,4400,724,0.05,149,1.4,,
22.37,108386,4404,725,0.05,149,1.37,,
22.44,108487,4408,725,0.05,149,1.37,,
21.72,108562,4412,726,0.05,149,1.3,,
21.77,108659,4416,726,0.05,149,1.3,,
21.72,108737,4420,727,0.05,149,1.32,,
21.77,108812,4424,727,0.05,149,1.33,,
21.98,108902,4428,728,0.05,149,1.37,,
21.93,108989,4432,728,0.05,149,1.34,,
22.08,109089,4436,729,0.05,149,1.36,,
22.19,109174,4440,730,0.05,149,1.4,,
22.5,109279,4444,730,0.05,149,1.45,,
22.89,109413,4448,731,0.05,149,1.44,,
22.77,109501,4452,732,0.05,149,1.46,,
23.15,109620,4456,733,0.05,149,1.5,,
23.33,109712,4460,734,0.05,149,1.54,,
23.08,109790,4464,735,0.05,149,1.48,,
23.12,109866,4468,735,0.05,149,1.51,,
23.12,109951,4472,736,0.05,149,1.52,,
23.12,110042,4476,737,0.05,149,1.53,,
22.83,110121,4480,738,0.05,149,1.52,,
22.86,110217,4484,738,0.05,149,1.53,,
22.86,110296,4488,739,0.05,149,1.53,,
22.69,110369,4492,739,0.05,149,1.49,,
22.99,110491,4496,740,0.05,149,1.48,,
22.87,110562,4500,740,0.05,149,1.48,,
22.9,110676,4504,741,0.05,149,1.49,,
22.78,110765,4508,742,0.05,149,1.46,,
22.89,110851,4512,742,0.05,149,1.42,,
23.71,111030,4516,743,0.05,149,1.47,,
24.08,111145,4520,744,0.05,149,1.5,,
24.11,111223,4524,744,0.05,149,1.5,,
24.26,111328,4528,745,0.05,149,1.47,,
24.24,111413,4532,746,0.05,149,1.46,,
24.11,111500,4536,746,0.05,149,1.42,,
23.96,111570,4540,747,0.05,149,1.4,,
23.69,111648,4544,747,0.05,149,1.39,,
23.23,111736,4548,748,0.05,149,1.37,,
23.2,111821,4552,749,0.05,149,1.35,,
23.12,111932,4556,750,0.05,149,1.33,,
23.69,112081,4560,751,0.05,149,1.34,,
24.27,112217,4564,752,0.05,149,1.39,,
24.42,112308,4568,753,0.05,149,1.41,,
24.78,112429,4572,754,0.05,149,1.43,,
24.64,112506,4576,754,0.05,149,1.44,,
24.77,112598,4580,755,0.05,149,1.46,,
24.78,112695,4584,755,0.05,149,1.47,,
24.86,112782,4588,756,0.05,149,1.53,,
25.19,112888,4592,756,0.05,149,1.57,,
24.91,112982,4596,757,0.05,149,1.61,,
25.08,113070,4600,758,0.05,149,1.61,,
24.89,113165,4604,758,0.05,149,1.63,,
24.76,113241,4608,759,0.05,149,1.63,,
24.67,113318,4612,759,0.05,149,1.63,,
23.79,113409,4616,760,0.05,149,1.58,,
23.51,113496,4620,760,0.05,149,1.54,,
23.61,113584,4624,761,0.05,149,1.54,,
23.39,113667,4628,762,0.05,149,1.57,,
23.53,113766,4632,763,0.05,149,1.62,,
23.95,113895,4636,764,0.05,149,1.66,,
24.25,113995,4640,765,0.05,148,1.68,,
24.59,114107,4644,765,0.05,148,1.69,,
24.6,114196,4648,766,0.05,148,1.71,,
24.45,114266,4652,767,0.05,148,1.7,,
24.33,114365,4656,767,0.05,148,1.7,,
23.55,114436,4660,768,0.05,148,1.64,,
23.29,114546,4664,768,0.05,148,1.66,,
23.17,114625,4668,769,0.05,149,1.64,,
23.32,114761,4672,770,0.05,149,1.67,,
24.21,114927,4676,771,0.05,149,1.75,,
23.96,114994,4680,771,0.05,149,1.74,,
23.88,115083,4684,772,0.05,149,1.7,,
23.97,115179,4688,772,0.05,149,1.66,,
24.08,115296,4692,773,0.05,149,1.67,,
23.97,115379,4696,773,0.05,149,1.64,,
23.76,115446,4700,774,0.05,149,1.6,,
23.74,115539,4704,775,0.05,149,1.56,,
23.62,115603,4708,775,0.05,149,1.54,,
23.88,115706,4712,776,0.05,149,1.61,,
23.63,115772,4716,776,0.05,148,1.57,,
23.57,115853,4720,777,0.05,148,1.56,,
23.71,115955,4724,778,0.05,148,1.59,,
23.63,116030,4728,779,0.05,148,1.55,,
23.48,116114,4732,780,0.05,148,1.55,,
22.9,116185,4736,780,0.05,148,1.49,,
22.98,116293,4740,781,0.05,148,1.49,,
22.84,116391,4744,782,0.05,148,1.47,,
23.15,116511,4748,782,0.05,148,1.49,,
23.21,116587,4752,783,0.05,148,1.46,,
23.42,116707,4756,783,0.05,148,1.48,,
24.15,116851,4760,784,0.05,148,1.53,,
24.17,116963,4764,785,0.05,148,1.5,,
23.99,117024,4768,785,0.05,148,1.46,,
23.65,117126,4772,786,0.05,148,1.45,,
22.94,117221,4776,787,0.05,148,1.36,,
23.36,117330,4780,787,0.05,148,1.41,,
23.51,117434,4784,788,0.05,148,1.44,,
23.33,117512,4788,788,0.05,148,1.43,,
23.26,117622,4792,789,0.05,148,1.44,,
23.42,117721,4796,790,0.05,148,1.45,,
23.62,117808,4800,791,0.05,148,1.48,,
23.43,117882,4804,792,0.05,148,1.46,,
23.68,117971,4808,792,0.05,148,1.49,,
23.11,118017,4812,793,0.05,148,1.4,,
23.45,118117,4816,794,0.05,148,1.46,,
23.63,118216,4820,794,0.05,148,1.45,,
23.4,118295,4824,795,0.05,148,1.42,,
23.54,118384,4828,795,0.05,148,1.46,,
24.03,118517,4832,796,0.05,148,1.49,,
24.27,118612,4836,797,0.05,148,1.52,,
24.29,118722,4840,798,0.05,148,1.54,,
24.06,118797,4844,798,0.05,148,1.51,,
23.68,118879,4848,799,0.05,148,1.46,,
24.31,119018,4852,799,0.05,148,1.56,,
25.3,119237,4856,801,0.05,148,1.64,,
25.32,119383,4860,801,0.05,148,1.7,,
25.21,119484,4864,802,0.05,148,1.71,,
25.64,119588,4868,803,0.05,148,1.77,,
25.71,119697,4872,803,0.05,148,1.77,,
25.68,119789,4876,804,0.05,148,1.8,,
25.39,119869,4880,805,0.05,148,1.73,,
25.03,119937,4884,805,0.05,148,1.67,,
25.22,120034,4888,806,0.05,148,1.7,,
24.85,120107,4892,807,0.05,148,1.66,,
24.86,120207,4896,808,0.05,148,1.68,,
24.81,120289,4900,809,0.05,148,1.7,,
25.2,120402,4904,810,0.05,148,1.79,,
25.72,120543,4908,810,0.05,148,1.85,,
26.36,120653,4912,811,0.05,148,1.93,,
26.27,120744,4916,812,0.05,148,1.9,,
26.03,120819,4920,812,0.05,148,1.9,,
26.28,120923,4924,813,0.05,148,1.97,,
26.26,121010,4928,813,0.05,148,1.96,,
25.68,121085,4932,814,0.05,148,1.88,,
25.75,121187,4936,814,0.05,148,1.91,,
25.45,121267,4940,815,0.05,148,1.86,,
25.71,121368,4944,816,0.05,148,1.93,,
25.65,121444,4948,816,0.05,148,1.95,,
24.96,121514,4952,817,0.05,148,1.88,,
23.71,121608,4956,817,0.05,148,1.77,,
23.1,121693,4960,818,0.05,148,1.69,,
22.89,121773,4964,818,0.05,148,1.65,,
22.92,121880,4968,819,0.05,148,1.63,,
23.04,122001,4972,820,0.05,148,1.67,,
22.99,122088,4976,821,0.05,148,1.64,,
23.28,122197,4980,822,0.05,148,1.67,,
23.41,122278,4984,823,0.05,148,1.68,,
23.12,122346,4988,823,0.05,148,1.64,,
23.28,122435,4992,824,0.05,148,1.67,,
23.35,122542,4996,824,0.05,148,1.66,,
23.59,122648,5000,825,0.05,148,1.68,,
23.16,122718,5004,825,0.05,148,1.58,,
22.53,122796,5008,826,0.05,148,1.49,,
22.31,122884,5012,827,0.05,148,1.46,,
22.19,122963,5016,827,0.05,148,1.46,,
22.31,123050,5020,828,0.05,148,1.48,,
22.22,123145,5024,828,0.05,148,1.46,,
22.21,123231,5028,829,0.05,148,1.46,,
22.39,123324,5032,829,0.05,148,1.48,,
22.19,123406,5036,830,0.05,148,1.44,,
22.13,123480,5040,830,0.05,148,1.45,,
22.17,123585,5044,831,0.05,148,1.43,,
22.42,123686,5048,832,0.05,148,1.45,,
22.63,123777,5052,832,0.05,148,1.44,,
22.63,123871,5056,833,0.05,148,1.44,,
22.72,123965,5060,834,0.05,148,1.46,,
22.65,124038,5064,834,0.05,148,1.44,,
22.42,124122,5068,835,0.05,148,1.45,,
21.89,124190,5072,836,0.05,148,1.37,,
21.86,124274,5076,837,0.05,148,1.41,,
21.84,124381,5080,837,0.05,148,1.42,,
22.15,124493,5084,838,0.05,148,1.47,,
22.32,124578,5088,839,0.05,148,1.49,,
22.47,124682,5092,839,0.05,148,1.47,,
22.29,124771,5096,840,0.05,148,1.45,,
22.07,124855,5100,840,0.05,148,1.4,,
22.36,124954,5104,841,0.05,148,1.45,,
,125000,,,0.05,,,1.25,18.5
22.31,125027,5108,842,0.05,148,1.44,,
22.27,125111,5112,842,0.05,148,1.44,,
22.33,125196,5116,843,0.05,148,1.43,,
22.33,125283,5120,843,0.05,148,1.46,,
22.34,125379,5124,844,0.05,148,1.43,,
22.34,125465,5128,844,0.05,148,1.45,,
22.65,125589,5132,845,0.05,148,1.53,,
22.67,125673,5136,846,0.05,148,1.57,,
22.74,125754,5140,846,0.05,148,1.57,,
22.65,125850,5144,847,0.05,148,1.55,,
22.47,125933,5148,847,0.05,148,1.54,,
22.32,126009,5152,848,0.05,148,1.53,,
22.23,126094,5156,849,0.05,148,1.5,,
22.14,126179,5160,850,0.05,148,1.48,,
22.27,126265,5164,851,0.05,148,1.5,,
22.7,126392,5168,852,0.05,148,1.56,,
23.44,126534,5172,853,0.05,148,1.65,,
23.9,126664,5176,853,0.05,148,1.71,,
24.03,126784,5180,854,0.05,148,1.73,,
23.79,126872,5184,855,0.05,148,1.71,,
23.71,126949,5188,855,0.05,148,1.71,,
23.52,127034,5192,856,0.05,148,1.67,,
23.5,127121,5196,856,0.05,148,1.67,,
23.56,127211,5200,857,0.05,148,1.7,,
23.36,127290,5204,857,0.05,148,1.67,,
23.56,127383,5208,858,0.05,148,1.73,,
23.65,127476,5212,858,0.05,148,1.74,,
23.76,127572,5216,859,0.05,148,1.75,,
23.87,127670,5220,860,0.05,148,1.73,,
24.17,127796,5224,860,0.05,148,1.8,,
24.36,127901,5228,861,0.05,148,1.81,,
24.82,128071,5232,862,0.05,148,1.84,,
24.83,128156,5236,863,0.05,148,1.81,,
24.81,128235,5240,864,0.05,148,1.81,,
24.72,128322,5244,865,0.05,148,1.82,,
25.32,128465,5248,866,0.05,148,1.88,,
25.49,128558,5252,867,0.05,148,1.93,,
25.52,128646,5256,867,0.05,148,1.96,,
26.01,128780,5260,868,0.05,148,2.03,,
25.97,128862,5264,868,0.05,148,2.03,,
25.69,128961,5268,869,0.05,148,1.98,,
25.06,129040,5272,870,0.05,148,1.91,,
24.83,129147,5276,870,0.05,148,1.89,,
24.56,129240,5280,871,0.05,148,1.87,,
24.48,129320,5284,871,0.05,148,1.85,,
24.51,129400,5288,872,0.05,148,1.85,,
24.57,129491,5292,872,0.05,148,1.89,,
24.59,129580,5296,873,0.05,148,1.89,,
25.0,129711,5300,874,0.05,148,1.93,,
25.32,129822,5304,874,0.05,148,1.97,,
25.21,129904,5308,875,0.05,148,1.93,,
25.1,129986,5312,875,0.05,148,1.91,,
25.2,130092,5316,876,0.05,148,1.93,,
25.1,130180,5320,877,0.05,148,1.92,,
24.88,130284,5324,878,0.05,148,1.88,,
24.61,130362,5328,879,0.05,148,1.8,,
23.89,130460,5332,880,0.05,148,1.7,,
23.8,130536,5336,880,0.05,148,1.69,,
24.48,130683,5340,881,0.05,148,1.75,,
24.43,130765,5344,882,0.05,148,1.73,,
23.92,130857,5348,883,0.05,148,1.65,,
24.13,130971,5352,883,0.05,148,1.67,,
24.2,131066,5356,884,0.05,148,1.66,,
23.68,131148,5360,884,0.05,148,1.58,,
23.6,131222,5364,885,0.05,148,1.56,,
23.51,131312,5368,885,0.05,148,1.56,,
23.48,131388,5372,886,0.05,148,1.55,,
23.43,131490,5376,886,0.05,148,1.52,,
23.64,131604,5380,887,0.05,148,1.54,,
23.72,131692,5384,888,0.05,148,1.56,,
23.75,131775,5388,888,0.05,148,1.57,,
23.65,131856,5392,889,0.05,148,1.56,,
24.42,132022,5396,890,0.05,148,1.65,,
24.05,132116,5400,890,0.05,148,1.61,,
23.79,132201,5404,891,0.05,148,1.58,,
23.78,132282,5408,892,0.05,148,1.61,,
23.9,132376,5412,892,0.05,148,1.63,,
23.72,132464,5416,893,0.05,148,1.62,,
23.65,132545,5420,894,0.05,148,1.64,,
23.57,132641,5424,895,0.05,148,1.65,,
23.65,132727,5428,896,0.05,148,1.7,,
23.58,132818,5432,896,0.05,148,1.69,,
24.26,132962,5436,897,0.05,148,1.72,,
24.15,133098,5440,898,0.05,148,1.7,,
24.32,133197,5444,899,0.05,148,1.71,,
24.34,133291,5448,899,0.05,148,1.72,,
24.22,133393,5452,900,0.05,148,1.67,,
24.08,133474,5456,900,0.05,148,1.67,,
24.32,133580,5460,901,0.05,148,1.73,,
24.42,133664,5464,901,0.05,148,1.76,,
24.79,133791,5468,902,0.05,148,1.76,,
25.09,133897,5472,903,0.05,148,1.83,,
25.15,134005,5476,903,0.05,148,1.82,,
24.93,134097,5480,904,0.05,148,1.79,,
24.9,134182,5484,905,0.05,148,1.81,,
24.86,134261,5488,905,0.05,148,1.8,,
25.24,134380,5492,906,0.05,148,1.82,,
24.45,134467,5496,907,0.05,148,1.75,,
24.54,134570,5500,908,0.05,148,1.73,,
24.58,134659,5504,909,0.05,148,1.74,,
25.22,134804,5508,910,0.05,148,1.79,,
25.12,134888,5512,911,0.05,148,1.76,,
25.43,135007,5516,911,0.05,148,1.78,,
25.9,135135,5520,912,0.05,148,1.79,,
25.99,135240,5524,913,0.05,148,1.8,,
26.06,135333,5528,913,0.05,148,1.79,,
26.15,135433,5532,914,0.05,148,1.81,,
25.53,135515,5536,914,0.05,148,1.81,,
24.99,135597,5540,915,0.05,148,1.8,,
24.92,135689,5544,915,0.05,148,1.81,,
25.07,135798,5548,916,0.05,148,1.85,,
25.01,135894,5552,917,0.05,148,1.87,,
25.4,136014,5556,917,0.05,148,1.88,,
25.68,136148,5560,918,0.05,148,1.88,,
25.62,136226,5564,919,0.05,148,1.86,,
25.76,136367,5568,919,0.05,148,1.85,,
25.51,136448,5572,920,0.05,148,1.78,,
25.59,136564,5576,921,0.05,148,1.79,,
25.75,136672,5580,922,0.05,148,1.8,,
25.92,136774,5584,923,0.05,148,1.76,,
26.11,136872,5588,924,0.05,148,1.79,,
25.83,136963,5592,925,0.05,148,1.79,,
26.0,137067,5596,925,0.05,148,1.8,,
25.97,137167,5600,926,0.05,148,1.82,,
26.18,137277,5604,927,0.05,148,1.86,,
25.82,137386,5608,927,0.05,148,1.83,,
25.91,137479,5612,928,0.05,148,1.86,,
25.72,137579,5616,928,0.05,148,1.86,,
25.34,137669,5620,929,0.05,148,1.85,,
25.17,137757,5624,930,0.05,148,1.82,,
25.28,137861,5628,930,0.05,148,1.84,,
25.12,137945,5632,931,0.05,148,1.83,,
25.36,138051,5636,931,0.05,148,1.85,,
25.37,138134,5640,932,0.05,148,1.84,,
25.78,138267,5644,933,0.05,148,1.85,,
25.69,138367,5648,933,0.05,148,1.8,,
25.94,138488,5652,934,0.05,148,1.83,,
26.05,138619,5656,935,0.05,148,1.85,,
26.01,138749,5660,936,0.05,148,1.86,,
26.21,138847,5664,937,0.05,148,1.88,,
25.57,138924,5668,938,0.05,148,1.87,,
25.64,139012,5672,939,0.05,148,1.91,,
25.47,139111,5676,939,0.05,148,1.91,,
25.33,139205,5680,940,0.05,148,1.91,,
25.18,139292,5684,941,0.05,148,1.92,,
25.09,139381,5688,941,0.05,148,1.89,,
25.26,139489,5692,942,0.05,148,1.9,,
25.14,139581,5696,942,0.05,148,1.89,,
25.0,139667,5700,943,0.05,148,1.89,,
24.65,139742,5704,943,0.05,148,1.82,,
24.73,139859,5708,944,0.05,148,1.79,,
24.9,139969,5712,945,0.05,148,1.82,,
24.79,140058,5716,945,0.05,148,1.82,,
25.01,140170,5720,946,0.05,148,1.82,,
24.99,140256,5724,947,0.05,148,1.79,,
24.83,140344,5728,947,0.05,148,1.77,,
24.85,140430,5732,948,0.05,148,1.78,,
25.32,140583,5736,949,0.05,148,1.85,,
25.34,140668,5740,949,0.05,148,1.85,,
24.79,140746,5744,950,0.05,148,1.82,,
24.69,140836,5748,951,0.05,148,1.85,,
24.99,140987,5752,952,0.05,148,1.86,,
24.96,141115,5756,953,0.05,147,1.84,,
24.61,141210,5760,954,0.05,147,1.75,,
24.64,141311,5764,955,0.05,147,1.78,,
24.82,141406,5768,955,0.05,147,1.78,,
24.87,141499,5772,956,0.05,147,1.75,,
24.81,141592,5776,956,0.05,147,1.75,,
24.7,141675,5780,957,0.05,147,1.73,,
24.63,141755,5784,957,0.05,147,1.7,,
24.66,141847,5788,958,0.05,148,1.69,,
24.43,141932,5792,958,0.05,148,1.65,,
24.33,142014,5796,959,0.05,148,1.64,,
24.4,142107,5800,960,0.05,148,1.66,,
24.68,142210,5804,960,0.05,148,1.72,,
24.5,142309,5808,961,0.05,148,1.76,,
24.37,142406,5812,961,0.05,148,1.75,,
24.98,142556,5816,962,0.05,148,1.75,,
24.82,142652,5820,963,0.05,148,1.73,,
24.83,142739,5824,963,0.05,148,1.76,,
24.72,142816,5828,964,0.05,148,1.74,,
24.77,142907,5832,965,0.05,148,1.72,,
24.22,143005,5836,966,0.05,147,1.6,,
24.22,143090,5840,967,0.05,147,1.57,,
24.45,143191,5844,968,0.05,147,1.58,,
24.36,143272,5848,968,0.05,147,1.56,,
23.83,143370,5852,969,0.05,147,1.51,,
23.38,143453,5856,969,0.05,147,1.5,,
23.3,143540,5860,970,0.05,147,1.5,,
23.16,143627,5864,970,0.05,147,1.48,,
23.19,143725,5868,971,0.05,147,1.48,,
23.1,143809,5872,972,0.05,147,1.49,,
22.91,143883,5876,972,0.05,147,1.45,,
22.92,143967,5880,973,0.05,147,1.45,,
23.07,144062,5884,973,0.05,147,1.49,,
22.99,144146,5888,974,0.05,147,1.49,,
22.88,144220,5892,974,0.05,147,1.49,,
22.91,144305,5896,975,0.05,147,1.47,,
22.85,144392,5900,975,0.05,147,1.43,,
23.36,144546,5904,976,0.05,148,1.49,,
23.25,144634,5908,977,0.05,148,1.46,,
22.99,144705,5912,977,0.05,148,1.44,,
22.43,144799,5916,978,0.05,148,1.43,,
22.39,144891,5920,978,0.05,148,1.45,,
23.2,145059,5924,980,0.05,147,1.64,,
23.57,145173,5928,981,0.05,147,1.7,,
23.61,145268,5932,982,0.05,147,1.73,,
23.5,145355,5936,983,0.05,147,1.74,,
23.63,145453,5940,983,0.05,147,1.77,,
24.02,145593,5944,984,0.05,147,1.83,,
24.04,145676,5948,985,0.05,147,1.81,,
23.92,145762,5952,985,0.05,147,1.81,,
24.53,145906,5956,986,0.05,147,1.87,,
24.53,145993,5960,987,0.05,147,1.88,,
24.88,146115,5964,987,0.05,147,1.87,,
24.98,146223,5968,988,0.05,147,1.9,,
25.05,146314,5972,989,0.05,147,1.9,,
25.03,146386,5976,989,0.05,147,1.88,,
24.98,146465,5980,989,0.05,147,1.88,,
24.83,146545,5984,990,0.05,147,1.86,,
24.82,146628,5988,990,0.05,147,1.87,,
25.13,146733,5992,991,0.05,147,1.93,,
25.06,146811,5996,992,0.05,147,1.92,,
24.81,146873,6000,992,0.05,147,1.88,,
24.36,146982,6004,993,0.05,147,1.81,,
24.38,147072,6008,994,0.05,147,1.8,,
24.69,147174,6012,995,0.05,147,1.81,,
24.8,147279,6016,996,0.05,147,1.82,,
24.82,147373,6020,996,0.05,147,1.82,,
23.95,147454,6024,997,0.05,147,1.59,,
23.78,147551,6028,998,0.05,147,1.57,,
23.77,147645,6032,998,0.05,147,1.55,,
23.68,147723,6036,999,0.05,147,1.59,,
23.98,147851,6040,1000,0.05,147,1.62,,
23.49,147942,6044,1000,0.05,147,1.56,,
23.67,148043,6048,1001,0.05,147,1.58,,
23.67,148129,6052,1001,0.05,147,1.58,,
23.34,148240,6056,1002,0.05,147,1.54,,
23.39,148332,6060,1003,0.05,147,1.54,,
23.19,148434,6064,1003,0.05,147,1.57,,
22.94,148517,6068,1004,0.05,147,1.53,,
22.97,148611,6072,1004,0.05,147,1.52,,
23.04,148690,6076,1005,0.05,147,1.53,,
23.35,148800,6080,1005,0.05,147,1.57,,
23.24,148869,6084,1006,0.05,147,1.54,,
23.2,148948,6088,1006,0.05,147,1.53,,
23.11,149044,6092,1007,0.05,147,1.5,,
23.52,149163,6096,1008,0.05,147,1.5,,
24.24,149297,6100,1009,0.05,147,1.58,,
24.13,149395,6104,1010,0.05,147,1.54,,
24.32,149504,6108,1011,0.05,147,1.55,,
24.09,149583,6112,1012,0.05,147,1.53,,
24.49,149728,6116,1013,0.05,147,1.52,,
24.77,149850,6120,1013,0.05,147,1.55,,
24.78,149932,6124,1014,0.05,147,1.57,,
,150000,,,0.05,,,2.0,21.75
24.71,150022,6128,1015,0.05,147,1.56,,
24.69,150114,6132,1016,0.05,147,1.59,,
25.05,150228,6136,1016,0.05,147,1.54,,
24.65,150316,6140,1017,0.05,147,1.51,,
25.57,150499,6144,1018,0.05,147,1.57,,
25.88,150631,6148,1019,0.05,147,1.6,,
26.13,150742,6152,1019,0.05,147,1.63,,
25.89,150829,6156,1020,0.05,147,1.61,,
25.95,150927,6160,1020,0.05,147,1.63,,
25.9,151024,6164,1021,0.05,147,1.58,,
26.38,151155,6168,1022,0.05,147,1.64,,
26.34,151245,6172,1023,0.05,147,1.65,,
26.74,151364,6176,1024,0.05,147,1.68,,
26.76,151476,6180,1025,0.05,147,1.7,,
27.31,151600,6184,1026,0.05,147,1.81,,
27.38,151686,6188,1027,0.05,147,1.82,,
27.52,151796,6192,1027,0.05,147,1.87,,
27.26,151889,6196,1028,0.05,147,1.92,,
26.91,151988,6200,1029,0.05,147,1.9,,
26.99,152094,6204,1029,0.05,147,1.92,,
26.73,152177,6208,1030,0.05,147,1.9,,
26.95,152278,6212,1030,0.05,147,1.93,,
27.06,152434,6216,1031,0.05,147,1.99,,
26.76,152526,6220,1032,0.05,147,1.93,,
26.93,152625,6224,1033,0.05,147,1.95,,
26.87,152709,6228,1033,0.05,147,1.94,,
27.34,152848,6232,1034,0.05,147,1.96,,
27.05,152933,6236,1034,0.05,147,1.97,,
27.11,153027,6240,1035,0.05,147,1.95,,
26.25,153124,6244,1036,0.05,147,1.89,,
25.81,153212,6248,1036,0.05,147,1.88,,
25.53,153295,6252,1037,0.05,147,1.84,,
25.43,153372,6256,1038,0.05,147,1.87,,
25.29,153456,6260,1038,0.05,147,1.86,,
25.36,153560,6264,1039,0.05,147,1.89,,
25.0,153655,6268,1040,0.05,147,1.83,,
24.93,153738,6272,1041,0.05,147,1.82,,
24.69,153833,6276,1042,0.05,147,1.8,,
24.51,153927,6280,1042,0.05,147,1.74,,
24.11,154011,6284,1043,0.05,147,1.66,,
24.2,154106,6288,1043,0.05,147,1.67,,
24.34,154230,6292,1044,0.05,147,1.69,,
24.22,154311,6296,1045,0.05,147,1.65,,
24.42,154430,6300,1045,0.05,147,1.66,,
24.18,154512,6304,1046,0.05,147,1.63,,
24.25,154602,6308,1046,0.05,147,1.63,,
24.1,154688,6312,1047,0.05,147,1.6,,
23.98,154832,6316,1048,0.05,147,1.57,,
23.93,154919,6320,1048,0.05,147,1.57,,
23.81,155006,6324,1049,0.05,147,1.55,,
23.92,155101,6328,1049,0.05,147,1.54,,
23.47,155195,6332,1050,0.05,147,1.47,,
23.36,155269,6336,1051,0.05,147,1.49,,
23.25,155352,6340,1051,0.05,147,1.49,,
23.38,155462,6344,1052,0.05,147,1.53,,
23.61,155573,6348,1053,0.05,147,1.55,,
23.74,155669,6352,1054,0.05,147,1.6,,
24.07,155779,6356,1055,0.05,147,1.57,,
24.27,155883,6360,1056,0.05,147,1.58,,
24.24,155984,6364,1056,0.05,147,1.58,,
23.98,156053,6368,1057,0.05,147,1.57,,
23.93,156131,6372,1057,0.05,147,1.56,,
23.82,156215,6376,1058,0.05,147,1.57,,
23.86,156313,6380,1059,0.05,147,1.56,,
23.61,156372,6384,1059,0.05,147,1.54,,
23.54,156460,6388,1059,0.05,147,1.53,,
23.28,156558,6392,1060,0.05,147,1.49,,
23.27,156638,6396,1061,0.05,147,1.49,,
22.97,156727,6400,1061,0.05,147,1.47,,
23.15,156827,6404,1062,0.05,147,1.48,,
23.22,156924,6408,1062,0.05,147,1.51,,
23.36,157024,6412,1063,0.05,147,1.52,,
23.26,157158,6416,1064,0.05,147,1.48,,
23.84,157303,6420,1065,0.05,147,1.53,,
23.69,157375,6424,1065,0.05,147,1.51,,
23.61,157462,6428,1066,0.05,147,1.51,,
23.4,157535,6432,1066,0.05,147,1.51,,
24.01,157670,6436,1067,0.05,147,1.53,,
24.01,157753,6440,1068,0.05,147,1.52,,
23.84,157846,6444,1069,0.05,147,1.47,,
23.66,157939,6448,1070,0.05,147,1.4,,
23.57,158026,6452,1070,0.05,147,1.35,,
23.21,158100,6456,1071,0.05,147,1.32,,
22.91,158174,6460,1071,0.05,147,1.31,,
22.67,158251,6464,1072,0.05,147,1.29,,
22.93,158346,6468,1073,0.05,147,1.34,,
22.66,158397,6472,1073,0.05,147,1.3,,
23.11,158526,6476,1074,0.05,147,1.31,,
22.73,158586,6480,1074,0.05,147,1.29,,
22.68,158640,6484,1074,0.05,147,1.29,,
23.37,158797,6488,1075,0.05,147,1.37,,
23.22,158880,6492,1076,0.05,147,1.31,,
23.65,159003,6496,1077,0.05,147,1.36,,
23.67,159094,6500,1077,0.05,147,1.36,,
23.54,159181,6504,1078,0.05,147,1.39,,
23.4,159264,6508,1078,0.05,147,1.36,,
23.3,159354,6512,1079,0.05,147,1.35,,
22.75,159433,6516,1079,0.05,147,1.33,,
22.03,159506,6520,1080,0.05,147,1.26,,
22.41,159616,6524,1080,0.05,147,1.31,,
22.32,159694,6528,1081,0.05,147,1.33,,
22.4,159775,6532,1082,0.05,147,1.34,,
21.88,159858,6536,1082,0.05,147,1.29,,
22.17,159970,6540,1083,0.05,147,1.33,,
22.26,160072,6544,1085,0.05,147,1.32,,
21.92,160131,6548,1085,0.05,147,1.31,,
21.79,160205,6552,1086,0.05,147,1.29,,
21.72,160272,6556,1086,0.05,147,1.29,,
21.56,160330,6560,1087,0.05,147,1.25,,
21.65,160416,6564,1087,0.05,147,1.27,,
21.5,160496,6568,1088,0.05,147,1.25,,
21.65,160562,6572,1088,0.05,147,1.27,,
21.21,160647,6576,1089,0.05,147,1.25,,
21.67,160753,6580,1089,0.05,147,1.31,,
21.78,160818,6584,1090,0.05,147,1.33,,
21.06,160903,6588,1090,0.05,147,1.26,,
20.89,160969,6592,1091,0.05,147,1.24,,
20.25,161028,6596,1091,0.05,147,1.16,,
20.12,161106,6600,1092,0.05,147,1.16,,
20.05,161186,6604,1092,0.05,147,1.11,,
20.13,161277,6608,1093,0.05,147,1.12,,
19.66,161320,6612,1093,0.05,147,1.07,,
19.77,161410,6616,1094,0.05,147,1.09,,
19.88,161494,6620,1094,0.05,147,1.11,,
19.29,161545,6624,1095,0.05,147,1.05,,
19.1,161604,6628,1095,0.05,147,0.99,,
19.09,161684,6632,1095,0.05,147,1.0,,
19.06,161764,6636,1096,0.05,147,1.01,,
18.45,161815,6640,1097,0.05,147,0.94,,
18.23,161895,6644,1098,0.05,147,0.93,,
18.58,161989,6648,1099,0.05,147,0.97,,
19.03,162108,6652,1100,0.05,147,1.02,,
19.25,162197,6656,1100,0.05,147,1.01,,
19.42,162272,6660,1101,0.05,147,1.05,,
19.34,162350,6664,1101,0.05,147,1.03,,
19.37,162433,6668,1102,0.05,147,1.0,,
19.51,162513,6672,1102,0.05,147,1.03,,
19.63,162610,6676,1103,0.05,147,1.04,,
19.5,162703,6680,1103,0.05,147,1.01,,
19.67,162785,6684,1104,0.05,147,1.01,,
19.67,162870,6688,1105,0.05,147,0.99,,
20.32,163001,6692,1105,0.05,147,1.07,,
21.35,163163,6696,1106,0.05,147,1.16,,
21.64,163270,6700,1107,0.05,147,1.21,,
21.53,163339,6704,1107,0.05,147,1.22,,
21.54,163431,6708,1108,0.05,147,1.23,,
21.74,163494,6712,1108,0.05,147,1.24,,
22.23,163633,6716,1109,0.05,147,1.29,,
22.3,163724,6720,1110,0.05,147,1.29,,
22.75,163820,6724,1111,0.05,147,1.34,,
22.98,163902,6728,1111,0.05,147,1.39,,
23.32,164016,6732,1112,0.05,147,1.39,,
23.23,164087,6736,1113,0.05,147,1.35,,
23.73,164188,6740,1114,0.05,147,1.38,,
24.54,164349,6744,1115,0.05,147,1.49,,
24.4,164429,6748,1116,0.05,147,1.45,,
24.16,164524,6752,1116,0.05,147,1.43,,
24.32,164629,6756,1117,0.05,147,1.47,,
24.62,164734,6760,1118,0.05,147,1.49,,
24.86,164836,6764,1118,0.05,147,1.51,,
25.07,164940,6768,1119,0.05,147,1.52,,
25.47,165060,6772,1120,0.05,147,1.53,,
25.44,165154,6776,1120,0.05,147,1.54,,
25.44,165247,6780,1121,0.05,147,1.54,,
25.4,165325,6784,1121,0.05,147,1.56,,
25.43,165413,6788,1122,0.05,147,1.59,,
25.2,165521,6792,1123,0.05,147,1.57,,
24.56,165619,6796,1123,0.05,147,1.55,,
24.44,165714,6800,1124,0.05,147,1.49,,
24.68,165807,6804,1124,0.05,147,1.52,,
24.82,165913,6808,1125,0.05,147,1.53,,
25.11,166005,6812,1126,0.05,147,1.59,,
24.71,166104,6816,1127,0.05,147,1.54,,
24.76,166200,6820,1128,0.05,147,1.54,,
24.74,166294,6824,1129,0.05,147,1.52,,
25.34,166436,6828,1130,0.05,147,1.57,,
25.02,166518,6832,1130,0.05,147,1.53,,
25.28,166615,6836,1131,0.05,147,1.6,,
25.21,166709,6840,1131,0.05,147,1.64,,
24.71,166820,6844,1132,0.05,147,1.54,,
25.02,166931,6848,1133,0.05,147,1.63,,
25.08,167032,6852,1133,0.05,147,1.65,,
25.13,167142,6856,1134,0.05,147,1.72,,
25.08,167242,6860,1135,0.05,147,1.71,,
24.9,167326,6864,1135,0.05,147,1.69,,
24.88,167428,6868,1136,0.05,147,1.71,,
24.88,167548,6872,1137,0.05,147,1.74,,
24.97,167651,6876,1137,0.05,147,1.75,,
24.96,167743,6880,1138,0.05,147,1.73,,
25.13,167838,6884,1138,0.05,147,1.71,,
24.99,167912,6888,1139,0.05,147,1.68,,
24.7,167991,6892,1139,0.05,147,1.65,,
24.52,168071,6896,1140,0.05,147,1.58,,
24.75,168189,6900,1141,0.05,147,1.65,,
24.66,168273,6904,1142,0.05,147,1.65,,
24.5,168363,6908,1143,0.05,147,1.64,,
24.38,168443,6912,1144,0.05,147,1.6,,
24.25,168529,6916,1144,0.05,147,1.58,,
24.23,168623,6920,1145,0.05,147,1.59,,
24.7,168764,6924,1146,0.05,147,1.63,,
24.34,168870,6928,1146,0.05,147,1.59,,
24.62,168980,6932,1147,0.05,147,1.65,,
24.8,169095,6936,1148,0.05,147,1.63,,
24.8,169189,6940,1148,0.05,147,1.62,,
24.48,169268,6944,1149,0.05,147,1.63,,
24.55,169386,6948,1149,0.05,147,1.6,,
24.45,169477,6952,1150,0.05,147,1.59,,
24.56,169598,6956,1151,0.05,147,1.55,,
24.78,169720,6960,1151,0.05,147,1.56,,
24.9,169816,6964,1152,0.05,147,1.57,,
24.85,169913,6968,1153,0.05,147,1.6,,
24.55,170003,6972,1153,0.05,147,1.56,,
24.71,170122,6976,1154,0.05,147,1.61,,
24.48,170191,6980,1155,0.05,147,1.61,,
25.01,170339,6984,1156,0.05,147,1.67,,
25.66,170478,6988,1157,0.05,147,1.71,,
26.32,170623,6992,1159,0.05,147,1.73,,
26.75,170746,6996,1159,0.05,147,1.83,,
26.31,170820,7000,1160,0.05,147,1.74,,
26.52,170925,7004,1161,0.05,147,1.76,,
26.27,170990,7008,1161,0.05,147,1.72,,
26.17,171060,7012,1161,0.05,147,1.72,,
26.83,171212,7016,1162,0.05,147,1.8,,
26.77,171300,7020,1163,0.05,147,1.81,,
26.14,171378,7024,1163,0.05,147,1.78,,
25.81,171451,7028,1164,0.05,147,1.74,,
26.4,171620,7032,1165,0.05,147,1.79,,
26.04,171699,7036,1165,0.05,147,1.78,,
26.05,171794,7040,1166,0.05,147,1.74,,
26.34,171902,7044,1167,0.05,147,1.75,,
26.15,172001,7048,1167,0.05,147,1.73,,
26.0,172077,7052,1168,0.05,147,1.71,,
25.66,172164,7056,1168,0.05,147,1.69,,
25.41,172261,7060,1169,0.05,147,1.67,,
25.22,172338,7064,1170,0.05,147,1.65,,
25.2,172433,7068,1171,0.05,147,1.63,,
25.16,172519,7072,1171,0.05,147,1.64,,
25.0,172622,7076,1172,0.05,147,1.56,,
25.42,172733,7080,1173,0.05,147,1.61,,
25.03,172842,7084,1174,0.05,147,1.58,,
25.12,172990,7088,1175,0.05,147,1.67,,
25.39,173162,7092,1176,0.05,147,1.73,,
25.01,173247,7096,1176,0.05,147,1.67,,
25.17,173337,7100,1177,0.05,147,1.7,,
25.02,173427,7104,1178,0.05,147,1.69,,
25.37,173527,7108,1178,0.05,147,1.75,,
25.66,173626,7112,1179,0.05,147,1.81,,
25.07,173719,7116,1179,0.05,147,1.76,,
25.03,173803,7120,1180,0.05,147,1.74,,
25.08,173886,7124,1180,0.05,147,1.72,,
25.16,173967,7128,1181,0.05,147,1.74,,
24.22,174042,7132,1181,0.05,147,1.64,,
24.12,174111,7136,1182,0.05,147,1.6,,
24.46,174240,7140,1183,0.05,147,1.66,,
24.25,174327,7144,1183,0.05,147,1.64,,
24.81,174482,7148,1185,0.05,147,1.78,,
24.82,174559,7152,1185,0.05,147,1.77,,
24.8,174644,7156,1186,0.05,147,1.74,,
24.8,174741,7160,1187,0.05,147,1.77,,
24.92,174830,7164,1188,0.05,147,1.79,,
25.23,174956,7168,1189,0.05,147,1.88,,
,175000,,,0.05,,,1.75,25.25
25.54,175073,7172,1190,0.05,147,1.92,,
25.42,175164,7176,1190,0.05,147,1.91,,
25.14,175247,7180,1191,0.05,147,1.87,,
24.55,175297,7184,1191,0.05,147,1.8,,
23.81,175371,7188,1192,0.05,147,1.67,,
23.18,175480,7192,1192,0.05,147,1.6,,
23.07,175554,7196,1193,0.05,147,1.58,,
23.23,175660,7200,1193,0.05,147,1.59,,
23.28,175755,7204,1194,0.05,147,1.59,,
23.24,175851,7208,1195,0.05,147,1.54,,
22.9,175916,7212,1195,0.05,147,1.47,,
23.01,176020,7216,1196,0.05,147,1.47,,
23.25,176128,7220,1196,0.05,147,1.51,,
23.47,176233,7224,1197,0.05,147,1.54,,
23.6,176327,7228,1198,0.05,147,1.57,,
23.94,176436,7232,1199,0.05,147,1.62,,
24.27,176538,7236,1200,0.05,147,1.68,,
23.79,176619,7240,1200,0.05,147,1.64,,
23.59,176686,7244,1201,0.05,147,1.63,,
23.04,176786,7248,1202,0.05,147,1.51,,
23.37,176896,7252,1203,0.05,147,1.55,,
23.43,176987,7256,1203,0.05,147,1.54,,
23.83,177124,7260,1204,0.05,147,1.57,,
23.93,177223,7264,1205,0.05,147,1.6,,
23.65,177321,7268,1205,0.05,147,1.53,,
23.36,177409,7272,1206,0.05,147,1.48,,
23.31,177495,7276,1206,0.05,147,1.52,,
23.51,177598,7280,1207,0.05,147,1.56,,
23.75,177672,7284,1207,0.05,147,1.6,,
23.93,177764,7288,1208,0.05,147,1.62,,
23.99,177879,7292,1209,0.05,147,1.66,,
24.12,177966,7296,1209,0.05,147,1.68,,
23.96,178056,7300,1210,0.05,147,1.67,,
23.93,178148,7304,1210,0.05,147,1.69,,
24.07,178258,7308,1211,0.05,147,1.73,,
24.44,178360,7312,1211,0.05,147,1.79,,
24.28,178448,7316,1212,0.05,147,1.77,,
24.18,178546,7320,1213,0.05,147,1.78,,
23.99,178632,7324,1214,0.05,147,1.75,,
24.28,178755,7328,1215,0.05,147,1.77,,
24.31,178867,7332,1216,0.05,147,1.74,,
24.1,178948,7336,1216,0.05,147,1.7,,
24.03,179022,7340,1217,0.05,147,1.71,,
24.25,179111,7344,1218,0.05,147,1.76,,
24.12,179198,7348,1218,0.05,147,1.76,,
23.97,179293,7352,1219,0.05,147,1.72,,
24.05,179392,7356,1219,0.05,147,1.77,,
23.57,179481,7360,1220,0.05,147,1.72,,
23.64,179587,7364,1220,0.05,147,1.71,,
23.5,179671,7368,1221,0.05,147,1.67,,
23.5,179759,7372,1221,0.05,147,1.69,,
23.93,179888,7376,1222,0.05,147,1.7,,
23.76,179974,7380,1223,0.05,147,1.68,,
23.95,180067,7384,1223,0.05,147,1.69,,
23.95,180159,7388,1224,0.05,147,1.69,,
23.74,180253,7392,1225,0.05,147,1.64,,
23.89,180355,7396,1225,0.05,147,1.69,,
23.94,180450,7400,1226,0.05,147,1.69,,
23.93,180541,7404,1227,0.05,147,1.67,,
23.7,180628,7408,1227,0.05,147,1.64,,
23.58,180718,7412,1228,0.05,147,1.62,,
23.57,180805,7416,1229,0.05,147,1.63,,
23.96,180942,7420,1230,0.05,147,1.63,,
23.97,181029,7424,1231,0.05,147,1.65,,
23.62,181117,7428,1231,0.05,147,1.59,,
23.51,181218,7432,1232,0.05,147,1.61,,
23.67,181315,7436,1233,0.05,147,1.67,,
23.68,181390,7440,1233,0.05,147,1.66,,
23.61,181472,7444,1234,0.05,147,1.62,,
23.43,181541,7448,1234,0.05,147,1.59,,
23.99,181692,7452,1235,0.05,147,1.64,,
23.85,181777,7456,1236,0.05,147,1.63,,
23.82,181863,7460,1236,0.05,147,1.63,,
23.75,181962,7464,1237,0.05,147,1.61,,
23.67,182038,7468,1237,0.05,147,1.61,,
23.61,182120,7472,1238,0.05,147,1.59,,
23.41,182229,7476,1238,0.05,147,1.59,,
23.24,182298,7480,1239,0.05,147,1.57,,
23.48,182415,7484,1240,0.05,147,1.62,,
23.56,182515,7488,1240,0.05,147,1.63,,
23.47,182600,7492,1241,0.05,147,1.62,,
23.18,182673,7496,1242,0.05,147,1.53,,
23.05,182755,7500,1242,0.05,147,1.51,,
23.02,182843,7504,1243,0.05,147,1.48,,
22.75,182903,7508,1244,0.05,146,1.45,,
22.59,182977,7512,1245,0.05,146,1.41,,
22.48,183053,7516,1245,0.05,146,1.38,,
21.84,183126,7520,1245,0.05,146,1.33,,
21.84,183213,7524,1246,0.05,146,1.33,,
22.03,183320,7528,1247,0.05,146,1.32,,
21.77,183395,7532,1247,0.05,146,1.31,,
22.01,183516,7536,1248,0.05,147,1.33,,
22.07,183597,7540,1248,0.05,147,1.34,,
22.15,183687,7544,1249,0.05,147,1.37,,
22.02,183743,7548,1249,0.05,147,1.33,,
21.16,183808,7552,1250,0.05,147,1.26,,
21.6,183937,7556,1251,0.05,147,1.28,,
22.14,184077,7560,1251,0.05,147,1.3,,
22.04,184166,7564,1252,0.05,147,1.28,,
22.02,184240,7568,1252,0.05,147,1.26,,
22.19,184339,7572,1253,0.05,147,1.29,,
21.87,184416,7576,1253,0.05,147,1.24,,
21.85,184483,7580,1254,0.05,147,1.24,,
22.01,184616,7584,1255,0.05,147,1.23,,
22.17,184732,7588,1256,0.05,147,1.25,,
22.18,184818,7592,1257,0.05,146,1.28,,
22.35,184908,7596,1258,0.05,146,1.34,,
22.38,184993,7600,1259,0.05,146,1.35,,
22.75,185118,7604,1259,0.05,146,1.4,,
22.85,185188,7608,1260,0.05,146,1.41,,
22.86,185263,7612,1260,0.05,146,1.4,,
23.22,185375,7616,1261,0.05,146,1.43,,
23.25,185451,7620,1262,0.05,146,1.41,,
23.66,185579,7624,1262,0.05,146,1.47,,
23.54,185674,7628,1263,0.05,146,1.51,,
23.66,185761,7632,1264,0.05,146,1.49,,
23.38,185854,7636,1264,0.05,146,1.44,,
23.49,185946,7640,1265,0.05,146,1.46,,
23.99,186086,7644,1265,0.05,146,1.54,,
24.65,186208,7648,1266,0.05,146,1.65,,
25.19,186327,7652,1267,0.05,147,1.7,,
24.78,186415,7656,1267,0.05,147,1.67,,
24.43,186520,7660,1268,0.05,147,1.66,,
24.38,186604,7664,1269,0.05,147,1.67,,
24.69,186709,7668,1269,0.05,147,1.72,,
24.82,186821,7672,1270,0.05,146,1.75,,
24.99,186915,7676,1271,0.05,146,1.78,,
25.11,186994,7680,1272,0.05,146,1.79,,
24.59,187075,7684,1273,0.05,146,1.75,,
24.57,187189,7688,1274,0.05,146,1.78,,
25.14,187332,7692,1275,0.05,146,1.81,,
25.26,187434,7696,1275,0.05,146,1.81,,
25.35,187528,7700,1276,0.05,146,1.83,,
25.05,187623,7704,1276,0.05,146,1.8,,
25.21,187709,7708,1277,0.05,146,1.82,,
25.28,187791,7712,1277,0.05,146,1.87,,
25.19,187894,7716,1278,0.05,146,1.89,,
25.68,188019,7720,1279,0.05,146,1.94,,
25.45,188124,7724,1279,0.05,146,1.92,,
25.94,188268,7728,1280,0.05,146,1.94,,
26.15,188376,7732,1281,0.05,147,1.98,,
26.12,188466,7736,1281,0.05,147,1.98,,
26.39,188585,7740,1282,0.05,147,1.98,,
25.88,188674,7744,1283,0.05,147,1.91,,
25.51,188759,7748,1283,0.05,147,1.86,,
25.21,188848,7752,1284,0.05,147,1.85,,
25.21,188936,7756,1285,0.05,147,1.82,,
25.39,189059,7760,1286,0.05,146,1.85,,
25.25,189129,7764,1286,0.05,146,1.85,,
25.05,189214,7768,1287,0.05,146,1.83,,
24.73,189294,7772,1288,0.05,146,1.75,,
24.52,189367,7776,1289,0.05,146,1.73,,
24.94,189488,7780,1289,0.05,146,1.78,,
24.86,189561,7784,1290,0.05,146,1.75,,
24.59,189648,7788,1290,0.05,146,1.67,,
23.73,189705,7792,1291,0.05,146,1.58,,
23.45,189779,7796,1291,0.05,146,1.56,,
23.66,189894,7800,1292,0.05,146,1.59,,
23.65,189988,7804,1292,0.05,146,1.59,,
23.65,190074,7808,1293,0.05,146,1.59,,
23.76,190167,7812,1294,0.05,146,1.6,,
23.32,190226,7816,1294,0.05,146,1.52,,
22.86,190305,7820,1295,0.05,146,1.49,,
22.66,190390,7824,1295,0.05,146,1.45,,
22.18,190486,7828,1296,0.05,146,1.44,,
22.32,190608,7832,1296,0.05,146,1.46,,
22.35,190701,7836,1297,0.05,146,1.47,,
22.11,190796,7840,1298,0.05,146,1.47,,
22.21,190895,7844,1298,0.05,146,1.49,,
22.15,190974,7848,1299,0.05,146,1.46,,
22.42,191090,7852,1300,0.05,146,1.49,,
22.1,191146,7856,1301,0.05,146,1.46,,
22.27,191286,7860,1302,0.05,146,1.46,,
23.14,191443,7864,1303,0.05,146,1.53,,
23.95,191609,7868,1304,0.05,146,1.58,,
24.27,191721,7872,1305,0.05,146,1.63,,
24.35,191802,7876,1305,0.05,146,1.65,,
24.11,191899,7880,1306,0.05,146,1.59,,
24.54,192015,7884,1307,0.05,146,1.65,,
24.49,192097,7888,1307,0.05,146,1.65,,
24.54,192159,7892,1308,0.05,146,1.69,,
24.58,192237,7896,1308,0.05,146,1.7,,
24.23,192317,7900,1309,0.05,146,1.63,,
24.37,192425,7904,1309,0.05,146,1.67,,
24.43,192517,7908,1310,0.05,146,1.67,,
24.23,192590,7912,1310,0.05,146,1.63,,
24.37,192663,7916,1311,0.05,146,1.65,,
24.55,192760,7920,1311,0.05,146,1.67,,
24.39,192829,7924,1312,0.05,146,1.65,,
24.15,192901,7928,1312,0.05,146,1.61,,
23.93,193001,7932,1313,0.05,146,1.57,,
23.87,193088,7936,1313,0.05,146,1.55,,
23.59,193155,7940,1314,0.05,146,1.49,,
23.39,193234,7944,1315,0.05,146,1.41,,
24.09,193383,7948,1316,0.05,146,1.54,,
23.84,193474,7952,1317,0.05,146,1.51,,
24.38,193584,7956,1318,0.05,146,1.6,,
23.89,193675,7960,1319,0.05,146,1.55,,
23.18,193761,7964,1319,0.05,146,1.48,,
22.35,193844,7968,1320,0.05,146,1.41,,
22.43,193964,7972,1320,0.05,146,1.4,,
22.45,194047,7976,1321,0.05,146,1.38,,
22.64,194163,7980,1322,0.05,146,1.43,,
22.66,194281,7984,1322,0.05,146,1.4,,
23.04,194401,7988,1323,0.05,146,1.44,,
23.47,194506,7992,1324,0.05,146,1.44,,
23.71,194608,7996,1324,0.05,146,1.48,,
23.77,194694,8000,1325,0.05,146,1.49,,
23.36,194761,8004,1325,0.05,146,1.41,,
23.68,194885,8008,1326,0.05,146,1.42,,
23.96,194986,8012,1327,0.05,146,1.45,,
24.03,195066,8016,1327,0.05,146,1.46,,
24.12,195172,8020,1328,0.05,146,1.44,,
24.84,195313,8024,1329,0.05,146,1.52,,
25.38,195439,8028,1330,0.05,146,1.57,,
25.42,195543,8032,1331,0.05,146,1.62,,
25.75,195663,8036,1332,0.05,146,1.69,,
26.55,195810,8040,1333,0.05,146,1.79,,
26.74,195908,8044,1334,0.05,146,1.85,,
26.01,195984,8048,1334,0.05,146,1.73,,
26.06,196080,8052,1335,0.05,146,1.73,,
26.06,196190,8056,1336,0.05,146,1.71,,
25.83,196258,8060,1336,0.05,146,1.7,,
26.18,196379,8064,1337,0.05,146,1.73,,
26.95,196539,8068,1338,0.05,146,1.84,,
26.42,196606,8072,1338,0.05,146,1.81,,
26.62,196709,8076,1339,0.05,146,1.83,,
26.38,196801,8080,1339,0.05,146,1.79,,
25.89,196870,8084,1340,0.05,146,1.75,,
25.71,196972,8088,1340,0.05,146,1.73,,
25.56,197062,8092,1341,0.05,146,1.75,,
25.38,197146,8096,1341,0.05,146,1.71,,
25.49,197243,8100,1342,0.05,146,1.78,,
25.67,197328,8104,1343,0.05,146,1.81,,
25.23,197408,8108,1343,0.05,146,1.8,,
24.96,197482,8112,1344,0.05,146,1.77,,
24.93,197559,8116,1345,0.05,146,1.78,,
25.0,197672,8120,1346,0.05,146,1.83,,
24.61,197774,8124,1347,0.05,146,1.75,,
24.04,197843,8128,1347,0.05,146,1.69,,
23.6,197903,8132,1348,0.05,146,1.62,,
23.98,198061,8136,1349,0.05,146,1.66,,
23.13,198123,8140,1349,0.05,146,1.55,,
22.81,198189,8144,1349,0.05,146,1.47,,
22.76,198260,8148,1350,0.05,146,1.49,,
22.65,198345,8152,1350,0.05,146,1.5,,
23.15,198505,8156,1351,0.05,146,1.58,,
23.09,198567,8160,1352,0.05,146,1.55,,
22.64,198643,8164,1352,0.05,146,1.51,,
21.8,198719,8168,1353,0.05,146,1.41,,
21.8,198786,8172,1353,0.05,146,1.41,,
21.46,198855,8176,1354,0.05,146,1.36,,
21.33,198934,8180,1354,0.05,146,1.34,,
21.92,199062,8184,1355,0.05,146,1.4,,
21.72,199144,8188,1355,0.05,146,1.37,,
21.58,199220,8192,1356,0.05,146,1.34,,
21.66,199312,8196,1357,0.05,146,1.37,,
21.76,199419,8200,1357,0.05,146,1.32,,
21.5,199478,8204,1358,0.05,146,1.3,,
21.45,199553,8208,1359,0.05,146,1.27,,
21.53,199635,8212,1359,0.05,146,1.29,,
21.34,199693,8216,1360,0.05,146,1.26,,
20.96,199768,8220,1361,0.05,146,1.21,,
20.56,199830,8224,1361,0.05,146,1.2,,
20.72,199915,8228,1362,0.05,146,1.23,,
,200000,,,0.05,,,1.75,20.5
20.97,200000,8232,1363,0.05,146,1.23,,
