rollout/ep_rew_mean,time/fps,time/total_timesteps,time/time_elapsed,rollout/exploration_rate,rollout/ep_len_mean,time/episodes,train/n_updates,train/learning_rate,train/loss,eval/mean_reward,eval/mean_ep_length
0.25,221,60,0,0.9990500000000001,15.0,4,,,,,
0.5,119,148,1,0.9976566666666667,18.5,8,11,0.0001,0.0159590020775795,,
0.5,122,235,1,0.9962791666666666,19.583333333333332,12,33,0.0001,0.012805989943444729,,
0.375,120,292,2,0.9953766666666666,18.25,16,47,0.0001,0.014654641039669514,,
0.4,119,369,3,0.9941575,18.45,20,67,0.0001,0.00043170960270799696,,
0.3333333333333333,118,425,3,0.9932708333333332,17.708333333333332,24,81,0.0001,0.011234445497393608,,
0.5,118,548,4,0.9913233333333334,19.571428571428573,28,111,0.0001,0.015667302533984184,,
0.625,124,672,5,0.9893599999999999,21.0,32,142,0.0001,0.013249910436570644,,
0.5833333333333334,129,750,5,0.9881249999999999,20.833333333333332,36,162,0.0001,0.0006346884183585644,,
0.55,132,815,6,0.9870958333333332,20.375,40,178,0.0001,0.014919609762728214,,
0.5681818181818182,136,897,6,0.9857975000000001,20.386363636363637,44,199,0.0001,0.0010149390436708927,,
0.6041666666666666,139,972,6,0.9846100000000001,20.25,48,217,0.0001,0.00025794500834308565,,
0.5961538461538461,143,1061,7,0.9832008333333333,20.403846153846153,52,240,0.0001,0.014916548505425453,,
0.5714285714285714,145,1122,7,0.982235,20.035714285714285,56,255,0.0001,0.0010064117377623916,,
0.55,148,1196,8,0.9810633333333334,19.933333333333334,60,273,0.0001,0.000933897215873003,,
0.546875,150,1269,8,0.9799074999999998,19.828125,64,292,0.0001,0.0005945200100541115,,
0.6764705882352942,156,1467,9,0.9767725,21.573529411764707,68,341,0.0001,0.00032639113487675786,,
0.6944444444444444,158,1554,9,0.9753949999999998,21.583333333333332,72,363,0.0001,0.03019639104604721,,
0.7894736842105263,162,1697,10,0.9731308333333335,22.32894736842105,76,399,0.0001,0.0019405997591093183,,
0.75,163,1753,10,0.9722441666666666,21.9125,80,413,0.0001,0.0006562612252309918,,
0.7857142857142857,164,1847,11,0.9707558333333334,21.988095238095237,84,436,0.0001,0.01463356614112854,,
0.7613636363636364,165,1917,11,0.9696475000000001,21.78409090909091,88,454,0.0001,0.026932422071695328,,
0.7391304347826086,166,1983,11,0.9686025,21.554347826086957,92,470,0.0001,0.01320594735443592,,
0.75,167,2080,12,0.9670666666666667,21.666666666666668,96,494,0.0001,0.00046299604582600296,,
0.78,168,2212,13,0.9649766666666668,22.12,100,527,0.0001,0.001842130208387971,,
0.79,170,2305,13,0.9635041666666666,22.45,104,551,0.0001,0.01274866797029972,,
0.78,170,2393,14,0.9621108333333334,22.45,108,573,0.0001,0.0012467368505895138,,
0.77,170,2453,14,0.9611608333333335,22.18,112,588,0.0001,0.00034045486245304346,,
0.79,171,2527,14,0.9599891666666668,22.35,116,606,0.0001,0.025027362629771233,,
0.79,172,2606,15,0.9587383333333334,22.37,120,626,0.0001,0.029069699347019196,,
0.8,170,2702,15,0.9572183333333333,22.77,124,650,0.0001,0.0009736509528011084,,
0.78,168,2820,16,0.95535,22.72,128,679,0.0001,0.011579794809222221,,
0.75,166,2907,17,0.9539725000000001,22.35,132,701,0.0001,0.019608423113822937,,
0.78,165,2999,18,0.9525158333333335,22.49,136,724,0.0001,0.014755353331565857,,
0.8,163,3090,18,0.9510750000000001,22.75,140,747,0.0001,0.00168953079264611,,
0.84,164,3276,19,0.9481300000000001,23.79,144,793,0.0001,0.02223653346300125,,
0.87,165,3391,20,0.9463091666666665,24.19,148,822,0.0001,0.0007415827712975442,,
0.87,166,3469,20,0.9450741666666669,24.08,152,842,0.0001,0.012932127341628075,,
0.91,167,3586,21,0.9432216666666666,24.64,156,871,0.0001,0.0017730712424963713,,
0.93,168,3675,21,0.9418124999999999,24.79,160,893,0.0001,0.01785864308476448,,
0.91,168,3725,22,0.9410208333333333,24.56,164,906,0.0001,0.005605773068964481,,
0.83,168,3808,22,0.9397066666666668,23.41,168,926,0.0001,0.00810251384973526,,
0.82,168,3899,23,0.9382658333333332,23.45,172,949,0.0001,0.020671583712100983,,
0.73,169,3982,23,0.9369516666666667,22.85,176,970,0.0001,0.027828484773635864,,
0.79,170,4117,24,0.9348141666666667,23.64,180,1004,0.0001,0.0072514708153903484,,
0.77,170,4203,24,0.9334525,23.56,184,1025,0.0001,0.007301887031644583,,
0.82,171,4349,25,0.9311408333333333,24.32,188,1062,0.0001,0.015252025797963142,,
0.88,172,4504,26,0.9286866666666667,25.21,192,1100,0.0001,0.0018818500684574246,,
0.84,172,4561,26,0.9277841666666667,24.81,196,1115,0.0001,0.0013351363595575094,,
0.78,172,4635,26,0.9266125000000002,24.23,200,1133,0.0001,0.009946323931217194,,
0.81,173,4760,27,0.9246333333333332,24.55,204,1164,0.0001,0.011829468421638012,,
0.81,174,4850,27,0.9232083333333334,24.57,208,1187,0.0001,0.017588943243026733,,
0.84,174,4974,28,0.9212450000000002,25.21,212,1218,0.0001,0.03362917900085449,,
0.85,175,5051,28,0.9200258333333332,25.24,216,1237,0.0001,0.015462085604667664,,
0.86,174,5189,29,0.9178408333333333,25.83,220,1272,0.0001,0.001417132094502449,,
0.85,173,5240,30,0.9170333333333334,25.38,224,1284,0.0001,0.00855278316885233,,
0.85,172,5341,30,0.9154341666666668,25.21,228,1310,0.0001,0.014103708788752556,,
0.87,171,5457,31,0.9135975,25.5,232,1339,0.0001,0.00135448994114995,,
0.84,170,5518,32,0.9126316666666666,25.19,236,1354,0.0001,0.001423064386472106,,
0.87,169,5634,33,0.9107949999999999,25.44,240,1383,0.0001,0.0036503556184470654,,
0.82,168,5694,33,0.909845,24.18,244,1398,0.0001,0.013517919927835464,,
0.78,168,5792,34,0.9082933333333334,24.01,248,1422,0.0001,0.0027268375270068645,,
0.76,168,5861,34,0.9072008333333332,23.92,252,1440,0.0001,0.013970731757581234,,
0.75,169,5944,35,0.9058866666666667,23.58,256,1460,0.0001,0.004340257495641708,,
0.72,169,6000,35,0.9049999999999999,23.25,260,1474,0.0001,0.020600885152816772,,
0.75,169,6070,35,0.9038916666666668,23.45,264,1492,0.0001,0.01047124620527029,,
0.73,170,6184,36,0.9020866666666668,23.76,268,1520,0.0001,0.0006956500583328307,,
0.71,170,6253,36,0.9009941666666668,23.54,272,1538,0.0001,0.01442310493439436,,
0.72,170,6313,37,0.9000441666666668,23.31,276,1553,0.0001,0.0010740463621914387,,
0.68,170,6380,37,0.8989833333333332,22.63,280,1569,0.0001,0.0012016692198812962,,
0.66,170,6457,37,0.8977641666666667,22.54,284,1589,0.0001,0.03851228952407837,,
0.6,170,6517,38,0.8968141666666667,21.68,288,1604,0.0001,0.02459372580051422,,
0.55,170,6583,38,0.8957691666666666,20.79,292,1620,0.0001,0.009791141375899315,,
0.6,171,6687,39,0.8941225,21.26,296,1646,0.0001,0.01970992609858513,,
0.63,171,6768,39,0.8928400000000001,21.33,300,1666,0.0001,0.0014718739548698068,,
0.62,172,6877,39,0.8911141666666667,21.17,304,1694,0.0001,0.008507752791047096,,
0.64,172,7010,40,0.8890083333333333,21.6,308,1727,0.0001,0.007335016503930092,,
0.64,172,7097,41,0.8876308333333334,21.23,312,1749,0.0001,0.023825621232390404,,
0.65,172,7174,41,0.8864116666666668,21.23,316,1768,0.0001,0.016713181510567665,,
0.63,173,7245,41,0.8852875000000001,20.56,320,1786,0.0001,0.0360133983194828,,
0.66,173,7330,42,0.8839416666666668,20.9,324,1807,0.0001,0.0018486400367692113,,
0.69,173,7443,42,0.8821525,21.02,328,1835,0.0001,0.004495798610150814,,
0.66,173,7535,43,0.8806958333333332,20.78,332,1858,0.0001,0.04243789613246918,,
0.68,173,7616,43,0.8794133333333334,20.98,336,1878,0.0001,0.013893214985728264,,
0.65,173,7711,44,0.8779091666666666,20.77,340,1902,0.0001,0.004913108889013529,,
0.65,172,7833,45,0.8759775,21.39,344,1933,0.0001,0.01394797395914793,,
0.7,171,7984,46,0.8735866666666667,21.92,348,1970,0.0001,0.01967998594045639,,
0.77,170,8107,47,0.8716391666666667,22.46,352,2001,0.0001,0.001598366186954081,,
0.76,170,8210,48,0.8700083333333333,22.66,356,2027,0.0001,0.004263469949364662,,
0.77,170,8272,48,0.8690266666666668,22.72,360,2042,0.0001,0.017085060477256775,,
0.86,171,8503,49,0.8653691666666667,24.33,364,2100,0.0001,0.01025508251041174,,
0.9,171,8598,50,0.8638650000000001,24.14,368,2124,0.0001,0.0013499977067112923,,
0.89,171,8652,50,0.86301,23.99,372,2137,0.0001,0.008200443349778652,,
0.9,171,8733,50,0.8617275000000002,24.2,376,2158,0.0001,0.003998530097305775,,
0.88,171,8791,51,0.8608091666666667,24.11,380,2172,0.0001,0.03172198683023453,,
0.88,171,8880,51,0.8593999999999999,24.23,384,2194,0.0001,0.01117431465536356,,
0.91,172,8965,52,0.8580541666666667,24.48,388,2216,0.0001,0.013723418116569519,,
0.91,172,9049,52,0.8567241666666667,24.66,392,2237,0.0001,0.015279452316462994,,
0.9,172,9128,52,0.8554733333333333,24.41,396,2256,0.0001,0.0031051030382514,,
0.9,172,9223,53,0.8539691666666667,24.55,400,2280,0.0001,0.008128085173666477,,
0.89,172,9330,54,0.8522750000000001,24.53,404,2307,0.0001,0.0027691670693457127,,
0.88,172,9443,54,0.8504858333333333,24.33,408,2335,0.0001,0.0017122350400313735,,
0.89,172,9556,55,0.8486966666666665,24.59,412,2363,0.0001,0.005011650733649731,,
0.9,173,9668,55,0.8469233333333331,24.94,416,2391,0.0001,0.0012717399513348937,,
0.91,173,9775,56,0.8452291666666667,25.3,420,2418,0.0001,0.02874681167304516,,
0.91,173,9848,56,0.8440733333333335,25.18,424,2436,0.0001,0.01765904203057289,,
0.88,173,9940,57,0.8426166666666668,24.97,428,2459,0.0001,0.0023529159370809793,,
0.86,173,9999,57,0.8416825,24.64,432,2474,0.0001,0.00040574499871581793,,
0.86,168,10078,59,0.8404316666666665,24.62,436,2494,0.0001,0.011609422042965889,,
0.86,167,10168,60,0.8390066666666667,24.57,440,2516,0.0001,0.008785144425928593,,
0.92,167,10345,61,0.8362041666666666,25.12,444,2561,0.0001,0.020342878997325897,,
0.87,167,10413,62,0.8351274999999999,24.29,448,2578,0.0001,0.003917525056749582,,
0.91,168,10618,63,0.8318816666666667,25.11,452,2629,0.0001,0.004342057276517153,,
0.9,168,10686,63,0.830805,24.76,456,2646,0.0001,0.012104704976081848,,
0.95,168,10826,64,0.8285883333333333,25.54,460,2681,0.0001,0.02313394285738468,,
0.88,168,10920,64,0.8271000000000001,24.17,464,2704,0.0001,0.013795772567391396,,
0.88,168,11013,65,0.8256275,24.15,468,2728,0.0001,0.02067522332072258,,
0.97,169,11150,65,0.8234583333333334,24.98,472,2762,0.0001,0.03170463442802429,,
1.0,169,11246,66,0.8219383333333333,25.13,476,2786,0.0001,0.009815691038966179,,
1.01,169,11314,66,0.8208616666666666,25.23,480,2803,0.0001,0.010107714682817459,,
0.99,169,11369,67,0.8199908333333332,24.89,484,2817,0.0001,0.011660095304250717,,
0.98,169,11445,67,0.8187875000000001,24.8,488,2836,0.0001,0.022237133234739304,,
0.99,169,11522,67,0.8175683333333332,24.73,492,2855,0.0001,0.009206507354974747,,
0.98,169,11609,68,0.8161908333333333,24.81,496,2877,0.0001,0.009116952307522297,,
0.95,169,11679,68,0.8150825,24.56,500,2894,0.0001,0.03156203404068947,,
0.98,169,11796,69,0.8132299999999999,24.66,504,2923,0.0001,0.003453365061432123,,
1.0,169,11882,69,0.8118683333333334,24.39,508,2945,0.0001,0.02025516703724861,,
0.99,170,11964,70,0.81057,24.08,512,2965,0.0001,0.017897365614771843,,
1.0,170,12094,70,0.8085116666666666,24.26,516,2998,0.0001,0.011888290755450726,,
1.01,170,12184,71,0.8070866666666667,24.09,520,3020,0.0001,0.003112898673862219,,
1.05,169,12339,72,0.8046324999999999,24.91,524,3059,0.0001,0.011316456831991673,,
1.11,168,12510,74,0.801925,25.7,528,3102,0.0001,0.0225632656365633,,
1.17,168,12618,75,0.8002150000000001,26.19,532,3129,0.0001,0.01830020546913147,,
1.18,167,12720,75,0.7986,26.42,536,3154,0.0001,0.026843076571822166,,
1.16,167,12797,76,0.7973808333333334,26.29,540,3174,0.0001,0.032576385885477066,,
1.14,168,12936,76,0.7951800000000001,25.91,544,3208,0.0001,0.005370954051613808,,
1.12,168,13023,77,0.7938024999999999,26.1,548,3230,0.0001,0.02353687398135662,,
1.05,168,13097,77,0.7926308333333333,24.79,552,3249,0.0001,0.019957000389695168,,
1.06,168,13176,78,0.7913800000000002,24.9,556,3268,0.0001,0.004544567316770554,,
1.04,168,13270,78,0.7898916666666667,24.44,560,3292,0.0001,0.022244805470108986,,
1.02,168,13369,79,0.7883241666666665,24.49,564,3317,0.0001,0.004388040397316217,,
1.02,168,13468,79,0.7867566666666668,24.55,568,3341,0.0001,0.02754918485879898,,
0.97,169,13556,80,0.7853633333333335,24.06,572,3363,0.0001,0.022905780002474785,,
1.0,169,13697,80,0.7831308333333333,24.51,576,3399,0.0001,0.003612897591665387,,
1.01,169,13760,81,0.7821333333333333,24.46,580,3414,0.0001,0.007816423662006855,,
1.04,169,13834,81,0.7809616666666668,24.65,584,3433,0.0001,0.01337630394846201,,
1.06,169,13936,82,0.7793466666666667,24.91,588,3458,0.0001,0.023498067632317543,,
1.08,169,14037,82,0.7777475000000003,25.15,592,3484,0.0001,0.009213960729539394,,
1.1,169,14146,83,0.7760216666666668,25.37,596,3511,0.0001,0.008069108240306377,,
1.16,169,14249,83,0.7743908333333334,25.7,600,3537,0.0001,0.016171131283044815,,
1.11,169,14324,84,0.7732033333333332,25.28,604,3555,0.0001,0.003638322465121746,,
1.13,170,14489,85,0.7705908333333334,26.07,608,3597,0.0001,0.0021494668908417225,,
1.12,170,14574,85,0.7692450000000001,26.1,612,3618,0.0001,0.00430804118514061,,
1.07,169,14657,86,0.7679308333333332,25.63,616,3639,0.0001,0.0015433111693710089,,
1.06,169,14726,86,0.7668383333333334,25.42,620,3656,0.0001,0.005656122229993343,,
1.03,169,14807,87,0.7655558333333334,24.68,624,3676,0.0001,0.009488251060247421,,
0.96,168,14911,88,0.7639091666666665,24.01,628,3702,0.0001,0.01276826485991478,,
0.96,168,15018,89,0.7622150000000001,24.0,632,3729,0.0001,0.008672371506690979,,
0.95,167,15082,89,0.7612016666666668,23.62,636,3745,0.0001,0.032096050679683685,,
0.99,167,15196,90,0.7593966666666665,23.99,640,3773,0.0001,0.0030857629608362913,,
0.96,167,15277,91,0.7581141666666665,23.41,644,3794,0.0001,0.027663346379995346,,
0.98,167,15359,91,0.7568158333333335,23.36,648,3814,0.0001,0.008380763232707977,,
0.97,167,15437,91,0.7555808333333331,23.4,652,3834,0.0001,0.011907324194908142,,
0.99,168,15584,92,0.7532533333333333,24.08,656,3870,0.0001,0.003644194919615984,,
0.99,168,15675,93,0.7518125000000001,24.05,660,3893,0.0001,0.006596659310162067,,
1.01,168,15757,93,0.7505141666666667,23.88,664,3914,0.0001,0.023332472890615463,,
1.02,168,15867,94,0.7487724999999998,23.99,668,3941,0.0001,0.011182365007698536,,
1.01,168,15971,94,0.7471258333333333,24.15,672,3967,0.0001,0.003242332022637129,,
0.97,168,16078,95,0.7454316666666667,23.81,676,3994,0.0001,0.00970328040421009,,
0.99,168,16170,95,0.743975,24.1,680,4017,0.0001,0.0210164375603199,,
0.97,168,16230,96,0.7430249999999998,23.96,684,4032,0.0001,0.005740602035075426,,
0.99,168,16324,96,0.7415366666666665,23.88,688,4055,0.0001,0.003940722439438105,,
0.96,168,16391,97,0.7404758333333333,23.54,692,4072,0.0001,0.009823841974139214,,
0.98,168,16506,97,0.7386550000000001,23.6,696,4101,0.0001,0.013800731860101223,,
0.99,169,16619,98,0.7368658333333332,23.7,700,4129,0.0001,0.01911662332713604,,
1.03,169,16711,98,0.7354091666666664,23.87,704,4152,0.0001,0.006523890420794487,,
1.01,169,16818,99,0.733715,23.29,708,4179,0.0001,0.016580315306782722,,
1.03,169,16934,99,0.7318783333333332,23.6,712,4208,0.0001,0.005927613936364651,,
1.13,169,17116,101,0.7289966666666667,24.59,716,4253,0.0001,0.03108866512775421,,
1.14,168,17193,101,0.7277775000000002,24.67,720,4273,0.0001,0.016603952273726463,,
1.13,168,17272,102,0.7265266666666668,24.65,724,4292,0.0001,0.006657571531832218,,
1.14,167,17361,103,0.7251174999999999,24.5,728,4315,0.0001,0.030416660010814667,,
1.16,167,17503,104,0.7228691666666667,24.85,732,4350,0.0001,0.024766381829977036,,
1.17,167,17597,104,0.7213808333333334,25.15,736,4374,0.0001,0.00386443710885942,,
1.15,167,17683,105,0.7200191666666667,24.87,740,4395,0.0001,0.03147678077220917,,
1.24,168,17869,106,0.7170741666666667,25.92,744,4442,0.0001,0.013380669057369232,,
1.26,168,17973,106,0.7154275000000001,26.14,748,4468,0.0001,0.020184893161058426,,
1.34,168,18150,107,0.7126250000000001,27.13,752,4512,0.0001,0.006119830999523401,,
1.33,168,18226,108,0.7114216666666665,26.42,756,4531,0.0001,0.004132002592086792,,
1.32,168,18312,108,0.7100600000000001,26.37,760,4552,0.0001,0.004191874992102385,,
1.31,168,18379,109,0.7089991666666664,26.22,764,4569,0.0001,0.023241974413394928,,
1.26,168,18443,109,0.7079858333333332,25.76,768,4585,0.0001,0.03422454744577408,,
1.29,168,18578,110,0.7058483333333332,26.07,772,4619,0.0001,0.0127936452627182,,
1.28,168,18670,110,0.7043916666666665,25.92,776,4642,0.0001,0.012332770973443985,,
1.28,168,18753,111,0.7030775,25.83,780,4663,0.0001,0.01097332127392292,,
1.33,168,18872,111,0.7011933333333333,26.42,784,4692,0.0001,0.0021869922056794167,,
1.32,169,18993,112,0.6992775000000001,26.69,788,4723,0.0001,0.017354724928736687,,
1.33,169,19069,112,0.6980741666666666,26.78,792,4742,0.0001,0.013046279549598694,,
1.31,169,19187,113,0.6962058333333334,26.81,796,4771,0.0001,0.0031106434762477875,,
1.26,169,19270,113,0.6948916666666665,26.51,800,4792,0.0001,0.005807456560432911,,
1.28,169,19392,114,0.6929599999999998,26.81,804,4822,0.0001,0.00810491293668747,,
1.27,168,19472,115,0.6916933333333333,26.54,808,4842,0.0001,0.021251920610666275,,
1.25,168,19551,116,0.6904424999999998,26.17,812,4862,0.0001,0.02476426586508751,,
1.2,168,19637,116,0.6890808333333334,25.21,816,4884,0.0001,0.010276049375534058,,
1.23,167,19730,117,0.6876083333333333,25.37,820,4907,0.0001,0.010309909470379353,,
1.28,167,19868,118,0.6854233333333334,25.96,824,4941,0.0001,0.06288664042949677,,
1.26,167,19951,119,0.6841091666666665,25.9,828,4962,0.0001,0.008000356145203114,,
1.34,166,20147,120,0.6810058333333333,26.44,832,5011,0.0001,0.027729161083698273,,
1.35,166,20252,121,0.6793433333333333,26.55,836,5037,0.0001,0.013165688142180443,,
1.35,166,20334,121,0.6780449999999999,26.51,840,5058,0.0001,0.02097373455762863,,
1.32,166,20485,122,0.6756541666666667,26.16,844,5096,0.0001,0.029380254447460175,,
1.33,167,20583,123,0.6741025,26.1,848,5120,0.0001,0.0088364128023386,,
1.23,167,20651,123,0.6730258333333334,25.01,852,5137,0.0001,0.01279514841735363,,
1.25,167,20743,124,0.6715691666666667,25.17,856,5160,0.0001,0.01676757261157036,,
1.34,167,20932,125,0.6685766666666668,26.2,860,5207,0.0001,0.014718250371515751,,
1.32,167,21002,125,0.6674683333333331,26.23,864,5225,0.0001,0.008142847567796707,,
1.44,167,21244,126,0.6636366666666668,28.01,868,5285,0.0001,0.03101974166929722,,
1.43,167,21339,127,0.6621325,27.61,872,5309,0.0001,0.021196074783802032,,
1.45,167,21463,127,0.6601691666666665,27.93,876,5340,0.0001,0.026133166626095772,,
1.46,167,21566,128,0.6585383333333334,28.13,880,5366,0.0001,0.03447246178984642,,
1.51,167,21714,129,0.6561949999999999,28.42,884,5403,0.0001,0.01268794946372509,,
1.49,166,21808,130,0.6547066666666665,28.15,888,5426,0.0001,0.015554037876427174,,
1.51,166,21896,131,0.6533133333333332,28.27,892,5448,0.0001,0.01866278238594532,,
1.57,166,22085,132,0.6503208333333333,28.98,896,5496,0.0001,0.026552243158221245,,
1.59,166,22179,133,0.6488325000000001,29.09,900,5519,0.0001,0.029834721237421036,,
1.62,166,22332,134,0.64641,29.4,904,5557,0.0001,0.0060827769339084625,,
1.62,166,22458,134,0.644415,29.86,908,5589,0.0001,0.009032340720295906,,
1.62,166,22551,135,0.6429425000000002,30.0,912,5612,0.0001,0.015438839793205261,,
1.6,166,22639,135,0.6415491666666665,30.02,916,5634,0.0001,0.013772456906735897,,
1.6,166,22749,136,0.6398075000000001,30.19,920,5662,0.0001,0.028024477884173393,,
1.59,166,22837,137,0.6384141666666667,29.69,924,5684,0.0001,0.014493169263005257,,
1.66,166,22948,137,0.6366566666666669,29.97,928,5711,0.0001,0.016701826825737953,,
1.54,166,23020,138,0.6355166666666667,28.73,932,5729,0.0001,0.01589440368115902,,
1.54,166,23128,138,0.6338066666666669,28.76,936,5756,0.0001,0.016009658575057983,,
1.54,166,23205,139,0.6325874999999999,28.71,940,5776,0.0001,0.015586509369313717,,
1.49,166,23296,139,0.6311466666666665,28.11,944,5798,0.0001,0.035471849143505096,,
1.49,166,23381,140,0.6298008333333333,27.98,948,5820,0.0001,0.02971480041742325,,
1.58,167,23525,140,0.6275208333333334,28.74,952,5856,0.0001,0.00809981394559145,,
1.57,167,23632,141,0.6258266666666665,28.89,956,5882,0.0001,0.009205009788274765,,
1.5,167,23709,141,0.6246075,27.77,960,5902,0.0001,0.026870034635066986,,
1.62,167,23910,142,0.6214249999999999,29.08,964,5952,0.0001,0.011622526682913303,,
1.55,167,24014,143,0.6197783333333333,27.7,968,5978,0.0001,0.03522658348083496,,
1.58,166,24161,145,0.6174508333333332,28.22,972,6015,0.0001,0.004325026646256447,,
1.55,166,24231,145,0.6163425,27.68,976,6032,0.0001,0.009639991447329521,,
1.62,166,24375,146,0.6140625000000002,28.09,980,6068,0.0001,0.004488952923566103,,
1.59,165,24513,147,0.6118774999999999,27.99,984,6103,0.0001,0.012540888041257858,,
1.59,165,24593,148,0.6106108333333333,27.85,988,6123,0.0001,0.006646750960499048,,
1.59,166,24692,148,0.6090433333333334,27.96,992,6147,0.0001,0.02152874320745468,,
1.5,166,24753,149,0.6080774999999999,26.68,996,6163,0.0001,0.006689690984785557,,
1.53,166,24866,149,0.6062883333333332,26.87,1000,6191,0.0001,0.006304651498794556,,
1.52,166,24988,150,0.6043566666666664,26.56,1004,6221,0.0001,0.02491059899330139,,
,,25000,,0.6041825000000001,,,6224,0.0001,0.028706640005111694,1.5,25.5
1.49,164,25050,152,0.6033750000000001,25.92,1008,6237,0.0001,0.0150418346747756,,
1.51,164,25154,152,0.6017283333333335,26.03,1012,6263,0.0001,0.03441290557384491,,
1.53,164,25260,153,0.6000500000000001,26.21,1016,6289,0.0001,0.013100005686283112,,
1.54,164,25383,153,0.5981025,26.34,1020,6320,0.0001,0.005535088013857603,,
1.55,164,25510,154,0.5960916666666665,26.73,1024,6352,0.0001,0.031172333285212517,,
1.55,165,25649,155,0.5938908333333335,27.01,1028,6387,0.0001,0.011363638564944267,,
1.58,165,25743,155,0.5924024999999999,27.23,1032,6410,0.0001,0.014349864795804024,,
1.55,164,25809,156,0.5913575000000002,26.81,1036,6427,0.0001,0.03213852271437645,,
1.59,163,25929,158,0.5894575,27.24,1040,6457,0.0001,0.0323229655623436,,
1.64,161,26101,161,0.5867341666666668,28.05,1044,6500,0.0001,0.005156263709068298,,
1.62,161,26181,162,0.5854674999999998,28.0,1048,6520,0.0001,0.008713806048035622,,
1.56,161,26303,163,0.5835358333333331,27.78,1052,6550,0.0001,0.011443912982940674,,
1.58,161,26408,163,0.5818733333333335,27.76,1056,6576,0.0001,0.01957509107887745,,
1.56,161,26477,164,0.5807808333333333,27.68,1060,6594,0.0001,0.008439452387392521,,
1.48,161,26610,164,0.578675,27.0,1064,6627,0.0001,0.013925457373261452,,
1.46,161,26705,165,0.5771708333333333,26.91,1068,6651,0.0001,0.02057042345404625,,
1.43,161,26781,165,0.5759675000000002,26.2,1072,6670,0.0001,0.01640918478369713,,
1.45,161,26871,166,0.5745425,26.4,1076,6692,0.0001,0.031402986496686935,,
1.41,161,27007,167,0.5723891666666666,26.32,1080,6726,0.0001,0.011450616642832756,,
1.45,161,27193,168,0.5694441666666666,26.8,1084,6773,0.0001,0.0152395935729146,,
1.46,161,27284,168,0.5680033333333334,26.91,1088,6795,0.0001,0.005590448155999184,,
1.53,161,27400,169,0.5661666666666666,27.08,1092,6824,0.0001,0.011460764333605766,,
1.55,161,27480,169,0.5649000000000002,27.27,1096,6844,0.0001,0.0062152305617928505,,
1.57,162,27616,170,0.5627466666666667,27.5,1100,6878,0.0001,0.007807428948581219,,
1.6,162,27848,171,0.5590733333333332,28.6,1104,6936,0.0001,0.01369229145348072,,
1.66,162,27964,172,0.5572366666666664,29.14,1108,6965,0.0001,0.008894281461834908,,
1.72,162,28120,173,0.5547666666666664,29.66,1112,7004,0.0001,0.015146065503358841,,
1.73,162,28203,173,0.5534524999999999,29.43,1116,7025,0.0001,0.009463867172598839,,
1.73,161,28285,174,0.5521541666666665,29.02,1120,7046,0.0001,0.00895589217543602,,
1.77,161,28459,176,0.5493991666666664,29.49,1124,7089,0.0001,0.029450489208102226,,
1.77,161,28566,177,0.5477049999999999,29.17,1128,7116,0.0001,0.006515626795589924,,
1.73,161,28667,177,0.5461058333333333,29.24,1132,7141,0.0001,0.006834841798990965,,
1.78,161,28760,178,0.5446333333333332,29.51,1136,7164,0.0001,0.0074617606587708,,
1.78,161,28899,178,0.5424324999999999,29.7,1140,7199,0.0001,0.01773594692349434,,
1.76,161,28993,179,0.5409441666666667,28.92,1144,7223,0.0001,0.012605982832610607,,
1.79,161,29105,179,0.5391708333333334,29.24,1148,7251,0.0001,0.00869116559624672,,
1.82,161,29213,180,0.5374608333333333,29.1,1152,7278,0.0001,0.01695629395544529,,
1.81,161,29338,181,0.5354816666666666,29.3,1156,7309,0.0001,0.007187900599092245,,
1.84,161,29431,181,0.5340091666666665,29.54,1160,7332,0.0001,0.029368363320827484,,
1.86,162,29557,182,0.5320141666666665,29.47,1164,7364,0.0001,0.02925059013068676,,
1.96,162,29749,183,0.5289741666666666,30.44,1168,7412,0.0001,0.004904914181679487,,
1.95,162,29833,183,0.5276441666666667,30.52,1172,7433,0.0001,0.007847454398870468,,
1.99,162,29963,184,0.5255858333333332,30.92,1176,7465,0.0001,0.011223831214010715,,
1.99,161,30126,186,0.5230049999999998,31.19,1180,7506,0.0001,0.00967938918620348,,
1.93,159,30254,189,0.5209783333333333,30.61,1184,7538,0.0001,0.033402878791093826,,
1.96,159,30358,189,0.5193316666666667,30.74,1188,7564,0.0001,0.02321198210120201,,
1.89,159,30473,190,0.5175108333333334,30.73,1192,7593,0.0001,0.010605189949274063,,
2.0,159,30633,192,0.5149775000000001,31.53,1196,7633,0.0001,0.031404729932546616,,
1.96,159,30761,192,0.5129508333333335,31.45,1200,7665,0.0001,0.023410379886627197,,
1.87,159,30830,193,0.5118583333333333,29.82,1204,7682,0.0001,0.02499432861804962,,
1.91,159,30970,194,0.509641666666667,30.06,1208,7717,0.0001,0.0027456069365143776,,
1.87,159,31156,195,0.5066966666666666,30.36,1212,7763,0.0001,0.03476279601454735,,
1.88,159,31285,195,0.5046541666666665,30.82,1216,7796,0.0001,0.034347206354141235,,
1.85,159,31359,196,0.5034824999999999,30.74,1220,7814,0.0001,0.03443554788827896,,
1.76,159,31450,196,0.5020416666666666,29.91,1224,7837,0.0001,0.023617301136255264,,
1.76,159,31615,197,0.4994291666666668,30.49,1228,7878,0.0001,0.008774335496127605,,
1.79,160,31714,198,0.49786166666666665,30.47,1232,7903,0.0001,0.030806386843323708,,
1.83,160,31872,199,0.49536000000000013,31.12,1236,7942,0.0001,0.020442228764295578,,
1.9,160,32076,200,0.49213000000000007,31.77,1240,7993,0.0001,0.01348910667002201,,
1.89,160,32164,200,0.4907366666666667,31.71,1244,8015,0.0001,0.02329869195818901,,
1.93,160,32288,201,0.48877333333333317,31.83,1248,8046,0.0001,0.007187321782112122,,
1.93,160,32405,201,0.48692083333333336,31.92,1252,8076,0.0001,0.012925873510539532,,
1.91,160,32497,202,0.4854641666666667,31.59,1256,8099,0.0001,0.009789394214749336,,
1.94,160,32601,203,0.4838174999999998,31.7,1260,8125,0.0001,0.011351566761732101,,
1.91,159,32698,204,0.4822816666666666,31.41,1264,8149,0.0001,0.014683889225125313,,
1.79,159,32768,205,0.48117333333333334,30.19,1268,8166,0.0001,0.02271243929862976,,
1.81,159,32870,206,0.4795583333333334,30.37,1272,8192,0.0001,0.020639587193727493,,
1.79,159,32981,207,0.47780083333333345,30.18,1276,8220,0.0001,0.013123873621225357,,
1.81,159,33169,208,0.4748241666666666,30.43,1280,8267,0.0001,0.007208515889942646,,
1.79,158,33255,209,0.4734625000000001,30.01,1284,8288,0.0001,0.009144967421889305,,
1.77,158,33346,210,0.47202166666666645,29.88,1288,8311,0.0001,0.012337910942733288,,
1.76,158,33429,210,0.47070750000000006,29.56,1292,8332,0.0001,0.018064817413687706,,
1.74,158,33587,211,0.46820583333333354,29.54,1296,8371,0.0001,0.011511790566146374,,
1.74,158,33679,212,0.46674916666666677,29.18,1300,8394,0.0001,0.008915692567825317,,
1.79,158,33819,212,0.4645325,29.89,1304,8429,0.0001,0.019271349534392357,,
1.73,158,33904,213,0.46318666666666664,29.34,1308,8450,0.0001,0.01393563486635685,,
1.81,159,34080,214,0.46040000000000003,29.24,1312,8494,0.0001,0.0234626866877079,,
1.8,159,34179,214,0.4588325,28.94,1316,8519,0.0001,0.011000800877809525,,
1.86,159,34320,215,0.4566000000000001,29.61,1320,8554,0.0001,0.008460188284516335,,
1.96,159,34479,216,0.45408250000000017,30.29,1324,8594,0.0001,0.020768143236637115,,
1.96,159,34590,217,0.4523250000000002,29.75,1328,8622,0.0001,0.013256828300654888,,
1.95,158,34684,218,0.45083666666666666,29.7,1332,8645,0.0001,0.01972007006406784,,
1.92,158,34805,219,0.4489208333333333,29.33,1336,8676,0.0001,0.03481131047010422,,
1.84,158,34901,220,0.44740083333333325,28.25,1340,8700,0.0001,0.0058268285356462,,
1.83,158,34977,220,0.44619750000000014,28.13,1344,8719,0.0001,0.03094330057501793,,
1.75,158,35050,221,0.44504166666666656,27.62,1348,8737,0.0001,0.01537870429456234,,
1.81,158,35191,221,0.4428091666666667,27.86,1352,8772,0.0001,0.01261406484991312,,
1.8,158,35276,222,0.4414633333333333,27.79,1356,8793,0.0001,0.025565482676029205,,
1.78,158,35400,223,0.4394999999999998,27.99,1360,8824,0.0001,0.028326917439699173,,
1.83,158,35539,223,0.4372991666666668,28.41,1364,8859,0.0001,0.043996259570121765,,
1.9,158,35677,224,0.4351141666666667,29.09,1368,8894,0.0001,0.016671176999807358,,
1.95,158,35871,225,0.4320425000000002,30.01,1372,8942,0.0001,0.031063560396432877,,
1.96,159,35985,226,0.43023750000000005,30.04,1376,8971,0.0001,0.011073288507759571,,
2.01,159,36150,227,0.42762500000000014,29.81,1380,9012,0.0001,0.04414565861225128,,
2.04,159,36266,227,0.4257883333333333,30.11,1384,9041,0.0001,0.028003014624118805,,
2.1,159,36409,228,0.4235241666666666,30.63,1388,9077,0.0001,0.02757914364337921,,
2.17,159,36578,229,0.42084833333333327,31.49,1392,9119,0.0001,0.014503737911581993,,
2.15,159,36712,230,0.4187266666666668,31.25,1396,9152,0.0001,0.012533239088952541,,
2.16,159,36802,230,0.41730166666666657,31.23,1400,9175,0.0001,0.018456893041729927,,
2.17,159,36919,231,0.4154491666666664,31.0,1404,9204,0.0001,0.004956347402185202,,
2.29,159,37142,233,0.41191833333333316,32.38,1408,9260,0.0001,0.030991580337285995,,
2.22,158,37241,234,0.41035083333333344,31.61,1412,9285,0.0001,0.022912926971912384,,
2.28,158,37380,235,0.4081499999999998,32.01,1416,9319,0.0001,0.016032684594392776,,
2.26,158,37486,236,0.4064716666666667,31.66,1420,9346,0.0001,0.008343149907886982,,
2.21,158,37590,237,0.40482499999999977,31.11,1424,9372,0.0001,0.011910863220691681,,
2.22,158,37715,237,0.40284583333333357,31.25,1428,9403,0.0001,0.032913967967033386,,
2.24,158,37819,238,0.40119916666666666,31.35,1432,9429,0.0001,0.03787747770547867,,
2.22,158,37914,239,0.3996949999999999,31.09,1436,9453,0.0001,0.019540827721357346,,
2.27,158,38068,239,0.3972566666666668,31.67,1440,9491,0.0001,0.0179469995200634,,
2.29,158,38190,240,0.39532500000000015,32.13,1444,9522,0.0001,0.034605659544467926,,
2.32,158,38284,241,0.3938366666666666,32.34,1448,9545,0.0001,0.01615208387374878,,
2.25,158,38382,241,0.3922849999999999,31.91,1452,9570,0.0001,0.018626321107149124,,
2.28,158,38483,242,0.3906858333333333,32.07,1456,9595,0.0001,0.017265424132347107,,
2.24,158,38560,242,0.38946666666666674,31.6,1460,9614,0.0001,0.026220805943012238,,
2.24,158,38714,243,0.3870283333333333,31.75,1464,9653,0.0001,0.0441325344145298,,
2.23,159,38816,244,0.3854133333333333,31.39,1468,9678,0.0001,0.012262963689863682,,
2.16,159,38901,244,0.3840674999999999,30.3,1472,9700,0.0001,0.013042790815234184,,
2.18,159,39016,245,0.3822466666666666,30.31,1476,9728,0.0001,0.009489336982369423,,
2.1,159,39140,246,0.3802833333333334,29.9,1480,9759,0.0001,0.03363841399550438,,
2.12,158,39284,247,0.37800333333333325,30.18,1484,9795,0.0001,0.025242287665605545,,
2.14,158,39468,248,0.37509000000000015,30.59,1488,9841,0.0001,0.027116693556308746,,
2.14,158,39629,250,0.3725408333333333,30.51,1492,9882,0.0001,0.013269453309476376,,
2.17,158,39781,250,0.37013416666666665,30.69,1496,9920,0.0001,0.024221912026405334,,
2.23,158,39923,251,0.36788583333333336,31.21,1500,9955,0.0001,0.01987871527671814,,
2.23,158,40034,253,0.3661283333333335,31.15,1504,9983,0.0001,0.04518743231892586,,
2.11,158,40126,253,0.3646716666666667,29.84,1508,10006,0.0001,0.04112660884857178,,
2.15,158,40258,254,0.3625816666666668,30.17,1512,10039,0.0001,0.04115425795316696,,
2.09,158,40402,255,0.36030166666666663,30.22,1516,10075,0.0001,0.029726460576057434,,
2.07,158,40519,255,0.3584491666666668,30.33,1520,10104,0.0001,0.017871256917715073,,
2.08,158,40633,256,0.35664416666666654,30.43,1524,10133,0.0001,0.047997258603572845,,
2.14,158,40817,257,0.35373083333333344,31.02,1528,10179,0.0001,0.025646522641181946,,
2.19,158,40957,258,0.3515141666666667,31.38,1532,10214,0.0001,0.02751212753355503,,
2.2,158,41050,258,0.3500416666666669,31.36,1536,10237,0.0001,0.03178729861974716,,
2.17,158,41172,259,0.34811000000000014,31.04,1540,10267,0.0001,0.0672435313463211,,
2.22,158,41336,260,0.34551333333333345,31.46,1544,10308,0.0001,0.015924733132123947,,
2.26,158,41469,261,0.3434075000000001,31.85,1548,10342,0.0001,0.009703472256660461,,
2.31,158,41618,263,0.3410483333333334,32.36,1552,10379,0.0001,0.027015455067157745,,
2.33,157,41749,264,0.3389741666666668,32.66,1556,10412,0.0001,0.033671073615550995,,
2.41,157,41895,265,0.3366625000000001,33.35,1560,10448,0.0001,0.036594364792108536,,
2.39,158,42008,265,0.33487333333333336,32.94,1564,10476,0.0001,0.020092066377401352,,
2.44,158,42178,266,0.3321816666666666,33.62,1568,10519,0.0001,0.023318393155932426,,
2.47,158,42310,267,0.33009166666666667,34.09,1572,10552,0.0001,0.023781411349773407,,
2.48,158,42489,268,0.3272575,34.73,1576,10597,0.0001,0.02001083455979824,,
2.51,158,42637,269,0.32491416666666684,34.97,1580,10634,0.0001,0.02947569452226162,,
2.48,158,42747,269,0.3231725,34.63,1584,10661,0.0001,0.04990892857313156,,
2.44,158,42904,270,0.32068666666666656,34.36,1588,10700,0.0001,0.059816308319568634,,
2.38,158,42990,271,0.3193250000000001,33.61,1592,10722,0.0001,0.017496027052402496,,
2.3,158,43092,271,0.31771000000000005,33.11,1596,10747,0.0001,0.05281617492437363,,
2.24,158,43189,272,0.31617416666666653,32.66,1600,10772,0.0001,0.012131543830037117,,
2.24,158,43321,273,0.31408416666666694,32.87,1604,10805,0.0001,0.02228718250989914,,
2.34,158,43476,273,0.31162999999999996,33.5,1608,10843,0.0001,0.044782865792512894,,
2.32,158,43587,274,0.3098725,33.29,1612,10871,0.0001,0.028393428772687912,,
2.31,158,43674,275,0.3084950000000001,32.72,1616,10893,0.0001,0.012995731085538864,,
2.35,158,43785,276,0.3067374999999999,32.66,1620,10921,0.0001,0.019566550850868225,,
2.34,158,43893,277,0.3050275,32.6,1624,10948,0.0001,0.007209501229226589,,
2.22,158,44003,278,0.3032858333333335,31.86,1628,10975,0.0001,0.016764234751462936,,
2.23,158,44147,279,0.3010058333333333,31.9,1632,11011,0.0001,0.026338990777730942,,
2.26,158,44249,279,0.2993908333333333,31.99,1636,11037,0.0001,0.02933730185031891,,
2.23,158,44406,280,0.2969050000000002,32.34,1640,11076,0.0001,0.013859570026397705,,
2.18,158,44503,281,0.2953691666666667,31.67,1644,11100,0.0001,0.026277104392647743,,
2.16,158,44628,281,0.29338999999999993,31.59,1648,11131,0.0001,0.021170835942029953,,
2.2,158,44802,282,0.29063499999999987,31.84,1652,11175,0.0001,0.014404703862965107,,
2.15,158,44874,283,0.28949500000000017,31.25,1656,11193,0.0001,0.016682157292962074,,
2.14,158,45022,284,0.2871516666666666,31.27,1660,11230,0.0001,0.048440951853990555,,
2.12,158,45113,284,0.28571083333333336,31.05,1664,11253,0.0001,0.019299056380987167,,
2.14,158,45273,285,0.28317749999999986,30.95,1668,11293,0.0001,0.015185070224106312,,
2.25,158,45483,286,0.27985249999999995,31.73,1672,11345,0.0001,0.025042392313480377,,
2.32,158,45674,287,0.27682833333333345,31.85,1676,11393,0.0001,0.030485576018691063,,
2.3,158,45793,288,0.27494416666666677,31.56,1680,11423,0.0001,0.02824339270591736,,
2.35,158,45924,289,0.2728700000000003,31.77,1684,11455,0.0001,0.029770951718091965,,
2.33,158,46038,290,0.271065,31.34,1688,11484,0.0001,0.0235426165163517,,
2.35,158,46143,291,0.2694025,31.53,1692,11510,0.0001,0.021785512566566467,,
2.38,158,46265,292,0.2674708333333333,31.73,1696,11541,0.0001,0.04683125764131546,,
2.55,158,46484,293,0.2640033333333335,32.95,1700,11595,0.0001,0.03392937779426575,,
2.56,158,46609,294,0.26202416666666684,32.88,1704,11627,0.0001,0.027324020862579346,,
2.5,158,46711,295,0.2604091666666668,32.35,1708,11652,0.0001,0.021361354738473892,,
2.49,158,46866,296,0.25795499999999993,32.79,1712,11691,0.0001,0.011962194927036762,,
2.51,158,47019,296,0.25553249999999983,33.45,1716,11729,0.0001,0.029452115297317505,,
2.51,158,47132,297,0.25374333333333343,33.47,1720,11757,0.0001,0.02907930500805378,,
2.5,158,47227,298,0.2522391666666667,33.34,1724,11781,0.0001,0.023437287658452988,,
2.58,158,47364,298,0.2500699999999999,33.61,1728,11815,0.0001,0.016766641288995743,,
2.66,158,47599,300,0.24634916666666684,34.52,1732,11874,0.0001,0.0171157568693161,,
2.62,158,47683,300,0.24501916666666657,34.34,1736,11895,0.0001,0.028774607926607132,,
2.67,158,47811,301,0.24299249999999994,34.05,1740,11927,0.0001,0.02192423865199089,,
2.69,158,47924,302,0.24120333333333355,34.21,1744,11955,0.0001,0.01869002915918827,,
2.67,158,48012,302,0.2398100000000002,33.84,1748,11977,0.0001,0.026246193796396255,,
2.6,158,48120,303,0.23809999999999987,33.18,1752,12004,0.0001,0.011209281161427498,,
2.65,158,48226,304,0.23642166666666653,33.52,1756,12031,0.0001,0.028419269248843193,,
2.66,158,48375,305,0.23406249999999984,33.53,1760,12068,0.0001,0.03433383256196976,,
2.67,158,48503,306,0.23203583333333322,33.9,1764,12100,0.0001,0.03417883440852165,,
2.66,158,48675,307,0.22931249999999992,34.02,1768,12143,0.0001,0.038630641996860504,,
2.57,158,48797,308,0.22738083333333337,33.14,1772,12174,0.0001,0.027953770011663437,,
2.5,158,48959,309,0.22481583333333344,32.85,1776,12214,0.0001,0.029958195984363556,,
2.55,158,49105,310,0.22250416666666673,33.12,1780,12251,0.0001,0.03553508222103119,,
2.5,158,49199,310,0.2210158333333334,32.75,1784,12274,0.0001,0.04112478345632553,,
2.59,158,49395,311,0.21791250000000018,33.57,1788,12323,0.0001,0.03300396725535393,,
2.64,158,49535,312,0.21569583333333342,33.92,1792,12358,0.0001,0.01575843244791031,,
2.6,158,49638,313,0.21406499999999995,33.73,1796,12384,0.0001,0.025991851463913918,,
2.49,158,49775,313,0.2118958333333335,32.91,1800,12418,0.0001,0.0219198539853096,,
2.49,158,49934,314,0.2093783333333331,33.25,1804,12458,0.0001,0.02609669603407383,,
,,50000,,0.2083491666666668,,,12474,0.0001,0.022693494334816933,2.5,26.5
2.53,157,50081,317,0.2070508333333334,33.7,1808,12495,0.0001,0.03804389387369156,,
2.53,157,50179,318,0.2054991666666668,33.13,1812,12519,0.0001,0.06477946043014526,,
2.55,157,50288,319,0.20377333333333336,32.69,1816,12546,0.0001,0.052590932697057724,,
2.6,157,50463,321,0.20100249999999975,33.31,1820,12590,0.0001,0.06010281294584274,,
2.59,157,50566,321,0.1993716666666666,33.39,1824,12616,0.0001,0.035436373203992844,,
2.66,157,50771,322,0.19612583333333355,34.07,1828,12667,0.0001,0.034292757511138916,,
2.54,157,50896,323,0.19414666666666658,32.97,1832,12698,0.0001,0.0566343292593956,,
2.56,157,51037,324,0.1919141666666666,33.54,1836,12734,0.0001,0.026096343994140625,,
2.6,157,51219,325,0.18903250000000016,34.08,1840,12779,0.0001,0.03627055883407593,,
2.69,157,51416,326,0.18591333333333337,34.92,1844,12828,0.0001,0.016390196979045868,,
2.7,157,51538,327,0.18398166666666682,35.26,1848,12859,0.0001,0.023561052978038788,,
2.75,157,51679,328,0.18174916666666685,35.59,1852,12894,0.0001,0.03450541943311691,,
2.76,157,51806,329,0.17973833333333333,35.8,1856,12926,0.0001,0.03271736204624176,,
2.78,157,51974,330,0.17707833333333323,35.99,1860,12968,0.0001,0.028638850897550583,,
2.79,157,52069,330,0.17557416666666648,35.66,1864,12992,0.0001,0.014091463759541512,,
2.71,157,52168,331,0.17400666666666675,34.93,1868,13016,0.0001,0.03171912208199501,,
2.7,157,52307,332,0.1718058333333331,35.1,1872,13051,0.0001,0.04542529582977295,,
2.72,157,52464,333,0.16932000000000003,35.05,1876,13090,0.0001,0.024235744029283524,,
2.76,156,52670,335,0.16605833333333342,35.65,1880,13142,0.0001,0.02104778215289116,,
2.79,156,52777,336,0.16436416666666698,35.78,1884,13169,0.0001,0.03428611904382706,,
2.78,157,52958,337,0.16149833333333308,35.63,1888,13214,0.0001,0.019531436264514923,,
2.74,157,53087,337,0.15945583333333346,35.52,1892,13246,0.0001,0.0323944166302681,,
2.8,157,53298,339,0.156115,36.6,1896,13299,0.0001,0.011251317337155342,,
2.84,157,53460,340,0.15355000000000008,36.85,1900,13339,0.0001,0.04150847718119621,,
2.85,157,53593,340,0.1514441666666666,36.59,1904,13373,0.0001,0.04728016257286072,,
2.81,157,53757,341,0.1488474999999998,36.76,1908,13414,0.0001,0.030201490968465805,,
2.85,157,53953,342,0.14574416666666667,37.74,1912,13463,0.0001,0.021753618493676186,,
2.87,157,54079,343,0.14374916666666682,37.91,1916,13494,0.0001,0.027459200471639633,,
2.96,157,54404,345,0.13860333333333363,39.41,1920,13575,0.0001,0.011323615908622742,,
2.98,157,54525,346,0.13668750000000007,39.59,1924,13606,0.0001,0.04784464091062546,,
2.89,157,54646,347,0.13477166666666673,38.75,1928,13636,0.0001,0.030196867883205414,,
2.91,157,54775,348,0.13272916666666668,38.79,1932,13668,0.0001,0.0179547518491745,,
2.97,157,54956,349,0.12986333333333322,39.19,1936,13713,0.0001,0.03036588616669178,,
2.99,157,55152,351,0.12675999999999998,39.33,1940,13762,0.0001,0.019913524389266968,,
2.93,157,55300,351,0.12441666666666684,38.84,1944,13799,0.0001,0.02583012729883194,,
2.99,157,55494,353,0.12134500000000015,39.56,1948,13848,0.0001,0.023705722764134407,,
3.01,157,55695,354,0.11816249999999995,40.16,1952,13898,0.0001,0.051324982196092606,,
2.96,157,55780,354,0.11681666666666679,39.74,1956,13919,0.0001,0.030738525092601776,,
2.91,157,55901,355,0.11490083333333323,39.27,1960,13950,0.0001,0.020546983927488327,,
2.99,157,56095,356,0.11182916666666654,40.26,1964,13998,0.0001,0.015764731913805008,,
3.01,157,56196,357,0.11023000000000005,40.28,1968,14023,0.0001,0.016519561409950256,,
3.02,157,56320,357,0.10826666666666651,40.13,1972,14054,0.0001,0.021797137334942818,,
3.02,157,56472,358,0.10586000000000018,40.08,1976,14092,0.0001,0.023371944203972816,,
2.95,157,56613,359,0.10362749999999998,39.43,1980,14128,0.0001,0.026631861925125122,,
2.95,157,56732,360,0.10174333333333319,39.55,1984,14157,0.0001,0.009543546475470066,,
2.85,157,56834,361,0.10012833333333326,38.76,1988,14183,0.0001,0.05551840364933014,,
2.95,157,57022,362,0.09715166666666686,39.35,1992,14230,0.0001,0.016019072383642197,,
2.93,157,57138,363,0.09531500000000004,38.4,1996,14259,0.0001,0.01529321726411581,,
2.93,156,57331,365,0.09225916666666667,38.71,2000,14307,0.0001,0.024744154885411263,,
2.92,157,57437,365,0.09058083333333322,38.44,2004,14334,0.0001,0.028528429567813873,,
3.03,157,57755,367,0.08554583333333332,39.98,2008,14413,0.0001,0.0259921383112669,,
2.99,157,57890,368,0.0834083333333333,39.37,2012,14447,0.0001,0.030091285705566406,,
2.95,157,57998,369,0.08169833333333343,39.19,2016,14474,0.0001,0.0301707424223423,,
2.79,157,58102,369,0.08005166666666652,36.98,2020,14500,0.0001,0.018977690488100052,,
2.84,157,58265,370,0.07747083333333316,37.4,2024,14541,0.0001,0.016532421112060547,,
2.91,157,58426,371,0.07492166666666666,37.8,2028,14581,0.0001,0.038842104375362396,,
2.9,157,58547,372,0.07300583333333355,37.72,2032,14611,0.0001,0.02149856835603714,,
2.87,157,58683,372,0.0708525000000001,37.27,2036,14645,0.0001,0.03491790220141411,,
2.79,157,58793,373,0.06911083333333323,36.41,2040,14673,0.0001,0.038501203060150146,,
2.77,157,58955,374,0.0665458333333333,36.55,2044,14713,0.0001,0.025805355980992317,,
2.77,157,59155,376,0.06337916666666665,36.61,2048,14763,0.0001,0.02653469145298004,,
2.7,157,59265,377,0.061637500000000234,35.7,2052,14791,0.0001,0.03137355297803879,,
2.74,156,59392,378,0.05962666666666672,36.12,2056,14822,0.0001,0.015219450928270817,,
2.82,156,59571,379,0.056792500000000024,36.7,2060,14867,0.0001,0.022781094536185265,,
2.82,156,59722,380,0.05440166666666657,36.27,2064,14905,0.0001,0.017723392695188522,,
2.87,157,59896,381,0.05164666666666673,37.0,2068,14948,0.0001,0.04056188464164734,,
2.83,156,60006,383,0.05,36.86,2072,14976,0.0001,0.034787166863679886,,
2.8,156,60150,383,0.05,36.78,2076,15012,0.0001,0.03145644813776016,,
2.76,156,60264,384,0.05,36.51,2080,15040,0.0001,0.026155151426792145,,
2.77,156,60393,385,0.05,36.61,2084,15073,0.0001,0.03675249591469765,,
2.83,156,60516,386,0.05,36.82,2088,15103,0.0001,0.04651957005262375,,
2.78,156,60661,386,0.05,36.39,2092,15140,0.0001,0.01806117594242096,,
2.91,156,60930,388,0.05,37.92,2096,15207,0.0001,0.023146281018853188,,
2.87,156,61093,389,0.05,37.62,2100,15248,0.0001,0.03989911079406738,,
2.86,156,61223,391,0.05,37.86,2104,15280,0.0001,0.027119923382997513,,
2.75,156,61338,392,0.05,35.83,2108,15309,0.0001,0.038547333329916,,
2.83,156,61519,393,0.05,36.29,2112,15354,0.0001,0.01840149611234665,,
2.88,156,61688,394,0.05,36.9,2116,15396,0.0001,0.032328952103853226,,
2.95,156,61845,395,0.05,37.43,2120,15436,0.0001,0.026924893260002136,,
3.0,156,62070,396,0.05,38.05,2124,15492,0.0001,0.03204423189163208,,
2.94,156,62219,397,0.05,37.93,2128,15529,0.0001,0.030833562836050987,,
3.04,156,62423,398,0.05,38.76,2132,15580,0.0001,0.0369562953710556,,
3.13,156,62698,400,0.05,40.15,2136,15649,0.0001,0.03606695681810379,,
3.28,156,62933,401,0.05,41.4,2140,15708,0.0001,0.04474324360489845,,
3.32,156,63148,402,0.05,41.93,2144,15761,0.0001,0.027827832847833633,,
3.39,156,63360,404,0.05,42.05,2148,15814,0.0001,0.04303405433893204,,
3.41,156,63492,405,0.05,42.27,2152,15847,0.0001,0.03164835274219513,,
3.41,156,63588,406,0.05,41.96,2156,15871,0.0001,0.0223225150257349,,
3.33,156,63713,407,0.05,41.42,2160,15903,0.0001,0.02996945194900036,,
3.27,156,63868,408,0.05,41.46,2164,15941,0.0001,0.025362864136695862,,
3.22,156,64001,408,0.05,41.05,2168,15975,0.0001,0.044396355748176575,,
3.26,156,64111,409,0.05,41.05,2172,16002,0.0001,0.03468526899814606,,
3.25,156,64258,410,0.05,41.08,2176,16039,0.0001,0.012906549498438835,,
3.29,156,64368,411,0.05,41.04,2180,16066,0.0001,0.02231493964791298,,
3.42,156,64685,412,0.05,42.92,2184,16146,0.0001,0.021437594667077065,,
3.46,156,64821,413,0.05,43.05,2188,16180,0.0001,0.030507419258356094,,
3.46,156,64953,414,0.05,42.92,2192,16213,0.0001,0.014837699010968208,,
3.31,156,65062,415,0.05,41.32,2196,16240,0.0001,0.036681488156318665,,
3.29,156,65221,416,0.05,41.28,2200,16280,0.0001,0.03792247176170349,,
3.38,156,65447,417,0.05,42.24,2204,16336,0.0001,0.045404985547065735,,
3.39,156,65579,418,0.05,42.41,2208,16369,0.0001,0.02921457029879093,,
3.37,156,65795,420,0.05,42.76,2212,16423,0.0001,0.022346561774611473,,
3.34,156,65949,421,0.05,42.61,2216,16462,0.0001,0.04196924716234207,,
3.39,156,66134,422,0.05,42.89,2220,16508,0.0001,0.02648061513900757,,
3.34,156,66310,423,0.05,42.4,2224,16552,0.0001,0.028933662921190262,,
3.33,156,66445,424,0.05,42.26,2228,16586,0.0001,0.026031360030174255,,
3.26,156,66635,425,0.05,42.12,2232,16633,0.0001,0.017644165083765984,,
3.19,156,66788,426,0.05,40.9,2236,16671,0.0001,0.01765916310250759,,
3.11,156,66978,427,0.05,40.45,2240,16719,0.0001,0.03137582167983055,,
3.04,156,67072,428,0.05,39.24,2244,16742,0.0001,0.026626087725162506,,
3.1,156,67382,429,0.05,40.22,2248,16820,0.0001,0.03396257013082504,,
3.11,156,67532,430,0.05,40.4,2252,16857,0.0001,0.01514827273786068,,
3.14,156,67669,431,0.05,40.81,2256,16892,0.0001,0.030198078602552414,,
3.24,156,67911,433,0.05,41.98,2260,16952,0.0001,0.02846941351890564,,
3.29,156,68120,435,0.05,42.52,2264,17004,0.0001,0.013909111730754375,,
3.3,156,68240,436,0.05,42.39,2268,17034,0.0001,0.01957963965833187,,
3.39,156,68421,437,0.05,43.1,2272,17080,0.0001,0.02088995836675167,,
3.39,156,68543,438,0.05,42.85,2276,17110,0.0001,0.04165803641080856,,
3.44,156,68753,439,0.05,43.85,2280,17163,0.0001,0.014777345582842827,,
3.3,156,68867,439,0.05,41.82,2284,17191,0.0001,0.01995737850666046,,
3.32,156,69053,440,0.05,42.32,2288,17238,0.0001,0.03043435513973236,,
3.37,156,69245,442,0.05,42.92,2292,17286,0.0001,0.03603355586528778,,
3.41,156,69384,442,0.05,43.22,2296,17320,0.0001,0.02946871519088745,,
3.42,156,69554,443,0.05,43.33,2300,17363,0.0001,0.03526192158460617,,
3.32,156,69678,444,0.05,42.31,2304,17394,0.0001,0.020278427749872208,,
3.3,156,69793,445,0.05,42.14,2308,17423,0.0001,0.020843250676989555,,
3.26,156,69929,446,0.05,41.34,2312,17457,0.0001,0.008715989999473095,,
3.32,156,70122,449,0.05,41.73,2316,17505,0.0001,0.02204105816781521,,
3.22,156,70248,449,0.05,41.14,2320,17536,0.0001,0.016605740413069725,,
3.32,156,70491,451,0.05,41.81,2324,17597,0.0001,0.055517129600048065,,
3.47,156,70737,452,0.05,42.92,2328,17659,0.0001,0.031091561540961266,,
3.54,156,70968,454,0.05,43.33,2332,17716,0.0001,0.021613700315356255,,
3.52,156,71096,454,0.05,43.08,2336,17748,0.0001,0.03595530986785889,,
3.58,156,71278,455,0.05,43.0,2340,17794,0.0001,0.015966707840561867,,
3.74,156,71536,457,0.05,44.64,2344,17858,0.0001,0.047735534608364105,,
3.63,156,71687,458,0.05,43.05,2348,17896,0.0001,0.017514321953058243,,
3.69,156,71846,459,0.05,43.14,2352,17936,0.0001,0.0183253176510334,,
3.73,156,71992,460,0.05,43.23,2356,17972,0.0001,0.027343733236193657,,
3.64,156,72104,461,0.05,41.93,2360,18000,0.0001,0.010902510024607182,,
3.72,156,72335,463,0.05,42.15,2364,18058,0.0001,0.02143753692507744,,
3.76,156,72509,464,0.05,42.69,2368,18102,0.0001,0.01817968674004078,,
3.8,156,72773,465,0.05,43.52,2372,18168,0.0001,0.021233709529042244,,
3.85,156,72927,466,0.05,43.84,2376,18206,0.0001,0.03387954831123352,,
3.86,156,73116,467,0.05,43.63,2380,18253,0.0001,0.02410884015262127,,
3.85,156,73218,468,0.05,43.51,2384,18279,0.0001,0.06933499872684479,,
3.85,156,73440,469,0.05,43.87,2388,18334,0.0001,0.0429379902780056,,
3.89,156,73667,471,0.05,44.22,2392,18391,0.0001,0.038057513535022736,,
3.92,156,73829,472,0.05,44.45,2396,18432,0.0001,0.025783251971006393,,
3.93,156,73943,472,0.05,43.89,2400,18460,0.0001,0.0441322885453701,,
3.99,156,74078,473,0.05,44.0,2404,18494,0.0001,0.03772805631160736,,
4.05,156,74237,474,0.05,44.44,2408,18534,0.0001,0.024075176566839218,,
4.13,156,74430,476,0.05,45.01,2412,18582,0.0001,0.03357550874352455,,
4.23,156,74683,478,0.05,45.61,2416,18645,0.0001,0.014431036077439785,,
4.28,156,74878,479,0.05,46.3,2420,18694,0.0001,0.021666228771209717,,
,,75000,,0.05,,,18724,0.0001,0.022371642291545868,5.75,59.0
4.16,155,75007,481,0.05,45.16,2424,18726,0.0001,0.03777998685836792,,
4.05,155,75154,482,0.05,44.17,2428,18763,0.0001,0.01535702869296074,,
3.97,155,75291,483,0.05,43.23,2432,18797,0.0001,0.0272548608481884,,
4.02,155,75471,484,0.05,43.75,2436,18842,0.0001,0.04387388378381729,,
3.89,155,75585,485,0.05,43.07,2440,18871,0.0001,0.024754807353019714,,
3.78,155,75725,485,0.05,41.89,2444,18906,0.0001,0.02819771319627762,,
3.81,155,75949,487,0.05,42.62,2448,18962,0.0001,0.02223873883485794,,
3.81,155,76116,488,0.05,42.7,2452,19003,0.0001,0.01725199818611145,,
3.8,155,76267,489,0.05,42.75,2456,19041,0.0001,0.04632687568664551,,
3.89,155,76442,490,0.05,43.38,2460,19085,0.0001,0.01349954679608345,,
3.81,155,76589,492,0.05,42.54,2464,19122,0.0001,0.016609057784080505,,
3.84,155,76723,493,0.05,42.14,2468,19155,0.0001,0.030891183763742447,,
3.85,155,76973,494,0.05,42.0,2472,19218,0.0001,0.02031049318611622,,
3.99,155,77269,496,0.05,43.42,2476,19292,0.0001,0.021059516817331314,,
3.99,155,77445,497,0.05,43.29,2480,19336,0.0001,0.023526836186647415,,
4.05,155,77597,498,0.05,43.79,2484,19374,0.0001,0.01068059355020523,,
4.22,155,77925,500,0.05,44.85,2488,19456,0.0001,0.050907932221889496,,
4.2,155,78152,501,0.05,44.85,2492,19512,0.0001,0.032589346170425415,,
4.31,155,78382,502,0.05,45.53,2496,19570,0.0001,0.014152543619275093,,
4.35,155,78550,504,0.05,46.07,2500,19612,0.0001,0.018799830228090286,,
4.35,155,78712,505,0.05,46.34,2504,19652,0.0001,0.024903543293476105,,
4.32,155,78838,506,0.05,46.01,2508,19684,0.0001,0.014881191775202751,,
4.26,155,78983,507,0.05,45.53,2512,19720,0.0001,0.03834356367588043,,
4.15,155,79116,508,0.05,44.33,2516,19753,0.0001,0.025490321218967438,,
4.22,155,79332,509,0.05,44.54,2520,19807,0.0001,0.0167413167655468,,
4.35,155,79543,510,0.05,45.36,2524,19860,0.0001,0.020170189440250397,,
4.31,155,79655,511,0.05,45.01,2528,19888,0.0001,0.026856977492570877,,
4.49,155,79966,513,0.05,46.75,2532,19966,0.0001,0.0254657045006752,,
4.53,155,80147,514,0.05,46.76,2536,20011,0.0001,0.025550056248903275,,
4.58,155,80292,515,0.05,47.07,2540,20047,0.0001,0.04048136621713638,,
4.56,155,80424,516,0.05,46.99,2544,20080,0.0001,0.02407384291291237,,
4.48,155,80560,517,0.05,46.11,2548,20114,0.0001,0.022773638367652893,,
4.51,155,80748,519,0.05,46.32,2552,20161,0.0001,0.032149896025657654,,
4.47,155,80859,520,0.05,45.92,2556,20189,0.0001,0.03884978964924812,,
4.46,155,81029,521,0.05,45.87,2560,20232,0.0001,0.016553251072764397,,
4.53,155,81261,522,0.05,46.72,2564,20290,0.0001,0.052632175385951996,,
4.5,155,81387,523,0.05,46.64,2568,20321,0.0001,0.022845255210995674,,
4.37,155,81502,524,0.05,45.29,2572,20350,0.0001,0.058317817747592926,,
4.2,155,81621,525,0.05,43.52,2576,20380,0.0001,0.014126569032669067,,
4.23,155,81795,526,0.05,43.5,2580,20423,0.0001,0.017539557069540024,,
4.19,155,81913,526,0.05,43.16,2584,20453,0.0001,0.025426547974348068,,
4.06,155,82094,527,0.05,41.69,2588,20498,0.0001,0.02378024533390999,,
3.95,155,82215,528,0.05,40.63,2592,20528,0.0001,0.03038010373711586,,
3.85,155,82376,529,0.05,39.94,2596,20568,0.0001,0.03500919044017792,,
3.84,155,82541,530,0.05,39.91,2600,20610,0.0001,0.05832228064537048,,
3.81,155,82671,531,0.05,39.59,2604,20642,0.0001,0.008378288708627224,,
3.82,155,82819,532,0.05,39.81,2608,20679,0.0001,0.021944310516119003,,
3.89,155,82992,533,0.05,40.09,2612,20722,0.0001,0.0468929149210453,,
3.91,155,83183,535,0.05,40.67,2616,20770,0.0001,0.021161403506994247,,
3.8,155,83304,536,0.05,39.72,2620,20800,0.0001,0.033449940383434296,,
3.79,155,83518,537,0.05,39.75,2624,20854,0.0001,0.02100292220711708,,
3.82,155,83658,538,0.05,40.03,2628,20889,0.0001,0.03212779015302658,,
3.71,155,83861,539,0.05,38.95,2632,20940,0.0001,0.015475794672966003,,
3.65,155,83999,540,0.05,38.52,2636,20974,0.0001,0.02076263539493084,,
3.62,155,84125,541,0.05,38.33,2640,21006,0.0001,0.03382294997572899,,
3.62,155,84268,541,0.05,38.44,2644,21041,0.0001,0.040978915989398956,,
3.75,155,84533,543,0.05,39.73,2648,21108,0.0001,0.021975331008434296,,
3.75,155,84749,544,0.05,40.01,2652,21162,0.0001,0.024920720607042313,,
3.89,155,84998,546,0.05,41.39,2656,21224,0.0001,0.022282885387539864,,
3.78,155,85103,547,0.05,40.74,2660,21250,0.0001,0.0400267094373703,,
3.74,155,85298,548,0.05,40.37,2664,21299,0.0001,0.03276221826672554,,
3.8,155,85505,550,0.05,41.18,2668,21351,0.0001,0.041023824363946915,,
3.89,155,85684,552,0.05,41.82,2672,21395,0.0001,0.039008960127830505,,
3.93,154,85862,553,0.05,42.41,2676,21440,0.0001,0.0389840267598629,,
3.89,155,86018,554,0.05,42.23,2680,21479,0.0001,0.019160650670528412,,
3.98,155,86204,555,0.05,42.91,2684,21525,0.0001,0.019449787214398384,,
3.92,155,86384,556,0.05,42.9,2688,21570,0.0001,0.032115593552589417,,
4.02,155,86594,558,0.05,43.79,2692,21623,0.0001,0.023870520293712616,,
4.1,155,86801,559,0.05,44.25,2696,21675,0.0001,0.025970693677663803,,
4.1,155,86975,560,0.05,44.34,2700,21718,0.0001,0.0263189859688282,,
4.24,155,87210,561,0.05,45.39,2704,21777,0.0001,0.032402511686086655,,
4.27,155,87371,562,0.05,45.52,2708,21817,0.0001,0.013354700058698654,,
4.24,155,87550,564,0.05,45.58,2712,21862,0.0001,0.021939262747764587,,
4.27,154,87768,566,0.05,45.85,2716,21916,0.0001,0.04173748940229416,,
4.28,154,87948,567,0.05,46.44,2720,21961,0.0001,0.019632752984762192,,
4.17,154,88089,568,0.05,45.71,2724,21997,0.0001,0.03773863613605499,,
4.29,155,88339,569,0.05,46.81,2728,22059,0.0001,0.011053293012082577,,
4.19,155,88461,570,0.05,46.0,2732,22090,0.0001,0.01616009697318077,,
4.2,155,88605,571,0.05,46.06,2736,22126,0.0001,0.01570999063551426,,
4.25,155,88767,572,0.05,46.42,2740,22166,0.0001,0.05746518447995186,,
4.33,155,88944,573,0.05,46.76,2744,22210,0.0001,0.017836283892393112,,
4.25,155,89088,574,0.05,45.55,2748,22246,0.0001,0.028031283989548683,,
4.26,155,89299,575,0.05,45.5,2752,22299,0.0001,0.025896843522787094,,
4.27,155,89525,576,0.05,45.27,2756,22356,0.0001,0.02775956317782402,,
4.34,155,89659,577,0.05,45.56,2760,22389,0.0001,0.029084758833050728,,
4.3,155,89803,578,0.05,45.05,2764,22425,0.0001,0.031142480671405792,,
4.24,155,89932,579,0.05,44.27,2768,22457,0.0001,0.00822526216506958,,
4.17,154,90085,581,0.05,44.01,2772,22496,0.0001,0.02769479900598526,,
4.15,154,90210,582,0.05,43.48,2776,22527,0.0001,0.02956918627023697,,
4.1,154,90336,583,0.05,43.18,2780,22558,0.0001,0.04585997015237808,,
4.03,154,90489,584,0.05,42.85,2784,22597,0.0001,0.047667402774095535,,
4.11,154,90740,585,0.05,43.56,2788,22659,0.0001,0.0435197651386261,,
4.08,154,90895,586,0.05,43.01,2792,22698,0.0001,0.04003394395112991,,
4.27,155,91252,588,0.05,44.51,2796,22787,0.0001,0.025941353291273117,,
4.32,155,91452,589,0.05,44.77,2800,22837,0.0001,0.039392903447151184,,
4.23,155,91626,590,0.05,44.16,2804,22881,0.0001,0.03845580667257309,,
4.26,154,91825,592,0.05,44.54,2808,22931,0.0001,0.013139866292476654,,
4.21,154,91987,594,0.05,44.37,2812,22971,0.0001,0.01494767889380455,,
4.18,154,92150,595,0.05,43.82,2816,23012,0.0001,0.016881033778190613,,
4.17,154,92310,596,0.05,43.62,2820,23052,0.0001,0.02051473781466484,,
4.24,154,92502,597,0.05,44.13,2824,23100,0.0001,0.028719861060380936,,
4.17,154,92692,598,0.05,43.53,2828,23147,0.0001,0.01623963937163353,,
4.28,154,92860,599,0.05,43.99,2832,23189,0.0001,0.023600878193974495,,
4.22,154,92979,600,0.05,43.74,2836,23219,0.0001,0.020866822451353073,,
4.4,155,93273,601,0.05,45.06,2840,23293,0.0001,0.02482674829661846,,
4.35,155,93423,602,0.05,44.79,2844,23330,0.0001,0.029661262407898903,,
4.44,155,93655,603,0.05,45.67,2848,23388,0.0001,0.019426727667450905,,
4.34,155,93797,604,0.05,44.98,2852,23424,0.0001,0.03207293897867203,,
4.19,155,93915,605,0.05,43.9,2856,23453,0.0001,0.034542571753263474,,
4.22,154,94057,607,0.05,43.98,2860,23489,0.0001,0.010939516127109528,,
4.33,154,94311,609,0.05,45.08,2864,23552,0.0001,0.021288597956299782,,
4.39,154,94485,610,0.05,45.53,2868,23596,0.0001,0.01727348566055298,,
4.39,154,94607,610,0.05,45.22,2872,23626,0.0001,0.03732319176197052,,
4.59,154,94937,612,0.05,47.27,2876,23709,0.0001,0.012716541066765785,,
4.64,154,95089,613,0.05,47.53,2880,23747,0.0001,0.024875279515981674,,
4.6,155,95212,614,0.05,47.23,2884,23777,0.0001,0.030774595215916634,,
4.6,155,95443,615,0.05,47.03,2888,23835,0.0001,0.014163590036332607,,
4.58,155,95618,616,0.05,47.23,2892,23879,0.0001,0.026986021548509598,,
4.41,155,95860,617,0.05,46.08,2896,23939,0.0001,0.03486819192767143,,
4.38,155,96051,619,0.05,45.99,2900,23987,0.0001,0.045961491763591766,,
4.4,155,96256,620,0.05,46.3,2904,24038,0.0001,0.04072757810354233,,
4.41,154,96431,622,0.05,46.06,2908,24082,0.0001,0.03975572809576988,,
4.38,154,96541,623,0.05,45.54,2912,24110,0.0001,0.017012272030115128,,
4.38,154,96698,624,0.05,45.48,2916,24149,0.0001,0.028220070526003838,,
4.43,154,96852,625,0.05,45.42,2920,24187,0.0001,0.05656180530786514,,
4.34,154,96969,625,0.05,44.67,2924,24217,0.0001,0.05421997979283333,,
4.32,154,97126,626,0.05,44.34,2928,24256,0.0001,0.030440570786595345,,
4.24,154,97254,627,0.05,43.94,2932,24288,0.0001,0.032184068113565445,,
4.37,155,97478,628,0.05,44.99,2936,24344,0.0001,0.034972142428159714,,
4.23,155,97684,629,0.05,44.11,2940,24395,0.0001,0.025474268943071365,,
4.3,155,97914,631,0.05,44.91,2944,24453,0.0001,0.02270153909921646,,
4.35,155,98159,632,0.05,45.04,2948,24514,0.0001,0.011962007731199265,,
4.53,155,98429,634,0.05,46.32,2952,24582,0.0001,0.022021304816007614,,
4.55,155,98569,635,0.05,46.54,2956,24617,0.0001,0.02652479149401188,,
4.68,154,98832,637,0.05,47.75,2960,24682,0.0001,0.058837536722421646,,
4.67,155,99027,638,0.05,47.16,2964,24731,0.0001,0.048239804804325104,,
4.59,155,99152,639,0.05,46.67,2968,24762,0.0001,0.011827950365841389,,
4.64,155,99341,640,0.05,47.34,2972,24810,0.0001,0.014978423714637756,,
4.44,155,99479,641,0.05,45.42,2976,24844,0.0001,0.040927499532699585,,
4.46,155,99651,642,0.05,45.62,2980,24887,0.0001,0.02726222388446331,,
4.5,155,99810,643,0.05,45.98,2984,24927,0.0001,0.03580892086029053,,
,,100000,,0.05,,,24974,0.0001,0.016758974641561508,8.0,79.5
4.48,154,100001,646,0.05,45.58,2988,24975,0.0001,0.0715416669845581,,
4.52,154,100191,647,0.05,45.73,2992,25022,0.0001,0.036673810333013535,,
4.52,154,100437,650,0.05,45.77,2996,25084,0.0001,0.025172945111989975,,
4.6,154,100710,652,0.05,46.59,3000,25152,0.0001,0.015399707481265068,,
4.67,154,100979,653,0.05,47.23,3004,25219,0.0001,0.044239938259124756,,
4.82,154,101294,655,0.05,48.63,3008,25298,0.0001,0.0365719310939312,,
5.06,154,101595,657,0.05,50.54,3012,25373,0.0001,0.02859603241086006,,
5.02,154,101743,658,0.05,50.45,3016,25410,0.0001,0.042108021676540375,,
5.02,154,101950,659,0.05,50.98,3020,25462,0.0001,0.02852335385978222,,
5.3,154,102366,661,0.05,53.97,3024,25566,0.0001,0.03661483898758888,,
5.35,154,102588,663,0.05,54.62,3028,25621,0.0001,0.01468396745622158,,
5.42,154,102796,665,0.05,55.42,3032,25673,0.0001,0.025193504989147186,,
5.67,154,103207,668,0.05,57.29,3036,25776,0.0001,0.06966575235128403,,
5.68,154,103418,669,0.05,57.34,3040,25829,0.0001,0.015749912708997726,,
5.63,154,103601,670,0.05,56.87,3044,25875,0.0001,0.022967353463172913,,
5.67,154,103920,672,0.05,57.61,3048,25954,0.0001,0.029877524822950363,,
5.58,154,104110,673,0.05,56.81,3052,26002,0.0001,0.017482100054621696,,
5.83,154,104474,675,0.05,59.05,3056,26093,0.0001,0.03746640682220459,,
5.73,154,104649,676,0.05,58.17,3060,26137,0.0001,0.009472350589931011,,
5.68,154,104876,678,0.05,58.49,3064,26193,0.0001,0.043180253356695175,,
5.76,154,105085,680,0.05,59.33,3068,26246,0.0001,0.02040603756904602,,
5.84,154,105322,681,0.05,59.81,3072,26305,0.0001,0.018153846263885498,,
5.89,154,105495,682,0.05,60.16,3076,26348,0.0001,0.018894318491220474,,
6.07,154,105814,684,0.05,61.63,3080,26428,0.0001,0.0195823572576046,,
6.06,154,105956,685,0.05,61.46,3084,26463,0.0001,0.018933836370706558,,
6.06,154,106195,686,0.05,61.94,3088,26523,0.0001,0.047052815556526184,,
6.24,154,106525,688,0.05,63.34,3092,26606,0.0001,0.034165725111961365,,
6.38,154,106870,690,0.05,64.33,3096,26692,0.0001,0.017872778698801994,,
6.35,154,107104,692,0.05,63.94,3100,26750,0.0001,0.031744327396154404,,
6.3,154,107285,694,0.05,63.06,3104,26796,0.0001,0.018284711986780167,,
6.18,154,107549,696,0.05,62.55,3108,26862,0.0001,0.03343469649553299,,
6.07,154,107786,697,0.05,61.91,3112,26921,0.0001,0.031035561114549637,,
6.24,154,108100,700,0.05,63.57,3116,26999,0.0001,0.036487940698862076,,
6.23,154,108244,700,0.05,62.94,3120,27035,0.0001,0.01555401086807251,,
6.03,154,108428,702,0.05,60.62,3124,27081,0.0001,0.04334506392478943,,
5.95,154,108581,702,0.05,59.93,3128,27120,0.0001,0.01576504111289978,,
5.87,154,108704,703,0.05,59.08,3132,27150,0.0001,0.03225923329591751,,
5.79,154,109100,706,0.05,58.93,3136,27249,0.0001,0.02020047791302204,,
5.71,154,109223,708,0.05,58.05,3140,27280,0.0001,0.010400740429759026,,
5.78,154,109466,710,0.05,58.65,3144,27341,0.0001,0.018482524901628494,,
5.76,154,109763,711,0.05,58.43,3148,27415,0.0001,0.02125336229801178,,
5.96,153,110172,715,0.05,60.62,3152,27517,0.0001,0.07161121815443039,,
5.79,153,110379,717,0.05,59.05,3156,27569,0.0001,0.014328908175230026,,
5.81,153,110592,718,0.05,59.43,3160,27622,0.0001,0.014487532898783684,,
5.93,153,110906,720,0.05,60.3,3164,27701,0.0001,0.030301533639431,,
6.09,153,111251,723,0.05,61.66,3168,27787,0.0001,0.021744700148701668,,
6.21,153,111565,725,0.05,62.43,3172,27866,0.0001,0.05744915455579758,,
6.29,153,111818,726,0.05,63.23,3176,27929,0.0001,0.026753166690468788,,
6.08,153,111965,727,0.05,61.51,3180,27966,0.0001,0.015592072159051895,,
6.27,153,112209,729,0.05,62.53,3184,28027,0.0001,0.04601840302348137,,
6.32,153,112473,730,0.05,62.78,3188,28093,0.0001,0.03460352495312691,,
6.33,154,112788,732,0.05,62.63,3192,28171,0.0001,0.0333237387239933,,
6.18,154,113012,733,0.05,61.42,3196,28227,0.0001,0.017528530210256577,,
6.35,153,113337,736,0.05,62.33,3200,28309,0.0001,0.05252102389931679,,
6.38,153,113525,737,0.05,62.4,3204,28356,0.0001,0.023265577852725983,,
6.52,153,113871,740,0.05,63.22,3208,28442,0.0001,0.031143952161073685,,
6.53,153,114129,741,0.05,63.43,3212,28507,0.0001,0.02959260158240795,,
6.38,153,114309,742,0.05,62.09,3216,28552,0.0001,0.028310079127550125,,
6.43,153,114508,743,0.05,62.64,3220,28601,0.0001,0.01730741374194622,,
6.72,153,114892,746,0.05,64.64,3224,28697,0.0001,0.013286128640174866,,
6.75,154,115055,747,0.05,64.74,3228,28738,0.0001,0.03450397402048111,,
6.86,154,115264,748,0.05,65.6,3232,28790,0.0001,0.028368424624204636,,
6.75,153,115522,750,0.05,64.22,3236,28855,0.0001,0.012863339856266975,,
6.92,153,115766,752,0.05,65.43,3240,28916,0.0001,0.017257416620850563,,
6.94,153,116014,754,0.05,65.48,3244,28978,0.0001,0.038401830941438675,,
6.82,153,116197,755,0.05,64.34,3248,29024,0.0001,0.009513406082987785,,
6.71,153,116490,756,0.05,63.18,3252,29097,0.0001,0.031087489798665047,,
6.68,153,116654,757,0.05,62.75,3256,29138,0.0001,0.03390618786215782,,
6.66,153,116829,758,0.05,62.37,3260,29182,0.0001,0.016232460737228394,,
6.55,154,117052,760,0.05,61.46,3264,29237,0.0001,0.018483508378267288,,
6.43,154,117298,761,0.05,60.47,3268,29299,0.0001,0.01929953321814537,,
6.48,154,117725,764,0.05,61.6,3272,29406,0.0001,0.03236321359872818,,
6.59,153,117996,766,0.05,61.78,3276,29473,0.0001,0.011991217732429504,,
6.71,153,118228,768,0.05,62.63,3280,29531,0.0001,0.058683156967163086,,
6.56,153,118396,769,0.05,61.87,3284,29573,0.0001,0.015439489856362343,,
6.46,153,118549,770,0.05,60.76,3288,29612,0.0001,0.031017327681183815,,
6.23,153,118708,771,0.05,59.2,3292,29651,0.0001,0.023341841995716095,,
6.21,153,118948,772,0.05,59.36,3296,29711,0.0001,0.013916024006903172,,
6.05,153,119178,773,0.05,58.41,3300,29769,0.0001,0.01917993277311325,,
6.09,154,119433,775,0.05,59.08,3304,29833,0.0001,0.03101397305727005,,
5.98,154,119686,776,0.05,58.15,3308,29896,0.0001,0.0256686769425869,,
6.03,154,119936,778,0.05,58.07,3312,29958,0.0001,0.01976076513528824,,
6.11,153,120130,781,0.05,58.21,3316,30007,0.0001,0.03981924429535866,,
6.17,153,120365,782,0.05,58.57,3320,30066,0.0001,0.04821518063545227,,
5.89,153,120574,784,0.05,56.82,3324,30118,0.0001,0.026617957279086113,,
5.99,153,120792,785,0.05,57.37,3328,30172,0.0001,0.03999015688896179,,
6.16,153,121106,787,0.05,58.42,3332,30251,0.0001,0.02010946348309517,,
6.01,153,121258,787,0.05,57.36,3336,30289,0.0001,0.021314337849617004,,
5.98,153,121491,789,0.05,57.25,3340,30347,0.0001,0.020699884742498398,,
6.07,153,121753,790,0.05,57.39,3344,30413,0.0001,0.019230742007493973,,
6.13,153,121976,792,0.05,57.79,3348,30468,0.0001,0.02873268350958824,,
6.05,153,122183,794,0.05,56.93,3352,30520,0.0001,0.053954433649778366,,
6.05,153,122368,795,0.05,57.14,3356,30566,0.0001,0.027170488610863686,,
6.21,153,122656,797,0.05,58.27,3360,30638,0.0001,0.016476642340421677,,
6.34,153,122928,799,0.05,58.76,3364,30706,0.0001,0.04882052168250084,,
6.4,153,123169,800,0.05,58.71,3368,30767,0.0001,0.04211381450295448,,
6.1,153,123306,801,0.05,55.81,3372,30801,0.0001,0.02527041919529438,,
6.09,153,123635,803,0.05,56.39,3376,30883,0.0001,0.04022599011659622,,
6.07,153,123844,804,0.05,56.16,3380,30935,0.0001,0.07929214090108871,,
6.3,153,124160,806,0.05,57.64,3384,31014,0.0001,0.02473328448832035,,
6.43,153,124411,808,0.05,58.62,3388,31077,0.0001,0.016686543822288513,,
6.66,153,124743,811,0.05,60.35,3392,31160,0.0001,0.04059850051999092,,
6.61,153,124924,812,0.05,59.76,3396,31205,0.0001,0.0421438068151474,,
,,125000,,0.05,,,31224,0.0001,0.024707792326807976,10.25,78.75
6.89,153,125306,816,0.05,61.28,3400,31301,0.0001,0.026681791990995407,,
6.83,153,125503,817,0.05,60.7,3404,31350,0.0001,0.03315877914428711,,
6.73,153,125655,818,0.05,59.69,3408,31388,0.0001,0.021091215312480927,,
6.62,153,125828,819,0.05,58.92,3412,31431,0.0001,0.034393392503261566,,
6.56,153,126012,820,0.05,58.82,3416,31477,0.0001,0.03415001183748245,,
6.59,153,126272,822,0.05,59.07,3420,31542,0.0001,0.02988101914525032,,
6.82,153,126638,825,0.05,60.64,3424,31634,0.0001,0.025161288678646088,,
6.79,153,126837,826,0.05,60.45,3428,31684,0.0001,0.023817922919988632,,
6.82,153,127163,828,0.05,60.57,3432,31765,0.0001,0.0312509648501873,,
7.01,153,127425,830,0.05,61.67,3436,31831,0.0001,0.014982829801738262,,
7.05,153,127703,831,0.05,62.12,3440,31900,0.0001,0.016712388023734093,,
6.92,153,127885,832,0.05,61.32,3444,31946,0.0001,0.017409484833478928,,
7.08,153,128246,834,0.05,62.7,3448,32036,0.0001,0.038171231746673584,,
7.11,153,128450,836,0.05,62.67,3452,32087,0.0001,0.025517567992210388,,
7.36,153,128796,841,0.05,64.28,3456,32173,0.0001,0.03347481042146683,,
7.13,153,128956,842,0.05,63.0,3460,32213,0.0001,0.02759530581533909,,
7.07,153,129184,843,0.05,62.56,3464,32270,0.0001,0.0385933443903923,,
7.12,153,129450,845,0.05,62.81,3468,32337,0.0001,0.02533278986811638,,
7.41,153,129774,847,0.05,64.68,3472,32418,0.0001,0.05027719587087631,,
7.34,153,130026,849,0.05,63.91,3476,32481,0.0001,0.04490894451737404,,
7.45,153,130368,851,0.05,65.24,3480,32566,0.0001,0.03197292238473892,,
7.4,153,130628,853,0.05,64.68,3484,32631,0.0001,0.02613646537065506,,
7.52,152,130973,856,0.05,65.62,3488,32718,0.0001,0.022081635892391205,,
7.64,152,131449,859,0.05,67.06,3492,32837,0.0001,0.01962820440530777,,
7.89,153,131799,861,0.05,68.75,3496,32924,0.0001,0.02260621078312397,,
7.66,153,132057,862,0.05,67.51,3500,32989,0.0001,0.05078186094760895,,
7.79,153,132374,864,0.05,68.71,3504,33068,0.0001,0.019557597115635872,,
8.05,153,132759,866,0.05,71.04,3508,33164,0.0001,0.0619489811360836,,
8.24,153,133049,869,0.05,72.21,3512,33237,0.0001,0.07611837983131409,,
8.37,153,133306,871,0.05,72.94,3516,33301,0.0001,0.015762001276016235,,
8.43,153,133618,872,0.05,73.46,3520,33379,0.0001,0.03733684867620468,,
8.23,153,133862,874,0.05,72.24,3524,33440,0.0001,0.019923649728298187,,
8.53,153,134305,876,0.05,74.68,3528,33551,0.0001,0.02198583260178566,,
8.44,153,134619,878,0.05,74.56,3532,33629,0.0001,0.027371838688850403,,
8.45,153,134961,880,0.05,75.36,3536,33715,0.0001,0.05018030107021332,,
8.57,153,135338,883,0.05,76.35,3540,33809,0.0001,0.02803230658173561,,
8.74,153,135691,886,0.05,78.06,3544,33897,0.0001,0.04412974417209625,,
8.61,153,135940,887,0.05,76.94,3548,33959,0.0001,0.01721864938735962,,
8.71,153,136267,890,0.05,78.17,3552,34041,0.0001,0.027673030272126198,,
8.76,153,136639,892,0.05,78.43,3556,34134,0.0001,0.020851314067840576,,
8.98,153,136929,894,0.05,79.73,3560,34207,0.0001,0.044344041496515274,,
8.92,153,137148,896,0.05,79.64,3564,34261,0.0001,0.04530885070562363,,
8.9,152,137445,898,0.05,79.95,3568,34336,0.0001,0.01728123240172863,,
8.77,152,137690,900,0.05,79.16,3572,34397,0.0001,0.01868264190852642,,
8.94,153,138070,902,0.05,80.44,3576,34492,0.0001,0.02216314896941185,,
8.91,153,138350,903,0.05,79.82,3580,34562,0.0001,0.0400083027780056,,
8.86,153,138623,905,0.05,79.95,3584,34630,0.0001,0.021883010864257812,,
8.73,153,138877,906,0.05,79.04,3588,34694,0.0001,0.01678849570453167,,
8.51,153,139111,908,0.05,76.62,3592,34752,0.0001,0.03741784021258354,,
8.39,153,139408,910,0.05,76.09,3596,34826,0.0001,0.022083105519413948,,
8.37,153,139646,912,0.05,75.89,3600,34886,0.0001,0.025870680809020996,,
8.35,153,139905,914,0.05,75.31,3604,34951,0.0001,0.04249195381999016,,
8.23,152,140152,916,0.05,73.93,3608,35012,0.0001,0.025478778406977654,,
8.29,152,140522,918,0.05,74.73,3612,35105,0.0001,0.02879660576581955,,
8.26,152,140754,920,0.05,74.48,3616,35163,0.0001,0.019472584128379822,,
8.15,153,140995,921,0.05,73.77,3620,35223,0.0001,0.027460383251309395,,
8.3,153,141308,923,0.05,74.46,3624,35301,0.0001,0.01191061083227396,,
8.14,152,141611,925,0.05,73.06,3628,35377,0.0001,0.026385415345430374,,
7.95,152,141768,927,0.05,71.49,3632,35416,0.0001,0.04284904897212982,,
8.0,152,142076,929,0.05,71.15,3636,35493,0.0001,0.04760152846574783,,
7.94,152,142407,931,0.05,70.69,3640,35576,0.0001,0.026075022295117378,,
7.87,152,142624,932,0.05,69.33,3644,35630,0.0001,0.04714459925889969,,
7.86,152,142854,933,0.05,69.14,3648,35688,0.0001,0.041845157742500305,,
7.85,153,143121,935,0.05,68.54,3652,35755,0.0001,0.015174656175076962,,
7.7,153,143393,936,0.05,67.54,3656,35823,0.0001,0.04738830029964447,,
7.66,153,143693,938,0.05,67.64,3660,35898,0.0001,0.023721404373645782,,
7.74,153,143963,940,0.05,68.15,3664,35965,0.0001,0.02102905511856079,,
7.71,152,144229,942,0.05,67.84,3668,36032,0.0001,0.021327119320631027,,
7.69,153,144463,944,0.05,67.73,3672,36090,0.0001,0.039442285895347595,,
7.52,153,144739,945,0.05,66.69,3676,36159,0.0001,0.01817461848258972,,
7.59,153,145080,947,0.05,67.3,3680,36244,0.0001,0.03352963924407959,,
7.74,153,145421,949,0.05,67.98,3684,36330,0.0001,0.01749878004193306,,
7.55,153,145545,950,0.05,66.68,3688,36361,0.0001,0.024127639830112457,,
7.67,153,145858,952,0.05,67.47,3692,36439,0.0001,0.01813119277358055,,
7.66,153,146107,953,0.05,66.99,3696,36501,0.0001,0.0530933141708374,,
7.94,153,146523,957,0.05,68.77,3700,36605,0.0001,0.030582193285226822,,
7.86,153,146732,958,0.05,68.27,3704,36657,0.0001,0.013446439057588577,,
7.75,153,146924,959,0.05,67.72,3708,36705,0.0001,0.022385679185390472,,
7.6,153,147180,961,0.05,66.58,3712,36769,0.0001,0.024456344544887543,,
7.75,153,147506,962,0.05,67.52,3716,36851,0.0001,0.04902590066194534,,
7.78,153,147722,964,0.05,67.27,3720,36905,0.0001,0.015094632282853127,,
7.8,153,148036,965,0.05,67.28,3724,36983,0.0001,0.029688477516174316,,
7.67,153,148240,967,0.05,66.29,3728,37034,0.0001,0.04046862572431564,,
7.92,153,148561,969,0.05,67.93,3732,37115,0.0001,0.03873879835009575,,
7.74,153,148770,971,0.05,66.94,3736,37167,0.0001,0.04110344499349594,,
7.6,153,148954,972,0.05,65.47,3740,37213,0.0001,0.05837908387184143,,
7.53,153,149140,973,0.05,65.16,3744,37259,0.0001,0.04304322600364685,,
7.57,153,149417,975,0.05,65.63,3748,37329,0.0001,0.05337142199277878,,
7.47,153,149678,976,0.05,65.57,3752,37394,0.0001,0.025120142847299576,,
7.41,153,149913,978,0.05,65.2,3756,37453,0.0001,0.04695979505777359,,
,,150000,,0.05,,,37474,0.0001,0.02279924973845482,8.25,76.5
7.51,152,150228,982,0.05,65.35,3760,37531,0.0001,0.030202830210328102,,
7.66,152,150568,985,0.05,66.05,3764,37616,0.0001,0.018815085291862488,,
7.63,152,150779,987,0.05,65.5,3768,37669,0.0001,0.036884065717458725,,
7.69,152,151064,988,0.05,66.01,3772,37740,0.0001,0.047842055559158325,,
7.55,152,151214,989,0.05,64.75,3776,37778,0.0001,0.02196606807410717,,
7.66,152,151600,991,0.05,65.2,3780,37874,0.0001,0.06273296475410461,,
7.8,152,152034,994,0.05,66.13,3784,37983,0.0001,0.02742767706513405,,
8.04,152,152323,995,0.05,67.78,3788,38055,0.0001,0.02639811486005783,,
7.92,152,152585,997,0.05,67.27,3792,38121,0.0001,0.020907195284962654,,
8.05,152,152897,1000,0.05,67.9,3796,38199,0.0001,0.017837751656770706,,
7.94,152,153221,1002,0.05,66.98,3800,38280,0.0001,0.02027824893593788,,
8.08,152,153596,1004,0.05,68.64,3804,38373,0.0001,0.04337930679321289,,
8.17,152,153829,1005,0.05,69.05,3808,38432,0.0001,0.02431011199951172,,
8.48,152,154288,1008,0.05,71.08,3812,38546,0.0001,0.01831812784075737,,
8.42,153,154626,1010,0.05,71.2,3816,38631,0.0001,0.0273677259683609,,
8.59,153,154944,1012,0.05,72.22,3820,38710,0.0001,0.04615236446261406,,
8.33,152,155057,1013,0.05,70.21,3824,38739,0.0001,0.020677100867033005,,
8.46,152,155406,1016,0.05,71.66,3828,38826,0.0001,0.03286335617303848,,
8.54,152,155775,1018,0.05,72.14,3832,38918,0.0001,0.0512404590845108,,
8.61,152,156008,1019,0.05,72.38,3836,38976,0.0001,0.04521707817912102,,
8.75,153,156318,1021,0.05,73.64,3840,39054,0.0001,0.039211831986904144,,
8.77,153,156539,1022,0.05,73.99,3844,39109,0.0001,0.02292471006512642,,
8.86,153,156890,1024,0.05,74.73,3848,39197,0.0001,0.023674072697758675,,
8.86,153,157120,1026,0.05,74.42,3852,39254,0.0001,0.060697898268699646,,
9.13,153,157560,1029,0.05,76.47,3856,39364,0.0001,0.04245996102690697,,
9.01,153,157780,1031,0.05,75.52,3860,39419,0.0001,0.04847823083400726,,
8.85,153,158007,1032,0.05,74.39,3864,39476,0.0001,0.012671038508415222,,
8.88,153,158261,1033,0.05,74.82,3868,39540,0.0001,0.052648961544036865,,
8.85,153,158523,1035,0.05,74.59,3872,39605,0.0001,0.03261300176382065,,
9.21,153,158946,1037,0.05,77.32,3876,39711,0.0001,0.013414276763796806,,
9.0,153,159200,1039,0.05,76.0,3880,39774,0.0001,0.021776558831334114,,
8.78,153,159527,1041,0.05,74.93,3884,39856,0.0001,0.02868516743183136,,
8.78,153,159791,1043,0.05,74.68,3888,39922,0.0001,0.02422763779759407,,
8.96,152,160172,1047,0.05,75.87,3892,40017,0.0001,0.034563686698675156,,
9.12,153,160617,1049,0.05,77.2,3896,40129,0.0001,0.02210427075624466,,
9.09,153,160952,1051,0.05,77.31,3900,40212,0.0001,0.013277851976454258,,
8.86,153,161131,1052,0.05,75.35,3904,40257,0.0001,0.04678281396627426,,
8.92,153,161402,1053,0.05,75.73,3908,40325,0.0001,0.041786178946495056,,
8.6,153,161638,1055,0.05,73.5,3912,40384,0.0001,0.038315996527671814,,
8.67,153,161946,1058,0.05,73.2,3916,40461,0.0001,0.0838850885629654,,
8.51,153,162189,1059,0.05,72.45,3920,40522,0.0001,0.06499359756708145,,
8.59,153,162369,1060,0.05,73.12,3924,40567,0.0001,0.04502163827419281,,
8.51,153,162623,1062,0.05,72.17,3928,40630,0.0001,0.024597465991973877,,
8.59,153,163045,1064,0.05,72.7,3932,40736,0.0001,0.02213129773736,,
8.72,153,163369,1066,0.05,73.61,3936,40817,0.0001,0.026215026155114174,,
8.91,153,163793,1068,0.05,74.75,3940,40923,0.0001,0.024084800854325294,,
8.94,153,164032,1070,0.05,74.93,3944,40982,0.0001,0.029855912551283836,,
8.65,153,164162,1071,0.05,72.72,3948,41015,0.0001,0.028827503323554993,,
8.89,153,164589,1074,0.05,74.69,3952,41122,0.0001,0.02575586922466755,,
8.71,153,164867,1076,0.05,73.07,3956,41191,0.0001,0.03533613681793213,,
8.9,153,165240,1078,0.05,74.6,3960,41284,0.0001,0.022925332188606262,,
9.04,153,165584,1080,0.05,75.77,3964,41370,0.0001,0.015062081627547741,,
8.95,153,165756,1081,0.05,74.95,3968,41413,0.0001,0.02763252705335617,,
9.03,153,166042,1082,0.05,75.19,3972,41485,0.0001,0.02766118198633194,,
8.74,153,166243,1084,0.05,72.97,3976,41535,0.0001,0.025214042514562607,,
8.92,153,166599,1086,0.05,73.99,3980,41624,0.0001,0.043429065495729446,,
8.98,153,166909,1089,0.05,73.82,3984,41702,0.0001,0.023152871057391167,,
9.01,153,167229,1090,0.05,74.38,3988,41782,0.0001,0.03999244049191475,,
8.9,153,167510,1092,0.05,73.38,3992,41852,0.0001,0.02636420913040638,,
8.49,153,167684,1093,0.05,70.67,3996,41895,0.0001,0.029318438842892647,,
8.53,153,168030,1095,0.05,70.78,4000,41982,0.0001,0.03240823745727539,,
8.72,153,168308,1096,0.05,71.77,4004,42051,0.0001,0.017222359776496887,,
8.78,153,168648,1098,0.05,72.46,4008,42136,0.0001,0.04279167205095291,,
8.75,153,168884,1100,0.05,72.46,4012,42195,0.0001,0.04587515443563461,,
8.66,153,169153,1102,0.05,72.07,4016,42263,0.0001,0.015203249640762806,,
8.56,153,169311,1103,0.05,71.22,4020,42302,0.0001,0.090254046022892,,
8.97,153,169773,1106,0.05,74.04,4024,42418,0.0001,0.042188748717308044,,
9.05,153,170113,1109,0.05,74.9,4028,42503,0.0001,0.03472813218832016,,
8.7,153,170331,1110,0.05,72.86,4032,42557,0.0001,0.013332512229681015,,
8.66,153,170601,1111,0.05,72.32,4036,42625,0.0001,0.0513930544257164,,
8.41,153,170907,1114,0.05,71.14,4040,42701,0.0001,0.041678737848997116,,
8.37,153,171130,1116,0.05,70.98,4044,42757,0.0001,0.030340582132339478,,
8.69,153,171484,1118,0.05,73.22,4048,42845,0.0001,0.03644796833395958,,
8.51,153,171737,1119,0.05,71.48,4052,42909,0.0001,0.026239264756441116,,
8.29,153,171886,1120,0.05,70.19,4056,42946,0.0001,0.028483659029006958,,
8.09,153,172106,1121,0.05,68.66,4060,43001,0.0001,0.031802039593458176,,
7.99,153,172364,1123,0.05,67.8,4064,43065,0.0001,0.022265102714300156,,
8.13,153,172620,1124,0.05,68.64,4068,43129,0.0001,0.03236880898475647,,
8.1,153,172916,1126,0.05,68.74,4072,43203,0.0001,0.06220235675573349,,
8.26,153,173224,1128,0.05,69.81,4076,43280,0.0001,0.03857732564210892,,
8.11,153,173485,1131,0.05,68.86,4080,43346,0.0001,0.045177262276411057,,
8.09,153,173818,1132,0.05,69.09,4084,43429,0.0001,0.07649438083171844,,
8.13,153,174174,1134,0.05,69.45,4088,43518,0.0001,0.02455178089439869,,
8.0,153,174378,1135,0.05,68.68,4092,43569,0.0001,0.027917001396417618,,
8.16,153,174665,1137,0.05,69.81,4096,43641,0.0001,0.024624131619930267,,
7.91,153,174843,1138,0.05,68.13,4100,43685,0.0001,0.036823950707912445,,
,,175000,,0.05,,,43724,0.0001,0.034084416925907135,10.0,76.25
7.82,153,175071,1141,0.05,67.63,4104,43742,0.0001,0.02499409392476082,,
7.76,153,175322,1143,0.05,66.74,4108,43805,0.0001,0.07630085945129395,,
7.71,153,175503,1145,0.05,66.19,4112,43850,0.0001,0.01972099207341671,,
7.76,153,175861,1146,0.05,67.08,4116,43940,0.0001,0.06389423459768295,,
7.72,153,176010,1147,0.05,66.99,4120,43977,0.0001,0.03438148647546768,,
7.31,153,176181,1148,0.05,64.08,4124,44020,0.0001,0.05893556401133537,,
7.35,153,176480,1150,0.05,63.67,4128,44094,0.0001,0.036771468818187714,,
7.65,153,176919,1152,0.05,65.88,4132,44204,0.0001,0.02485894225537777,,
7.72,153,177252,1154,0.05,66.51,4136,44287,0.0001,0.019204046577215195,,
7.77,153,177552,1157,0.05,66.45,4140,44362,0.0001,0.02539929375052452,,
8.01,153,177990,1160,0.05,68.6,4144,44472,0.0001,0.015693407505750656,,
7.95,153,178284,1162,0.05,68.0,4148,44545,0.0001,0.010123562067747116,,
7.88,153,178502,1163,0.05,67.65,4152,44600,0.0001,0.05351279675960541,,
8.18,153,178868,1165,0.05,69.82,4156,44691,0.0001,0.018952472135424614,,
8.32,153,179147,1166,0.05,70.41,4160,44761,0.0001,0.05253900587558746,,
8.26,153,179361,1168,0.05,69.97,4164,44815,0.0001,0.04450389742851257,,
8.36,153,179768,1171,0.05,71.48,4168,44916,0.0001,0.0843900814652443,,
8.17,153,179933,1172,0.05,70.17,4172,44958,0.0001,0.041116341948509216,,
8.08,153,180180,1175,0.05,69.56,4176,45019,0.0001,0.04374352842569351,,
7.98,153,180366,1176,0.05,68.81,4180,45066,0.0001,0.0322437509894371,,
7.73,153,180578,1177,0.05,67.6,4184,45119,0.0001,0.029587652534246445,,
7.49,153,180755,1178,0.05,65.81,4188,45163,0.0001,0.027456460520625114,,
7.54,153,181003,1179,0.05,66.25,4192,45225,0.0001,0.03544919565320015,,
7.37,153,181169,1180,0.05,65.04,4196,45267,0.0001,0.04205019026994705,,
7.42,153,181408,1182,0.05,65.65,4200,45326,0.0001,0.039758164435625076,,
7.5,153,181672,1183,0.05,66.01,4204,45392,0.0001,0.05309763550758362,,
7.5,153,181947,1186,0.05,66.25,4208,45461,0.0001,0.027456242591142654,,
7.58,153,182176,1188,0.05,66.73,4212,45518,0.0001,0.02617752179503441,,
7.33,153,182336,1189,0.05,64.75,4216,45558,0.0001,0.03554140031337738,,
7.8,153,182797,1191,0.05,67.87,4220,45674,0.0001,0.04133740812540054,,
8.02,153,183137,1193,0.05,69.56,4224,45759,0.0001,0.025429023429751396,,
7.98,153,183433,1195,0.05,69.53,4228,45833,0.0001,0.06936651468276978,,
7.62,153,183567,1195,0.05,66.48,4232,45866,0.0001,0.043346107006073,,
7.6,153,183932,1198,0.05,66.8,4236,45957,0.0001,0.0307965986430645,,
7.49,153,184131,1199,0.05,65.79,4240,46007,0.0001,0.06224758177995682,,
7.49,153,184491,1202,0.05,65.01,4244,46097,0.0001,0.08010313659906387,,
7.5,153,184821,1204,0.05,65.37,4248,46180,0.0001,0.016184110194444656,,
7.5,153,184997,1205,0.05,64.95,4252,46224,0.0001,0.054440177977085114,,
7.36,153,185242,1206,0.05,63.74,4256,46285,0.0001,0.05289601534605026,,
7.36,153,185586,1208,0.05,64.39,4260,46371,0.0001,0.05206397920846939,,
7.48,153,185897,1210,0.05,65.36,4264,46449,0.0001,0.036749694496393204,,
7.27,153,186114,1211,0.05,63.46,4268,46503,0.0001,0.02490765042603016,,
7.56,153,186501,1214,0.05,65.68,4272,46600,0.0001,0.029565967619419098,,
7.47,153,186717,1216,0.05,65.37,4276,46654,0.0001,0.04909564554691315,,
7.55,153,186950,1218,0.05,65.84,4280,46712,0.0001,0.022935304790735245,,
7.58,153,187130,1219,0.05,65.52,4284,46757,0.0001,0.019226916134357452,,
7.97,153,187574,1221,0.05,68.19,4288,46868,0.0001,0.04760514199733734,,
7.95,153,187785,1222,0.05,67.82,4292,46921,0.0001,0.02877027355134487,,
8.28,153,188141,1224,0.05,69.72,4296,47010,0.0001,0.028173280879855156,,
8.31,153,188369,1226,0.05,69.61,4300,47067,0.0001,0.01253033522516489,,
8.25,153,188619,1227,0.05,69.47,4304,47129,0.0001,0.03682318329811096,,
8.27,153,188932,1230,0.05,69.85,4308,47207,0.0001,0.0308093074709177,,
8.26,153,189133,1233,0.05,69.57,4312,47258,0.0001,0.01569398120045662,,
8.57,153,189486,1237,0.05,71.5,4316,47346,0.0001,0.03737610578536987,,
8.19,153,189704,1238,0.05,69.07,4320,47400,0.0001,0.02822779305279255,,
8.28,153,190112,1242,0.05,69.75,4324,47502,0.0001,0.07572511583566666,,
8.18,153,190349,1243,0.05,69.16,4328,47562,0.0001,0.08155685663223267,,
8.24,153,190525,1244,0.05,69.58,4332,47606,0.0001,0.07171987742185593,,
8.06,153,190750,1246,0.05,68.18,4336,47662,0.0001,0.06473074108362198,,
8.08,152,190967,1248,0.05,68.36,4340,47716,0.0001,0.11708143353462219,,
8.01,152,191315,1251,0.05,68.24,4344,47803,0.0001,0.029568703845143318,,
7.95,152,191580,1252,0.05,67.59,4348,47869,0.0001,0.03920964151620865,,
8.01,152,191824,1254,0.05,68.27,4352,47930,0.0001,0.013681490905582905,,
8.14,152,192180,1256,0.05,69.38,4356,48019,0.0001,0.04530612751841545,,
7.87,153,192341,1257,0.05,67.55,4360,48060,0.0001,0.02404194325208664,,
7.91,153,192646,1258,0.05,67.49,4364,48136,0.0001,0.022695880383253098,,
8.2,152,193038,1261,0.05,69.24,4368,48234,0.0001,0.01918918639421463,,
8.29,152,193455,1264,0.05,69.54,4372,48338,0.0001,0.04415948688983917,,
8.52,152,193833,1266,0.05,71.16,4376,48433,0.0001,0.036994412541389465,,
8.43,153,194028,1268,0.05,70.78,4380,48481,0.0001,0.03599822521209717,,
8.75,153,194401,1270,0.05,72.71,4384,48575,0.0001,0.041940394788980484,,
8.63,153,194747,1272,0.05,71.73,4388,48661,0.0001,0.027211692184209824,,
8.72,153,195065,1273,0.05,72.8,4392,48741,0.0001,0.057635411620140076,,
8.72,153,195416,1276,0.05,72.75,4396,48828,0.0001,0.033583275973796844,,
8.67,153,195616,1278,0.05,72.47,4400,48878,0.0001,0.04117760807275772,,
8.68,153,195852,1279,0.05,72.33,4404,48937,0.0001,0.026783430948853493,,
8.61,153,196110,1281,0.05,71.78,4408,49002,0.0001,0.035608720034360886,,
8.56,153,196303,1282,0.05,71.7,4412,49050,0.0001,0.0280156247317791,,
8.47,153,196579,1283,0.05,70.93,4416,49119,0.0001,0.048265233635902405,,
8.59,153,196867,1285,0.05,71.63,4420,49191,0.0001,0.040241438895463943,,
8.43,153,197198,1287,0.05,70.86,4424,49274,0.0001,0.10669802129268646,,
8.65,153,197566,1289,0.05,72.17,4428,49366,0.0001,0.06746277958154678,,
8.89,153,197908,1292,0.05,73.83,4432,49451,0.0001,0.13252121210098267,,
9.13,153,198259,1294,0.05,75.09,4436,49539,0.0001,0.03663169592618942,,
9.39,153,198659,1296,0.05,76.92,4440,49639,0.0001,0.10244110226631165,,
9.35,153,198974,1298,0.05,76.59,4444,49718,0.0001,0.030854273587465286,,
9.29,153,199177,1299,0.05,75.97,4448,49769,0.0001,0.015027351677417755,,
9.18,153,199376,1301,0.05,75.52,4452,49818,0.0001,0.06651873886585236,,
9.19,153,199723,1302,0.05,75.43,4456,49905,0.0001,0.056661784648895264,,
,,200000,,0.05,,,49974,0.0001,0.021396946161985397,11.5,87.25
