rollout/ep_len_mean,rollout/exploration_rate,rollout/ep_rew_mean,time/episodes,time/time_elapsed,time/total_timesteps,time/fps,eval/mean_ep_length,eval/mean_reward
31.75,0.0,1.75,4,1,127,75,,
70.5,0.0,1.625,8,6,564,88,,
66.75,0.0,2.0833333333333335,12,8,801,95,,
59.875,0.0,1.9375,16,9,958,99,,
54.6,0.0,1.85,20,10,1092,101,,
53.416666666666664,0.0,1.8333333333333333,24,12,1282,104,,
48.464285714285715,0.0,1.6785714285714286,28,12,1357,105,,
46.6875,0.0,1.65625,32,14,1494,106,,
43.0,0.0,1.5,36,14,1548,106,,
42.725,0.0,1.525,40,16,1709,105,,
42.54545454545455,0.0,1.5454545454545454,44,18,1872,102,,
42.083333333333336,0.0,1.4791666666666667,48,20,2020,100,,
41.48076923076923,0.0,1.4807692307692308,52,21,2157,101,,
41.482142857142854,0.0,1.4642857142857142,56,22,2323,102,,
41.13333333333333,0.0,1.4833333333333334,60,23,2468,103,,
41.015625,0.0,1.46875,64,25,2625,104,,
40.544117647058826,0.0,1.4411764705882353,68,26,2757,104,,
40.47222222222222,0.0,1.4166666666666667,72,27,2914,105,,
39.328947368421055,0.0,1.3421052631578947,76,28,2989,105,,
39.1875,0.0,1.3375,80,29,3135,105,,
39.583333333333336,0.0,1.3571428571428572,84,31,3325,105,,
39.28409090909091,0.0,1.3522727272727273,88,33,3457,104,,
39.09782608695652,0.0,1.3695652173913044,92,34,3597,103,,
39.385416666666664,0.0,1.375,96,36,3781,103,,
39.21,0.0,1.38,100,37,3921,103,,
38.89,0.0,1.33,104,38,4016,104,,
36.13,0.0,1.37,108,39,4177,104,,
35.81,0.0,1.31,112,41,4382,105,,
36.04,0.0,1.3,116,42,4562,106,,
35.68,0.0,1.29,120,44,4660,105,,
34.58,0.0,1.23,124,44,4740,106,,
34.56,0.0,1.23,128,45,4813,105,,
34.7,0.0,1.26,132,47,4964,105,,
35.5,0.0,1.31,136,48,5098,104,,
34.78,0.0,1.27,140,49,5187,103,,
35.13,0.0,1.33,144,51,5385,104,,
34.9,0.0,1.35,148,52,5510,104,,
34.55,0.0,1.34,152,53,5612,104,,
34.44,0.0,1.36,156,54,5767,105,,
34.6,0.0,1.33,160,56,5928,105,,
34.35,0.0,1.33,164,57,6060,106,,
34.47,0.0,1.34,168,58,6204,106,,
33.92,0.0,1.33,172,59,6306,106,,
34.19,0.0,1.4,176,60,6408,106,,
34.38,0.0,1.41,180,62,6573,104,,
33.25,0.0,1.36,184,63,6650,104,,
32.68,0.0,1.35,188,64,6725,104,,
32.35,0.0,1.3,192,65,6832,104,,
31.43,0.0,1.3,196,66,6924,104,,
30.85,0.0,1.31,200,66,7006,104,,
31.06,0.0,1.34,204,67,7122,104,,
30.53,0.0,1.28,208,68,7230,105,,
29.17,0.0,1.24,212,69,7299,105,,
28.98,0.0,1.25,216,70,7460,105,,
28.53,0.0,1.2,220,71,7513,105,,
28.68,0.0,1.26,224,72,7608,105,,
28.87,0.0,1.26,228,72,7700,105,,
29.5,0.0,1.35,232,74,7914,105,,
29.44,0.0,1.35,236,76,8042,105,,
29.74,0.0,1.39,240,77,8161,104,,
29.42,0.0,1.39,244,79,8327,104,,
29.29,0.0,1.41,248,80,8439,104,,
29.81,0.0,1.45,252,82,8593,104,,
29.21,0.0,1.41,256,82,8688,104,,
28.15,0.0,1.37,260,83,8743,104,,
28.33,0.0,1.4,264,84,8893,105,,
29.26,0.0,1.45,268,86,9130,105,,
29.65,0.0,1.52,272,87,9271,105,,
29.61,0.0,1.52,276,88,9369,105,,
29.17,0.0,1.54,280,90,9490,104,,
30.19,0.0,1.64,284,92,9669,104,,
30.35,0.0,1.65,288,93,9760,104,,
30.33,0.0,1.67,292,94,9865,104,,
30.12,0.0,1.63,296,95,9936,104,,
30.41,0.0,1.64,300,96,10047,104,,
30.25,0.0,1.61,304,97,10147,104,,
30.35,0.0,1.63,308,98,10265,104,,
30.9,0.0,1.67,312,99,10389,104,,
30.53,0.0,1.66,316,100,10513,104,,
30.79,0.0,1.67,320,101,10592,104,,
30.75,0.0,1.64,324,102,10683,104,,
31.05,0.0,1.69,328,103,10805,104,,
29.86,0.0,1.56,332,105,10900,103,,
29.9,0.0,1.58,336,106,11032,103,,
29.7,0.0,1.55,340,108,11131,102,,
28.85,0.0,1.42,344,109,11212,102,,
28.55,0.0,1.38,348,109,11294,102,,
27.73,0.0,1.32,352,110,11366,102,,
28.49,0.0,1.42,356,112,11537,102,,
28.89,0.0,1.46,360,112,11632,102,,
28.15,0.0,1.4,364,113,11708,103,,
27.03,0.0,1.37,368,114,11833,103,,
26.9,0.0,1.35,372,115,11961,103,,
27.11,0.0,1.32,376,116,12080,103,,
26.52,0.0,1.25,380,117,12142,103,,
26.02,0.0,1.2,384,118,12271,103,,
26.28,0.0,1.2,388,120,12388,103,,
25.88,0.0,1.18,392,121,12453,102,,
25.76,0.0,1.18,396,121,12512,102,,
25.41,0.0,1.11,400,122,12588,102,,
25.66,0.0,1.18,404,124,12713,102,,
25.26,0.0,1.14,408,125,12791,102,,
24.67,0.0,1.09,412,125,12856,102,,
24.39,0.0,1.12,416,126,12952,102,,
24.49,0.0,1.13,420,127,13041,102,,
24.74,0.0,1.17,424,128,13157,102,,
24.28,0.0,1.11,428,128,13233,102,,
24.11,0.0,1.11,432,129,13311,102,,
23.74,0.0,1.08,436,130,13406,102,,
23.37,0.0,1.06,440,131,13468,102,,
23.51,0.0,1.11,444,131,13563,102,,
23.51,0.0,1.12,448,132,13645,102,,
23.71,0.0,1.13,452,133,13737,102,,
22.91,0.0,1.05,456,134,13828,102,,
23.49,0.0,1.07,460,136,13981,102,,
23.38,0.0,1.07,464,137,14046,102,,
23.02,0.0,1.03,468,138,14135,102,,
22.5,0.0,0.97,472,139,14211,101,,
21.79,0.0,0.93,476,140,14259,101,,
22.11,0.0,0.97,480,140,14353,101,,
21.58,0.0,0.93,484,141,14429,101,,
21.06,0.0,0.9,488,142,14494,101,,
21.13,0.0,0.92,492,142,14566,101,,
21.5,0.0,0.95,496,143,14662,101,,
22.56,0.0,1.06,500,145,14844,102,,
22.43,0.0,1.02,504,146,14956,102,,
22.39,0.0,1.02,508,147,15030,102,,
22.82,0.0,1.1,512,148,15138,102,,
22.53,0.0,1.05,516,149,15205,101,,
22.96,0.0,1.08,520,150,15337,101,,
22.67,0.0,1.05,524,152,15424,101,,
22.86,0.0,1.07,528,153,15519,100,,
23.03,0.0,1.06,532,155,15614,100,,
22.96,0.0,1.06,536,156,15702,100,,
23.35,0.0,1.1,540,157,15803,100,,
23.27,0.0,1.1,544,158,15890,100,,
23.51,0.0,1.13,548,159,15996,100,,
23.29,0.0,1.14,552,159,16066,100,,
23.99,0.0,1.19,556,161,16227,100,,
24.43,0.0,1.27,560,163,16424,100,,
25.29,0.0,1.36,564,164,16575,100,,
26.14,0.0,1.46,568,165,16749,100,,
27.02,0.0,1.53,572,167,16913,100,,
27.62,0.0,1.59,576,168,17021,100,,
27.62,0.0,1.59,580,170,17115,100,,
28.07,0.0,1.64,584,171,17236,100,,
28.31,0.0,1.66,588,172,17325,100,,
28.93,0.0,1.72,592,173,17459,100,,
28.83,0.0,1.72,596,174,17545,100,,
27.78,0.0,1.63,600,175,17622,100,,
27.37,0.0,1.59,604,176,17693,100,,
27.57,0.0,1.59,608,177,17787,100,,
28.24,0.0,1.62,612,178,17962,100,,
29.81,0.0,1.77,616,180,18186,100,,
29.52,0.0,1.8,620,181,18289,100,,
29.79,0.0,1.81,624,182,18403,100,,
30.21,0.0,1.88,628,183,18540,100,,
30.27,0.0,1.91,632,185,18641,100,,
30.29,0.0,1.9,636,186,18731,100,,
30.27,0.0,1.9,640,187,18830,100,,
30.13,0.0,1.88,644,188,18903,100,,
30.13,0.0,1.89,648,189,19009,100,,
31.15,0.0,1.95,652,190,19181,100,,
30.8,0.0,1.95,656,191,19307,100,,
30.82,0.0,1.95,660,193,19506,100,,
30.41,0.0,1.89,664,194,19616,100,,
29.68,0.0,1.81,668,195,19717,100,,
29.19,0.0,1.83,672,196,19832,100,,
28.85,0.0,1.81,676,197,19906,100,,
29.82,0.0,1.91,680,199,20097,100,,
29.72,0.0,1.92,684,201,20208,100,,
30.24,0.0,1.97,688,202,20349,100,,
30.39,0.0,1.98,692,204,20498,100,,
30.36,0.0,1.97,696,204,20581,100,,
30.41,0.0,1.95,700,205,20663,100,,
30.96,0.0,2.05,704,206,20789,100,,
31.29,0.0,2.13,708,207,20916,100,,
30.32,0.0,2.07,712,208,20994,100,,
29.48,0.0,1.95,716,209,21134,100,,
29.79,0.0,1.94,720,210,21268,100,,
29.55,0.0,1.93,724,211,21358,101,,
29.1,0.0,1.85,728,212,21450,101,,
29.08,0.0,1.83,732,213,21549,101,,
28.99,0.0,1.82,736,214,21630,100,,
28.97,0.0,1.82,740,215,21727,100,,
30.32,0.0,1.96,744,217,21935,100,,
30.05,0.0,1.92,748,218,22014,100,,
29.73,0.0,1.88,752,219,22154,100,,
29.84,0.0,1.85,756,221,22291,100,,
30.06,0.0,1.86,760,223,22512,100,,
30.76,0.0,1.92,764,224,22692,100,,
30.65,0.0,1.92,768,225,22782,100,,
30.62,0.0,1.89,772,226,22894,101,,
31.03,0.0,1.9,776,227,23009,101,,
30.1,0.0,1.78,780,228,23107,101,,
30.1,0.0,1.74,784,230,23218,100,,
30.53,0.0,1.75,788,232,23402,100,,
29.94,0.0,1.7,792,233,23492,100,,
30.54,0.0,1.76,796,234,23635,100,,
30.58,0.0,1.78,800,235,23721,100,,
30.03,0.0,1.71,804,236,23792,100,,
29.65,0.0,1.63,808,236,23881,100,,
29.41,0.0,1.57,812,237,23935,100,,
29.08,0.0,1.62,816,238,24042,100,,
28.33,0.0,1.56,820,238,24101,100,,
29.02,0.0,1.68,824,240,24260,100,,
29.42,0.0,1.74,828,241,24392,101,,
29.2,0.0,1.72,832,242,24469,101,,
29.25,0.0,1.73,836,242,24555,101,,
29.93,0.0,1.81,840,244,24720,100,,
28.79,0.0,1.69,844,245,24814,100,,
28.75,0.0,1.69,848,247,24889,100,,
28.36,0.0,1.71,852,248,24990,100,,
,0.0,,,,25000,,23.25,0.5
27.74,0.0,1.69,856,249,25065,100,,
26.49,0.0,1.59,860,250,25161,100,,
25.38,0.0,1.5,864,251,25230,100,,
25.25,0.0,1.5,868,251,25307,100,,
26.83,0.0,1.64,872,254,25577,100,,
26.53,0.0,1.66,876,254,25662,100,,
27.9,0.0,1.82,880,256,25897,100,,
27.67,0.0,1.82,884,257,25985,100,,
26.8,0.0,1.79,888,258,26082,100,,
27.97,0.0,1.89,892,261,26289,100,,
27.21,0.0,1.81,896,262,26356,100,,
26.93,0.0,1.78,900,262,26414,100,,
27.09,0.0,1.78,904,263,26501,100,,
27.37,0.0,1.87,908,264,26618,100,,
28.13,0.0,1.99,912,265,26748,100,,
27.94,0.0,1.9,916,266,26836,100,,
27.99,0.0,1.92,920,267,26900,100,,
27.38,0.0,1.78,924,268,26998,100,,
28.21,0.0,1.86,928,269,27213,100,,
28.78,0.0,1.9,932,271,27347,100,,
29.16,0.0,1.95,936,272,27471,100,,
28.51,0.0,1.87,940,273,27571,100,,
28.87,0.0,1.89,944,274,27701,100,,
29.64,0.0,1.96,948,276,27853,100,,
29.83,0.0,1.94,952,277,27973,100,,
30.39,0.0,1.99,956,279,28104,100,,
31.04,0.0,2.03,960,280,28265,100,,
31.74,0.0,2.1,964,281,28404,100,,
32.04,0.0,2.13,968,282,28511,100,,
30.61,0.0,2.01,972,283,28638,100,,
31.5,0.0,2.07,976,285,28812,101,,
30.13,0.0,1.94,980,286,28910,101,,
30.65,0.0,2.0,984,287,29050,101,,
30.51,0.0,1.96,988,288,29133,101,,
29.45,0.0,1.86,992,289,29234,100,,
29.99,0.0,1.93,996,291,29355,100,,
31.12,0.0,2.03,1000,292,29526,100,,
31.19,0.0,2.07,1004,293,29620,100,,
31.41,0.0,2.04,1008,294,29759,100,,
31.24,0.0,2.02,1012,295,29872,100,,
31.18,0.0,2.04,1016,296,29954,101,,
31.64,0.0,2.08,1020,297,30064,100,,
31.97,0.0,2.14,1024,299,30195,100,,
31.36,0.0,2.09,1028,300,30349,101,,
32.24,0.0,2.22,1032,302,30571,101,,
32.84,0.0,2.26,1036,305,30755,100,,
32.74,0.0,2.23,1040,306,30845,100,,
32.11,0.0,2.19,1044,307,30912,100,,
31.41,0.0,2.1,1048,308,30994,100,,
31.08,0.0,2.08,1052,308,31081,100,,
30.68,0.0,2.02,1056,309,31172,100,,
29.79,0.0,1.96,1060,310,31244,100,,
29.49,0.0,1.92,1064,311,31353,100,,
29.43,0.0,1.9,1068,312,31454,100,,
28.82,0.0,1.81,1072,312,31520,100,,
27.98,0.0,1.72,1076,313,31610,100,,
27.99,0.0,1.73,1080,314,31709,100,,
28.22,0.0,1.75,1084,315,31872,100,,
29.16,0.0,1.83,1088,317,32049,100,,
28.96,0.0,1.81,1092,318,32130,100,,
28.65,0.0,1.77,1096,319,32220,100,,
27.64,0.0,1.68,1100,320,32290,100,,
27.69,0.0,1.65,1104,321,32389,100,,
27.33,0.0,1.63,1108,322,32492,100,,
27.2,0.0,1.61,1112,323,32592,100,,
27.44,0.0,1.64,1116,324,32698,100,,
27.43,0.0,1.65,1120,325,32807,100,,
26.91,0.0,1.58,1124,326,32886,100,,
26.62,0.0,1.52,1128,327,33011,100,,
25.58,0.0,1.38,1132,328,33129,100,,
24.72,0.0,1.31,1136,329,33227,100,,
24.73,0.0,1.31,1140,329,33318,100,,
25.36,0.0,1.34,1144,330,33448,101,,
25.45,0.0,1.36,1148,331,33539,101,,
25.09,0.0,1.31,1152,332,33590,100,,
25.03,0.0,1.33,1156,333,33675,100,,
24.86,0.0,1.3,1160,334,33730,100,,
24.6,0.0,1.29,1164,335,33813,100,,
24.75,0.0,1.3,1168,336,33929,100,,
25.03,0.0,1.35,1172,337,34023,100,,
24.89,0.0,1.35,1176,338,34099,100,,
24.94,0.0,1.34,1180,339,34203,100,,
24.96,0.0,1.32,1184,340,34368,100,,
24.76,0.0,1.28,1188,341,34525,100,,
24.82,0.0,1.29,1192,342,34612,101,,
25.31,0.0,1.32,1196,343,34751,101,,
25.79,0.0,1.39,1200,345,34869,101,,
25.88,0.0,1.43,1204,346,34977,100,,
26.22,0.0,1.46,1208,348,35114,100,,
26.29,0.0,1.45,1212,349,35221,100,,
25.92,0.0,1.41,1216,350,35290,100,,
25.67,0.0,1.38,1220,351,35374,100,,
25.62,0.0,1.37,1224,351,35448,100,,
25.71,0.0,1.43,1228,353,35582,100,,
25.41,0.0,1.4,1232,354,35670,100,,
25.33,0.0,1.4,1236,354,35760,100,,
25.42,0.0,1.43,1240,355,35860,100,,
25.5,0.0,1.48,1244,356,35998,100,,
26.24,0.0,1.62,1248,358,36163,100,,
26.62,0.0,1.68,1252,359,36252,100,,
26.73,0.0,1.66,1256,359,36348,100,,
27.1,0.0,1.68,1260,360,36440,100,,
27.2,0.0,1.7,1264,362,36533,100,,
26.76,0.0,1.66,1268,363,36605,100,,
26.67,0.0,1.65,1272,364,36690,100,,
26.82,0.0,1.65,1276,365,36781,100,,
27.0,0.0,1.66,1280,366,36903,100,,
26.29,0.0,1.58,1284,367,36997,100,,
25.79,0.0,1.58,1288,368,37104,100,,
26.41,0.0,1.63,1292,369,37253,100,,
26.0,0.0,1.61,1296,370,37351,100,,
25.63,0.0,1.57,1300,370,37432,100,,
25.76,0.0,1.55,1304,372,37553,100,,
25.58,0.0,1.54,1308,373,37672,100,,
25.04,0.0,1.47,1312,373,37725,100,,
25.22,0.0,1.48,1316,374,37812,100,,
25.41,0.0,1.49,1320,375,37915,100,,
25.39,0.0,1.49,1324,376,37987,100,,
25.05,0.0,1.43,1328,377,38087,100,,
24.87,0.0,1.42,1332,378,38157,100,,
24.54,0.0,1.36,1336,379,38214,100,,
24.53,0.0,1.34,1340,380,38313,100,,
24.26,0.0,1.29,1344,381,38424,100,,
23.3,0.0,1.13,1348,381,38493,100,,
23.53,0.0,1.16,1352,382,38605,100,,
23.44,0.0,1.18,1356,383,38692,100,,
23.29,0.0,1.19,1360,384,38769,100,,
24.13,0.0,1.26,1364,386,38946,100,,
24.35,0.0,1.28,1368,387,39040,100,,
24.22,0.0,1.27,1372,388,39112,100,,
24.01,0.0,1.24,1376,388,39182,100,,
23.83,0.0,1.22,1380,389,39286,100,,
24.19,0.0,1.28,1384,391,39416,100,,
24.0,0.0,1.28,1388,392,39504,100,,
23.29,0.0,1.22,1392,393,39582,100,,
23.12,0.0,1.21,1396,394,39663,100,,
23.7,0.0,1.3,1400,396,39802,100,,
23.56,0.0,1.29,1404,397,39909,100,,
22.97,0.0,1.21,1408,397,39969,100,,
23.34,0.0,1.24,1412,399,40059,100,,
23.8,0.0,1.25,1416,400,40192,100,,
23.6,0.0,1.23,1420,401,40275,100,,
23.78,0.0,1.27,1424,401,40365,100,,
23.6,0.0,1.27,1428,402,40447,100,,
24.13,0.0,1.33,1432,403,40570,100,,
24.97,0.0,1.41,1436,405,40711,100,,
25.4,0.0,1.45,1440,407,40853,100,,
25.05,0.0,1.41,1444,409,40929,100,,
25.1,0.0,1.42,1448,410,41003,99,,
25.44,0.0,1.42,1452,412,41149,99,,
25.23,0.0,1.38,1456,413,41215,99,,
25.41,0.0,1.41,1460,414,41310,99,,
24.23,0.0,1.28,1464,414,41369,99,,
23.95,0.0,1.27,1468,415,41435,99,,
23.93,0.0,1.26,1472,416,41505,99,,
24.15,0.0,1.29,1476,416,41597,99,,
24.14,0.0,1.29,1480,417,41700,99,,
23.62,0.0,1.24,1484,418,41778,99,,
23.62,0.0,1.21,1488,419,41866,99,,
24.17,0.0,1.27,1492,420,41999,99,,
23.98,0.0,1.23,1496,421,42061,99,,
23.65,0.0,1.18,1500,422,42167,99,,
23.54,0.0,1.19,1504,423,42263,99,,
24.26,0.0,1.29,1508,424,42395,99,,
23.83,0.0,1.26,1512,425,42442,99,,
23.79,0.0,1.26,1516,427,42571,99,,
23.77,0.0,1.25,1520,428,42652,99,,
23.97,0.0,1.28,1524,429,42762,99,,
23.96,0.0,1.26,1528,429,42843,99,,
24.02,0.0,1.27,1532,431,42972,99,,
23.4,0.0,1.23,1536,431,43051,99,,
22.66,0.0,1.17,1540,432,43119,99,,
22.94,0.0,1.24,1544,433,43223,99,,
22.96,0.0,1.25,1548,434,43299,99,,
22.35,0.0,1.19,1552,434,43384,99,,
22.22,0.0,1.17,1556,435,43437,99,,
22.01,0.0,1.15,1560,436,43511,99,,
22.69,0.0,1.24,1564,437,43638,99,,
22.64,0.0,1.22,1568,438,43699,99,,
22.81,0.0,1.21,1572,439,43786,99,,
22.74,0.0,1.19,1576,440,43871,99,,
22.73,0.0,1.22,1580,441,43973,99,,
22.86,0.0,1.24,1584,442,44064,99,,
22.73,0.0,1.25,1588,443,44139,99,,
22.14,0.0,1.17,1592,444,44213,99,,
22.25,0.0,1.18,1596,444,44286,99,,
21.83,0.0,1.12,1600,445,44350,99,,
21.69,0.0,1.1,1604,446,44432,99,,
21.09,0.0,1.03,1608,446,44504,99,,
21.34,0.0,1.05,1612,447,44576,99,,
21.03,0.0,1.05,1616,448,44674,99,,
21.09,0.0,1.06,1620,449,44761,99,,
20.54,0.0,0.99,1624,449,44816,99,,
21.1,0.0,1.01,1628,450,44953,99,,
20.98,0.0,0.99,1632,451,45070,99,,
20.66,0.0,0.95,1636,452,45117,99,,
20.59,0.0,0.94,1640,453,45178,99,,
20.31,0.0,0.87,1644,454,45254,99,,
20.69,0.0,0.91,1648,455,45368,99,,
20.52,0.0,0.9,1652,456,45436,99,,
20.72,0.0,0.91,1656,457,45509,99,,
20.7,0.0,0.91,1660,458,45581,99,,
20.32,0.0,0.89,1664,459,45670,99,,
20.57,0.0,0.91,1668,460,45756,99,,
20.78,0.0,0.93,1672,460,45864,99,,
20.77,0.0,0.96,1676,461,45948,99,,
20.44,0.0,0.9,1680,462,46017,99,,
20.47,0.0,0.88,1684,463,46111,99,,
20.48,0.0,0.84,1688,463,46187,99,,
20.48,0.0,0.85,1692,464,46261,99,,
20.55,0.0,0.87,1696,465,46341,99,,
21.12,0.0,0.94,1700,466,46462,99,,
21.42,0.0,0.97,1704,467,46574,99,,
21.37,0.0,0.94,1708,468,46641,99,,
21.28,0.0,0.95,1712,469,46704,99,,
21.03,0.0,0.92,1716,470,46777,99,,
20.99,0.0,0.95,1720,471,46860,99,,
21.58,0.0,1.03,1724,472,46974,99,,
21.1,0.0,1.02,1728,473,47063,99,,
20.51,0.0,0.96,1732,473,47121,99,,
20.79,0.0,0.99,1736,474,47196,99,,
20.74,0.0,0.98,1740,475,47252,99,,
20.75,0.0,0.98,1744,475,47329,99,,
20.61,0.0,0.94,1748,476,47429,99,,
20.92,0.0,1.0,1752,477,47528,99,,
20.93,0.0,1.03,1756,478,47602,99,,
21.17,0.0,1.06,1760,479,47698,99,,
21.16,0.0,1.02,1764,480,47786,99,,
21.14,0.0,1.01,1768,480,47870,99,,
20.73,0.0,0.98,1772,481,47937,99,,
20.65,0.0,0.95,1776,482,48013,99,,
20.85,0.0,0.98,1780,483,48102,99,,
21.05,0.0,0.99,1784,484,48216,99,,
21.42,0.0,1.06,1788,486,48329,99,,
21.27,0.0,1.03,1792,486,48388,99,,
21.4,0.0,1.04,1796,487,48481,99,,
21.39,0.0,1.0,1800,489,48601,99,,
21.06,0.0,0.95,1804,489,48680,99,,
21.07,0.0,0.97,1808,490,48748,99,,
21.49,0.0,0.99,1812,491,48853,99,,
21.4,0.0,0.97,1816,491,48917,99,,
21.26,0.0,0.93,1820,492,48986,99,,
21.3,0.0,0.93,1824,493,49104,99,,
21.01,0.0,0.88,1828,494,49164,99,,
21.25,0.0,0.91,1832,494,49246,99,,
21.52,0.0,0.93,1836,495,49348,99,,
22.4,0.0,0.99,1840,497,49492,99,,
22.49,0.0,0.99,1844,498,49578,99,,
22.06,0.0,0.96,1848,498,49635,99,,
21.77,0.0,0.92,1852,499,49705,99,,
22.53,0.0,0.98,1856,501,49855,99,,
22.43,0.0,0.96,1860,502,49941,99,,
,0.0,,,,50000,,15.0,0.25
22.83,0.0,1.01,1864,504,50069,99,,
23.03,0.0,1.06,1868,505,50173,99,,
23.19,0.0,1.09,1872,506,50256,99,,
23.74,0.0,1.14,1876,507,50387,99,,
23.59,0.0,1.09,1880,508,50461,99,,
23.08,0.0,1.04,1884,508,50524,99,,
23.3,0.0,1.01,1888,510,50659,99,,
23.37,0.0,1.03,1892,510,50725,99,,
23.7,0.0,1.09,1896,511,50851,99,,
23.08,0.0,1.04,1900,512,50909,99,,
22.85,0.0,1.01,1904,512,50965,99,,
22.92,0.0,1.03,1908,513,51040,99,,
22.86,0.0,1.02,1912,515,51139,99,,
23.21,0.0,1.07,1916,516,51238,99,,
23.14,0.0,1.05,1920,517,51300,99,,
23.25,0.0,1.03,1924,518,51429,99,,
23.37,0.0,1.06,1928,519,51501,99,,
23.58,0.0,1.12,1932,520,51604,99,,
24.06,0.0,1.15,1936,521,51754,99,,
23.57,0.0,1.13,1940,522,51849,99,,
23.47,0.0,1.12,1944,522,51925,99,,
23.73,0.0,1.13,1948,523,52008,99,,
24.38,0.0,1.17,1952,524,52143,99,,
24.43,0.0,1.18,1956,526,52298,99,,
24.25,0.0,1.16,1960,526,52366,99,,
23.92,0.0,1.12,1964,528,52461,99,,
23.94,0.0,1.12,1968,529,52567,99,,
23.72,0.0,1.11,1972,530,52628,99,,
23.28,0.0,1.07,1976,531,52715,99,,
23.3,0.0,1.09,1980,532,52791,99,,
23.37,0.0,1.12,1984,532,52861,99,,
23.33,0.0,1.15,1988,534,52992,99,,
23.86,0.0,1.19,1992,535,53111,99,,
23.36,0.0,1.12,1996,535,53187,99,,
23.49,0.0,1.14,2000,536,53258,99,,
23.9,0.0,1.19,2004,537,53355,99,,
24.06,0.0,1.17,2008,538,53446,99,,
23.78,0.0,1.14,2012,538,53517,99,,
23.75,0.0,1.12,2016,539,53613,99,,
23.91,0.0,1.13,2020,540,53691,99,,
23.57,0.0,1.1,2024,541,53786,99,,
23.61,0.0,1.09,2028,542,53862,99,,
23.62,0.0,1.05,2032,543,53966,99,,
22.68,0.0,0.98,2036,544,54022,99,,
22.61,0.0,0.96,2040,545,54110,99,,
22.72,0.0,0.99,2044,546,54197,99,,
22.58,0.0,0.99,2048,547,54266,99,,
22.25,0.0,0.97,2052,547,54368,99,,
21.29,0.0,0.86,2056,548,54427,99,,
21.45,0.0,0.86,2060,549,54511,99,,
21.55,0.0,0.89,2064,550,54616,99,,
21.22,0.0,0.85,2068,550,54689,99,,
21.3,0.0,0.85,2072,551,54758,99,,
21.39,0.0,0.86,2076,552,54854,99,,
21.76,0.0,0.86,2080,553,54967,99,,
21.96,0.0,0.85,2084,554,55057,99,,
21.89,0.0,0.83,2088,555,55181,99,,
21.48,0.0,0.8,2092,556,55259,99,,
21.31,0.0,0.77,2096,557,55318,99,,
21.23,0.0,0.79,2100,557,55381,99,,
20.98,0.0,0.76,2104,558,55453,99,,
20.97,0.0,0.79,2108,560,55543,99,,
21.5,0.0,0.88,2112,561,55667,99,,
21.28,0.0,0.87,2116,562,55741,99,,
21.38,0.0,0.9,2120,563,55829,99,,
21.02,0.0,0.88,2124,563,55888,99,,
20.97,0.0,0.87,2128,564,55959,99,,
21.27,0.0,0.88,2132,565,56093,99,,
21.62,0.0,0.9,2136,566,56184,99,,
21.44,0.0,0.9,2140,567,56254,99,,
21.23,0.0,0.86,2144,567,56320,99,,
21.11,0.0,0.85,2148,568,56377,99,,
20.9,0.0,0.8,2152,569,56458,99,,
20.96,0.0,0.83,2156,569,56523,99,,
20.85,0.0,0.82,2160,570,56596,99,,
20.85,0.0,0.79,2164,571,56701,99,,
20.91,0.0,0.79,2168,572,56780,99,,
21.6,0.0,0.85,2172,574,56918,99,,
21.67,0.0,0.87,2176,575,57021,99,,
21.46,0.0,0.92,2180,576,57113,99,,
21.53,0.0,0.95,2184,577,57210,99,,
21.6,0.0,0.97,2188,578,57341,99,,
21.65,0.0,0.97,2192,579,57424,99,,
21.97,0.0,1.03,2196,580,57515,99,,
22.0,0.0,1.02,2200,580,57581,99,,
21.94,0.0,1.01,2204,581,57647,99,,
22.06,0.0,1.02,2208,582,57749,99,,
21.84,0.0,0.99,2212,583,57851,99,,
22.06,0.0,1.02,2216,584,57947,99,,
22.12,0.0,1.0,2220,585,58041,99,,
22.46,0.0,1.03,2224,585,58134,99,,
22.62,0.0,1.05,2228,586,58221,99,,
21.89,0.0,1.0,2232,587,58282,99,,
22.27,0.0,1.02,2236,589,58411,99,,
22.53,0.0,1.07,2240,590,58507,99,,
22.62,0.0,1.12,2244,591,58582,99,,
23.01,0.0,1.16,2248,592,58678,99,,
22.91,0.0,1.18,2252,593,58749,99,,
22.92,0.0,1.17,2256,593,58815,99,,
23.0,0.0,1.21,2260,594,58896,99,,
22.84,0.0,1.23,2264,595,58985,99,,
22.95,0.0,1.25,2268,596,59075,99,,
22.58,0.0,1.2,2272,597,59176,99,,
22.53,0.0,1.19,2276,598,59274,99,,
22.44,0.0,1.16,2280,598,59357,99,,
22.23,0.0,1.16,2284,599,59433,99,,
22.06,0.0,1.15,2288,600,59547,99,,
22.12,0.0,1.17,2292,601,59636,99,,
22.26,0.0,1.16,2296,602,59741,99,,
22.45,0.0,1.16,2300,604,59826,99,,
22.98,0.0,1.24,2304,605,59945,98,,
22.7,0.0,1.18,2308,606,60019,98,,
22.36,0.0,1.11,2312,607,60087,98,,
22.43,0.0,1.14,2316,608,60190,98,,
22.48,0.0,1.17,2320,609,60289,98,,
22.44,0.0,1.2,2324,610,60378,98,,
22.35,0.0,1.18,2328,610,60456,98,,
22.58,0.0,1.21,2332,611,60540,98,,
22.13,0.0,1.2,2336,612,60624,98,,
21.93,0.0,1.16,2340,613,60700,98,,
22.74,0.0,1.21,2344,614,60856,99,,
23.1,0.0,1.22,2348,615,60988,99,,
23.19,0.0,1.21,2352,616,61068,99,,
23.42,0.0,1.21,2356,617,61157,98,,
23.5,0.0,1.19,2360,618,61246,98,,
23.4,0.0,1.16,2364,620,61325,98,,
23.24,0.0,1.12,2368,621,61399,98,,
22.89,0.0,1.11,2372,621,61465,98,,
22.9,0.0,1.09,2376,622,61564,98,,
22.87,0.0,1.09,2380,623,61644,98,,
22.79,0.0,1.06,2384,624,61712,98,,
22.44,0.0,1.02,2388,624,61791,98,,
22.73,0.0,1.04,2392,626,61909,98,,
22.66,0.0,1.02,2396,626,62007,98,,
22.82,0.0,1.03,2400,627,62108,98,,
22.51,0.0,1.0,2404,628,62196,98,,
22.5,0.0,1.02,2408,629,62269,98,,
22.9,0.0,1.07,2412,630,62377,98,,
22.46,0.0,1.0,2416,630,62436,98,,
22.65,0.0,1.02,2420,632,62554,98,,
22.49,0.0,0.95,2424,633,62627,98,,
22.48,0.0,0.99,2428,634,62704,98,,
23.15,0.0,1.07,2432,636,62855,98,,
23.49,0.0,1.1,2436,637,62973,98,,
23.64,0.0,1.13,2440,638,63064,98,,
23.23,0.0,1.12,2444,639,63179,98,,
22.62,0.0,1.07,2448,640,63250,98,,
22.82,0.0,1.1,2452,640,63350,98,,
22.9,0.0,1.15,2456,641,63447,98,,
23.03,0.0,1.17,2460,642,63549,98,,
23.28,0.0,1.2,2464,643,63653,98,,
23.48,0.0,1.24,2468,644,63747,98,,
23.83,0.0,1.28,2472,645,63848,98,,
23.59,0.0,1.26,2476,646,63923,98,,
23.58,0.0,1.25,2480,646,64002,98,,
24.13,0.0,1.33,2484,648,64125,98,,
24.11,0.0,1.33,2488,649,64202,98,,
23.89,0.0,1.34,2492,650,64298,98,,
23.89,0.0,1.34,2496,651,64396,98,,
23.73,0.0,1.33,2500,652,64481,98,,
23.73,0.0,1.33,2504,653,64569,98,,
24.09,0.0,1.37,2508,654,64678,98,,
24.53,0.0,1.42,2512,655,64830,98,,
24.9,0.0,1.45,2516,656,64926,98,,
24.47,0.0,1.38,2520,657,65001,98,,
25.17,0.0,1.45,2524,658,65144,98,,
25.03,0.0,1.41,2528,659,65207,98,,
24.21,0.0,1.28,2532,659,65276,98,,
23.92,0.0,1.24,2536,661,65365,98,,
24.35,0.0,1.27,2540,662,65499,98,,
24.17,0.0,1.23,2544,664,65596,98,,
24.85,0.0,1.29,2548,666,65735,98,,
24.71,0.0,1.28,2552,667,65821,98,,
24.6,0.0,1.24,2556,668,65907,98,,
24.29,0.0,1.19,2560,669,65978,98,,
24.24,0.0,1.21,2564,670,66077,98,,
24.1,0.0,1.2,2568,671,66157,98,,
24.03,0.0,1.18,2572,672,66251,98,,
24.23,0.0,1.22,2576,673,66346,98,,
24.45,0.0,1.26,2580,674,66447,98,,
24.05,0.0,1.2,2584,674,66530,98,,
23.9,0.0,1.19,2588,675,66592,98,,
23.91,0.0,1.17,2592,676,66689,98,,
23.91,0.0,1.2,2596,677,66787,98,,
24.19,0.0,1.27,2600,678,66900,98,,
24.11,0.0,1.25,2604,678,66980,98,,
24.08,0.0,1.24,2608,680,67086,98,,
23.84,0.0,1.24,2612,681,67214,98,,
23.65,0.0,1.24,2616,682,67291,98,,
24.17,0.0,1.31,2620,684,67418,98,,
23.27,0.0,1.24,2624,684,67471,98,,
23.87,0.0,1.3,2628,685,67594,98,,
24.1,0.0,1.34,2632,686,67686,98,,
24.59,0.0,1.4,2636,688,67824,98,,
24.23,0.0,1.38,2640,688,67922,98,,
24.01,0.0,1.39,2644,689,67997,98,,
23.55,0.0,1.37,2648,690,68090,98,,
23.44,0.0,1.37,2652,691,68165,98,,
23.17,0.0,1.35,2656,691,68224,98,,
23.21,0.0,1.37,2660,692,68299,98,,
23.73,0.0,1.36,2664,693,68450,98,,
23.91,0.0,1.38,2668,695,68548,98,,
24.88,0.0,1.47,2672,697,68739,98,,
24.63,0.0,1.43,2676,698,68809,98,,
24.39,0.0,1.41,2680,699,68886,98,,
24.29,0.0,1.38,2684,700,68959,98,,
24.31,0.0,1.37,2688,700,69023,98,,
23.97,0.0,1.33,2692,701,69086,98,,
23.95,0.0,1.29,2696,702,69182,98,,
23.86,0.0,1.26,2700,703,69286,98,,
24.74,0.0,1.4,2704,704,69454,98,,
24.7,0.0,1.42,2708,705,69556,98,,
24.55,0.0,1.39,2712,706,69669,98,,
25.13,0.0,1.42,2716,707,69804,98,,
24.56,0.0,1.37,2720,708,69874,98,,
24.73,0.0,1.39,2724,709,69944,98,,
24.63,0.0,1.4,2728,711,70057,98,,
25.06,0.0,1.46,2732,712,70192,98,,
24.55,0.0,1.42,2736,713,70279,98,,
24.71,0.0,1.44,2740,714,70393,98,,
24.76,0.0,1.43,2744,715,70473,98,,
25.17,0.0,1.48,2748,716,70607,98,,
25.54,0.0,1.5,2752,717,70719,98,,
25.67,0.0,1.5,2756,718,70791,98,,
25.93,0.0,1.52,2760,719,70892,98,,
25.2,0.0,1.47,2764,720,70970,98,,
25.08,0.0,1.43,2768,720,71056,98,,
24.17,0.0,1.34,2772,721,71156,98,,
24.78,0.0,1.42,2776,722,71287,98,,
24.94,0.0,1.39,2780,723,71380,98,,
25.21,0.0,1.46,2784,725,71480,98,,
25.36,0.0,1.49,2788,726,71559,98,,
25.96,0.0,1.54,2792,727,71682,98,,
26.05,0.0,1.58,2796,729,71787,98,,
25.92,0.0,1.54,2800,729,71878,98,,
25.2,0.0,1.41,2804,730,71974,98,,
25.01,0.0,1.37,2808,731,72057,98,,
24.76,0.0,1.35,2812,732,72145,98,,
24.32,0.0,1.31,2816,733,72236,98,,
24.9,0.0,1.37,2820,734,72364,98,,
25.34,0.0,1.41,2824,735,72478,98,,
25.36,0.0,1.38,2828,736,72593,98,,
25.39,0.0,1.36,2832,737,72731,98,,
26.06,0.0,1.44,2836,739,72885,98,,
25.8,0.0,1.39,2840,740,72973,98,,
25.77,0.0,1.37,2844,741,73050,98,,
25.24,0.0,1.3,2848,742,73131,98,,
25.01,0.0,1.28,2852,743,73220,98,,
25.29,0.0,1.33,2856,744,73320,98,,
25.36,0.0,1.33,2860,745,73428,98,,
25.74,0.0,1.4,2864,746,73544,98,,
25.8,0.0,1.4,2868,747,73636,98,,
25.42,0.0,1.36,2872,747,73698,98,,
25.18,0.0,1.34,2876,748,73805,98,,
25.7,0.0,1.45,2880,750,73950,98,,
25.62,0.0,1.43,2884,751,74042,98,,
25.8,0.0,1.46,2888,751,74139,98,,
26.19,0.0,1.47,2892,753,74301,98,,
26.13,0.0,1.5,2896,754,74400,98,,
26.57,0.0,1.54,2900,756,74535,98,,
26.4,0.0,1.53,2904,757,74614,98,,
26.3,0.0,1.53,2908,758,74687,98,,
26.55,0.0,1.56,2912,759,74800,98,,
26.57,0.0,1.58,2916,760,74893,98,,
26.32,0.0,1.55,2920,761,74996,98,,
,0.0,,,,75000,,44.25,3.5
26.39,0.0,1.57,2924,763,75117,98,,
26.23,0.0,1.58,2928,764,75216,98,,
25.83,0.0,1.57,2932,765,75314,98,,
25.1,0.0,1.46,2936,765,75395,98,,
24.98,0.0,1.46,2940,766,75471,98,,
25.38,0.0,1.51,2944,768,75588,98,,
25.52,0.0,1.55,2948,769,75683,98,,
25.5,0.0,1.54,2952,770,75770,98,,
25.5,0.0,1.54,2956,771,75870,98,,
25.19,0.0,1.52,2960,772,75947,98,,
25.12,0.0,1.52,2964,773,76056,98,,
25.07,0.0,1.54,2968,774,76143,98,,
25.51,0.0,1.57,2972,776,76249,98,,
25.25,0.0,1.56,2976,776,76330,98,,
24.96,0.0,1.5,2980,777,76446,98,,
24.76,0.0,1.46,2984,778,76518,98,,
24.71,0.0,1.44,2988,779,76610,98,,
23.86,0.0,1.38,2992,780,76687,98,,
23.88,0.0,1.34,2996,780,76788,98,,
23.86,0.0,1.35,3000,782,76921,98,,
23.7,0.0,1.34,3004,782,76984,98,,
24.02,0.0,1.35,3008,783,77089,98,,
23.92,0.0,1.35,3012,785,77192,98,,
23.64,0.0,1.31,3016,786,77257,98,,
23.99,0.0,1.35,3020,787,77395,98,,
23.96,0.0,1.33,3024,788,77513,98,,
23.69,0.0,1.3,3028,789,77585,98,,
24.02,0.0,1.32,3032,790,77716,98,,
24.26,0.0,1.37,3036,791,77821,98,,
24.61,0.0,1.37,3040,792,77932,98,,
24.27,0.0,1.34,3044,793,78015,98,,
24.24,0.0,1.3,3048,794,78107,98,,
24.24,0.0,1.3,3052,795,78194,98,,
24.38,0.0,1.33,3056,796,78308,98,,
24.51,0.0,1.33,3060,796,78398,98,,
24.24,0.0,1.3,3064,797,78480,98,,
24.46,0.0,1.34,3068,798,78589,98,,
24.37,0.0,1.38,3072,800,78686,98,,
24.52,0.0,1.39,3076,801,78782,98,,
24.59,0.0,1.41,3080,802,78905,98,,
25.49,0.0,1.49,3084,804,79067,98,,
25.51,0.0,1.5,3088,805,79161,98,,
26.25,0.0,1.61,3092,806,79312,98,,
26.54,0.0,1.63,3096,807,79442,98,,
25.99,0.0,1.6,3100,808,79520,98,,
26.49,0.0,1.66,3104,809,79633,98,,
26.81,0.0,1.75,3108,810,79770,98,,
26.54,0.0,1.71,3112,811,79846,98,,
26.85,0.0,1.75,3116,812,79942,98,,
26.35,0.0,1.69,3120,813,80030,98,,
26.26,0.0,1.73,3124,814,80139,98,,
26.53,0.0,1.76,3128,815,80238,98,,
26.34,0.0,1.77,3132,817,80350,98,,
26.5,0.0,1.78,3136,818,80471,98,,
26.43,0.0,1.8,3140,819,80575,98,,
26.73,0.0,1.81,3144,820,80688,98,,
26.79,0.0,1.82,3148,821,80786,98,,
26.87,0.0,1.84,3152,822,80881,98,,
26.57,0.0,1.78,3156,823,80965,98,,
26.77,0.0,1.79,3160,824,81075,98,,
26.61,0.0,1.75,3164,825,81141,98,,
26.47,0.0,1.71,3168,825,81236,98,,
26.1,0.0,1.63,3172,826,81296,98,,
26.44,0.0,1.63,3176,827,81426,98,,
26.29,0.0,1.63,3180,828,81534,98,,
25.59,0.0,1.59,3184,830,81626,98,,
25.25,0.0,1.54,3188,831,81686,98,,
24.34,0.0,1.42,3192,831,81746,98,,
24.17,0.0,1.44,3196,833,81859,98,,
24.28,0.0,1.44,3200,834,81948,98,,
24.31,0.0,1.44,3204,835,82064,98,,
23.97,0.0,1.35,3208,836,82167,98,,
24.64,0.0,1.42,3212,837,82310,98,,
24.82,0.0,1.45,3216,838,82424,98,,
25.09,0.0,1.5,3220,839,82539,98,,
25.28,0.0,1.49,3224,840,82667,98,,
24.91,0.0,1.44,3228,841,82729,98,,
24.74,0.0,1.39,3232,842,82824,98,,
24.25,0.0,1.32,3236,842,82896,98,,
24.25,0.0,1.33,3240,844,83000,98,,
23.94,0.0,1.32,3244,845,83082,98,,
23.8,0.0,1.32,3248,846,83166,98,,
24.24,0.0,1.36,3252,847,83305,98,,
24.1,0.0,1.35,3256,848,83375,98,,
24.37,0.0,1.39,3260,849,83512,98,,
24.56,0.0,1.42,3264,850,83597,98,,
24.53,0.0,1.42,3268,851,83689,98,,
24.7,0.0,1.45,3272,852,83766,98,,
24.53,0.0,1.44,3276,853,83879,98,,
24.14,0.0,1.4,3280,853,83948,98,,
24.4,0.0,1.45,3284,854,84066,98,,
24.96,0.0,1.47,3288,855,84182,98,,
25.29,0.0,1.5,3292,856,84275,98,,
25.11,0.0,1.46,3296,857,84370,98,,
25.19,0.0,1.48,3300,859,84467,98,,
24.82,0.0,1.42,3304,860,84546,98,,
25.01,0.0,1.47,3308,861,84668,98,,
24.33,0.0,1.37,3312,862,84743,98,,
24.22,0.0,1.34,3316,863,84846,98,,
24.02,0.0,1.29,3320,864,84941,98,,
23.96,0.0,1.27,3324,865,85063,98,,
24.31,0.0,1.33,3328,866,85160,98,,
24.16,0.0,1.3,3332,867,85240,98,,
24.4,0.0,1.35,3336,867,85336,98,,
24.13,0.0,1.3,3340,868,85413,98,,
24.31,0.0,1.3,3344,869,85513,98,,
24.18,0.0,1.29,3348,870,85584,98,,
23.9,0.0,1.26,3352,871,85695,98,,
23.98,0.0,1.29,3356,872,85773,98,,
23.92,0.0,1.27,3360,873,85904,98,,
23.97,0.0,1.26,3364,874,85994,98,,
23.94,0.0,1.27,3368,875,86083,98,,
24.12,0.0,1.32,3372,877,86178,98,,
23.63,0.0,1.27,3376,877,86242,98,,
24.11,0.0,1.25,3380,878,86359,98,,
24.07,0.0,1.22,3384,879,86473,98,,
24.06,0.0,1.28,3388,880,86588,98,,
23.97,0.0,1.28,3392,881,86672,98,,
23.92,0.0,1.26,3396,882,86762,98,,
23.92,0.0,1.24,3400,883,86859,98,,
24.48,0.0,1.29,3404,884,86994,98,,
24.21,0.0,1.25,3408,885,87089,98,,
24.1,0.0,1.27,3412,886,87153,98,,
23.88,0.0,1.26,3416,886,87234,98,,
24.98,0.0,1.34,3420,889,87439,98,,
24.82,0.0,1.32,3424,890,87545,98,,
24.66,0.0,1.27,3428,891,87626,98,,
24.96,0.0,1.32,3432,893,87736,98,,
25.21,0.0,1.35,3436,894,87857,98,,
25.4,0.0,1.39,3440,895,87953,98,,
25.35,0.0,1.42,3444,895,88048,98,,
25.62,0.0,1.45,3448,896,88146,98,,
25.25,0.0,1.41,3452,897,88220,98,,
25.46,0.0,1.44,3456,898,88319,98,,
24.99,0.0,1.42,3460,899,88403,98,,
25.38,0.0,1.48,3464,900,88532,98,,
25.51,0.0,1.46,3468,901,88634,98,,
25.75,0.0,1.46,3472,902,88753,98,,
26.15,0.0,1.54,3476,903,88857,98,,
25.91,0.0,1.55,3480,904,88950,98,,
25.91,0.0,1.53,3484,906,89064,98,,
25.69,0.0,1.48,3488,907,89157,98,,
26.51,0.0,1.57,3492,909,89323,98,,
26.49,0.0,1.58,3496,909,89411,98,,
26.33,0.0,1.56,3500,910,89492,98,,
26.06,0.0,1.55,3504,911,89600,98,,
25.77,0.0,1.55,3508,912,89666,98,,
26.33,0.0,1.58,3512,913,89786,98,,
26.65,0.0,1.62,3516,914,89899,98,,
25.78,0.0,1.57,3520,916,90017,98,,
25.32,0.0,1.51,3524,916,90077,98,,
25.43,0.0,1.57,3528,918,90169,98,,
25.17,0.0,1.55,3532,919,90253,98,,
24.88,0.0,1.48,3536,920,90345,98,,
24.81,0.0,1.5,3540,922,90434,98,,
25.2,0.0,1.54,3544,924,90568,98,,
25.02,0.0,1.52,3548,925,90648,97,,
25.17,0.0,1.55,3552,926,90737,97,,
25.06,0.0,1.51,3556,927,90825,97,,
24.88,0.0,1.48,3560,927,90891,97,,
24.41,0.0,1.4,3564,928,90973,97,,
24.37,0.0,1.4,3568,929,91071,97,,
24.32,0.0,1.4,3572,930,91185,98,,
24.1,0.0,1.37,3576,931,91267,98,,
24.24,0.0,1.39,3580,932,91374,98,,
24.13,0.0,1.41,3584,933,91477,98,,
24.05,0.0,1.42,3588,934,91562,98,,
23.86,0.0,1.41,3592,935,91709,98,,
23.69,0.0,1.38,3596,936,91780,98,,
23.76,0.0,1.42,3600,937,91868,98,,
23.57,0.0,1.4,3604,938,91957,97,,
23.91,0.0,1.41,3608,939,92057,97,,
23.65,0.0,1.4,3612,941,92151,97,,
23.53,0.0,1.39,3616,941,92252,97,,
23.33,0.0,1.39,3620,942,92350,97,,
23.47,0.0,1.42,3624,943,92424,97,,
23.61,0.0,1.44,3628,944,92530,97,,
23.94,0.0,1.46,3632,945,92647,97,,
24.04,0.0,1.51,3636,946,92749,97,,
24.17,0.0,1.48,3640,947,92851,97,,
23.66,0.0,1.4,3644,948,92934,97,,
23.7,0.0,1.4,3648,949,93018,98,,
23.82,0.0,1.44,3652,950,93119,98,,
23.62,0.0,1.41,3656,950,93187,98,,
23.93,0.0,1.45,3660,952,93284,97,,
24.21,0.0,1.48,3664,953,93394,97,,
24.1,0.0,1.51,3668,954,93481,97,,
23.73,0.0,1.47,3672,955,93558,97,,
23.91,0.0,1.46,3676,956,93658,97,,
24.28,0.0,1.5,3680,957,93802,97,,
24.05,0.0,1.45,3684,958,93882,97,,
23.82,0.0,1.42,3688,959,93944,97,,
23.59,0.0,1.38,3692,960,94068,97,,
23.68,0.0,1.38,3696,961,94148,97,,
23.87,0.0,1.41,3700,962,94255,97,,
23.91,0.0,1.38,3704,963,94348,97,,
23.78,0.0,1.37,3708,963,94435,97,,
23.94,0.0,1.4,3712,964,94545,97,,
23.65,0.0,1.36,3716,965,94617,97,,
23.46,0.0,1.32,3720,966,94696,97,,
23.58,0.0,1.33,3724,967,94782,97,,
23.28,0.0,1.27,3728,968,94858,97,,
22.81,0.0,1.24,3732,969,94928,97,,
22.43,0.0,1.19,3736,970,94992,97,,
22.32,0.0,1.2,3740,971,95083,97,,
22.07,0.0,1.17,3744,972,95141,97,,
22.13,0.0,1.2,3748,972,95231,97,,
22.31,0.0,1.2,3752,974,95350,97,,
22.4,0.0,1.23,3756,974,95427,97,,
22.44,0.0,1.26,3760,975,95528,97,,
22.24,0.0,1.27,3764,976,95618,97,,
22.18,0.0,1.24,3768,977,95699,97,,
22.19,0.0,1.23,3772,978,95777,97,,
21.79,0.0,1.2,3776,978,95837,97,,
21.19,0.0,1.17,3780,979,95921,97,,
20.97,0.0,1.16,3784,980,95979,97,,
21.09,0.0,1.16,3788,980,96053,97,,
20.96,0.0,1.12,3792,982,96164,97,,
20.68,0.0,1.1,3796,983,96216,97,,
20.47,0.0,1.06,3800,984,96302,97,,
20.42,0.0,1.1,3804,985,96390,97,,
20.31,0.0,1.08,3808,986,96466,97,,
20.01,0.0,1.04,3812,987,96546,97,,
19.99,0.0,1.04,3816,987,96616,97,,
20.33,0.0,1.09,3820,989,96729,97,,
20.68,0.0,1.17,3824,990,96850,97,,
21.62,0.0,1.27,3828,991,97020,97,,
21.81,0.0,1.25,3832,992,97109,97,,
21.97,0.0,1.27,3836,993,97189,97,,
21.88,0.0,1.22,3840,993,97271,97,,
22.49,0.0,1.31,3844,995,97390,97,,
22.67,0.0,1.3,3848,996,97498,97,,
22.42,0.0,1.26,3852,997,97592,97,,
22.71,0.0,1.31,3856,998,97698,97,,
22.82,0.0,1.3,3860,1000,97810,97,,
22.66,0.0,1.26,3864,1001,97884,97,,
22.75,0.0,1.27,3868,1002,97974,97,,
22.66,0.0,1.26,3872,1002,98043,97,,
22.92,0.0,1.29,3876,1003,98129,97,,
22.96,0.0,1.27,3880,1004,98217,97,,
23.35,0.0,1.31,3884,1005,98314,97,,
23.48,0.0,1.34,3888,1006,98401,97,,
23.34,0.0,1.36,3892,1007,98498,97,,
23.52,0.0,1.38,3896,1007,98568,97,,
23.69,0.0,1.38,3900,1008,98671,97,,
23.78,0.0,1.38,3904,1009,98768,97,,
24.04,0.0,1.42,3908,1010,98870,97,,
24.52,0.0,1.47,3912,1011,98998,97,,
24.52,0.0,1.47,3916,1012,99068,97,,
24.36,0.0,1.47,3920,1014,99165,97,,
23.94,0.0,1.38,3924,1015,99244,97,,
23.24,0.0,1.32,3928,1016,99344,97,,
23.68,0.0,1.42,3932,1017,99477,97,,
23.82,0.0,1.45,3936,1018,99571,97,,
23.75,0.0,1.46,3940,1019,99646,97,,
23.2,0.0,1.38,3944,1019,99710,97,,
23.09,0.0,1.41,3948,1020,99807,97,,
23.34,0.0,1.44,3952,1021,99926,97,,
,0.0,,,,100000,,29.5,2.75
23.48,0.0,1.45,3956,1023,100046,97,,
23.4,0.0,1.45,3960,1024,100150,97,,
23.89,0.0,1.52,3964,1025,100273,97,,
23.9,0.0,1.5,3968,1026,100364,97,,
23.89,0.0,1.5,3972,1027,100432,97,,
23.62,0.0,1.45,3976,1028,100491,97,,
23.72,0.0,1.46,3980,1029,100589,97,,
23.51,0.0,1.42,3984,1030,100665,97,,
23.68,0.0,1.44,3988,1031,100769,97,,
23.51,0.0,1.42,3992,1032,100849,97,,
23.65,0.0,1.46,3996,1033,100933,97,,
23.76,0.0,1.48,4000,1034,101047,97,,
23.53,0.0,1.44,4004,1034,101121,97,,
23.24,0.0,1.39,4008,1035,101194,97,,
22.99,0.0,1.39,4012,1036,101297,97,,
23.12,0.0,1.41,4016,1037,101380,97,,
22.76,0.0,1.37,4020,1038,101441,97,,
23.34,0.0,1.47,4024,1039,101578,97,,
23.32,0.0,1.46,4028,1040,101676,97,,
22.78,0.0,1.37,4032,1040,101755,97,,
22.94,0.0,1.37,4036,1042,101865,97,,
23.07,0.0,1.42,4040,1043,101953,97,,
23.38,0.0,1.43,4044,1044,102048,97,,
23.32,0.0,1.4,4048,1045,102139,97,,
23.13,0.0,1.4,4052,1046,102239,97,,
23.09,0.0,1.38,4056,1047,102355,97,,
22.78,0.0,1.33,4060,1048,102428,97,,
22.65,0.0,1.32,4064,1049,102538,97,,
23.32,0.0,1.38,4068,1050,102696,97,,
23.69,0.0,1.43,4072,1051,102801,97,,
23.84,0.0,1.46,4076,1052,102875,97,,
23.67,0.0,1.46,4080,1053,102956,97,,
23.94,0.0,1.5,4084,1054,103059,97,,
24.07,0.0,1.5,4088,1055,103176,97,,
24.65,0.0,1.55,4092,1056,103314,97,,
24.35,0.0,1.49,4096,1057,103368,97,,
24.05,0.0,1.46,4100,1058,103452,97,,
24.21,0.0,1.49,4104,1059,103542,97,,
24.55,0.0,1.54,4108,1061,103649,97,,
24.96,0.0,1.56,4112,1062,103793,97,,
25.49,0.0,1.66,4116,1063,103929,97,,
26.0,0.0,1.7,4120,1064,104041,97,,
25.88,0.0,1.65,4124,1065,104166,97,,
26.18,0.0,1.65,4128,1066,104294,97,,
26.75,0.0,1.67,4132,1068,104430,97,,
26.77,0.0,1.69,4136,1069,104542,97,,
26.65,0.0,1.67,4140,1069,104618,97,,
26.53,0.0,1.69,4144,1070,104701,97,,
26.99,0.0,1.74,4148,1072,104838,97,,
27.03,0.0,1.74,4152,1074,104942,97,,
26.64,0.0,1.72,4156,1075,105019,97,,
26.57,0.0,1.72,4160,1075,105085,97,,
26.85,0.0,1.75,4164,1077,105223,97,,
26.1,0.0,1.68,4168,1077,105306,97,,
25.96,0.0,1.66,4172,1078,105397,97,,
25.82,0.0,1.64,4176,1079,105457,97,,
25.63,0.0,1.59,4180,1080,105519,97,,
25.34,0.0,1.57,4184,1080,105593,97,,
25.25,0.0,1.58,4188,1081,105701,97,,
24.57,0.0,1.5,4192,1082,105771,97,,
24.71,0.0,1.53,4196,1082,105839,97,,
24.89,0.0,1.54,4200,1083,105941,97,,
24.87,0.0,1.54,4204,1084,106029,97,,
24.92,0.0,1.56,4208,1085,106141,97,,
24.42,0.0,1.49,4212,1087,106235,97,,
23.83,0.0,1.38,4216,1088,106312,97,,
23.29,0.0,1.3,4220,1088,106370,97,,
22.94,0.0,1.28,4224,1090,106460,97,,
22.32,0.0,1.23,4228,1090,106526,97,,
22.22,0.0,1.28,4232,1092,106652,97,,
22.05,0.0,1.22,4236,1092,106747,97,,
22.24,0.0,1.23,4240,1093,106842,97,,
22.58,0.0,1.27,4244,1094,106959,97,,
22.15,0.0,1.2,4248,1095,107053,97,,
21.82,0.0,1.13,4252,1096,107124,97,,
22.32,0.0,1.14,4256,1097,107251,97,,
22.67,0.0,1.22,4260,1098,107352,97,,
21.99,0.0,1.12,4264,1099,107422,97,,
21.95,0.0,1.12,4268,1099,107501,97,,
21.87,0.0,1.1,4272,1100,107584,97,,
22.04,0.0,1.11,4276,1101,107661,97,,
22.43,0.0,1.2,4280,1103,107762,97,,
22.43,0.0,1.21,4284,1104,107836,97,,
22.07,0.0,1.15,4288,1105,107908,97,,
22.21,0.0,1.2,4292,1106,107992,97,,
22.66,0.0,1.25,4296,1107,108105,97,,
22.9,0.0,1.3,4300,1108,108231,97,,
22.99,0.0,1.29,4304,1109,108328,97,,
23.22,0.0,1.27,4308,1110,108463,97,,
23.37,0.0,1.3,4312,1111,108572,97,,
23.6,0.0,1.32,4316,1112,108672,97,,
25.51,0.0,1.49,4320,1114,108921,97,,
26.07,0.0,1.51,4324,1115,109067,97,,
26.25,0.0,1.54,4328,1116,109151,97,,
26.03,0.0,1.51,4332,1118,109255,97,,
26.04,0.0,1.51,4336,1119,109351,97,,
25.92,0.0,1.49,4340,1120,109434,97,,
25.87,0.0,1.47,4344,1121,109546,97,,
25.93,0.0,1.5,4348,1122,109646,97,,
25.98,0.0,1.53,4352,1123,109722,97,,
25.7,0.0,1.52,4356,1124,109821,97,,
26.13,0.0,1.54,4360,1125,109965,97,,
26.64,0.0,1.59,4364,1126,110086,97,,
26.99,0.0,1.63,4368,1127,110200,97,,
26.99,0.0,1.62,4372,1128,110283,97,,
26.96,0.0,1.63,4376,1129,110357,97,,
26.8,0.0,1.55,4380,1130,110442,97,,
27.04,0.0,1.58,4384,1131,110540,97,,
27.17,0.0,1.61,4388,1132,110625,97,,
27.32,0.0,1.58,4392,1133,110724,97,,
27.24,0.0,1.58,4396,1135,110829,97,,
26.98,0.0,1.55,4400,1136,110929,97,,
26.93,0.0,1.57,4404,1137,111021,97,,
26.33,0.0,1.54,4408,1137,111096,97,,
26.47,0.0,1.54,4412,1138,111219,97,,
26.24,0.0,1.54,4416,1139,111296,97,,
25.19,0.0,1.48,4420,1140,111440,97,,
24.67,0.0,1.42,4424,1141,111534,97,,
24.72,0.0,1.42,4428,1142,111623,97,,
24.58,0.0,1.39,4432,1143,111713,97,,
24.88,0.0,1.46,4436,1144,111839,97,,
25.24,0.0,1.53,4440,1145,111958,97,,
24.88,0.0,1.49,4444,1146,112034,97,,
24.67,0.0,1.45,4448,1147,112113,97,,
24.85,0.0,1.47,4452,1149,112207,97,,
24.68,0.0,1.45,4456,1150,112289,97,,
24.57,0.0,1.45,4460,1151,112422,97,,
24.11,0.0,1.43,4464,1152,112497,97,,
23.95,0.0,1.45,4468,1152,112595,97,,
24.02,0.0,1.47,4472,1153,112685,97,,
24.17,0.0,1.49,4476,1154,112774,97,,
24.45,0.0,1.56,4480,1155,112887,97,,
24.48,0.0,1.53,4484,1156,112988,97,,
24.62,0.0,1.55,4488,1157,113087,97,,
24.27,0.0,1.54,4492,1158,113151,97,,
23.79,0.0,1.47,4496,1158,113208,97,,
23.71,0.0,1.44,4500,1159,113300,97,,
23.93,0.0,1.49,4504,1160,113414,97,,
23.9,0.0,1.47,4508,1161,113486,97,,
23.69,0.0,1.46,4512,1163,113588,97,,
23.9,0.0,1.46,4516,1164,113686,97,,
23.92,0.0,1.46,4520,1165,113832,97,,
24.09,0.0,1.52,4524,1166,113943,97,,
23.89,0.0,1.49,4528,1167,114012,97,,
23.56,0.0,1.45,4532,1168,114069,97,,
23.27,0.0,1.42,4536,1168,114166,97,,
23.04,0.0,1.38,4540,1169,114262,97,,
23.05,0.0,1.38,4544,1170,114339,97,,
22.97,0.0,1.39,4548,1171,114410,97,,
22.99,0.0,1.39,4552,1173,114506,97,,
23.32,0.0,1.43,4556,1174,114621,97,,
22.67,0.0,1.34,4560,1175,114689,97,,
22.82,0.0,1.35,4564,1176,114779,97,,
22.74,0.0,1.32,4568,1177,114869,97,,
22.76,0.0,1.31,4572,1179,114961,97,,
22.6,0.0,1.31,4576,1179,115034,97,,
22.37,0.0,1.28,4580,1180,115124,97,,
22.29,0.0,1.27,4584,1181,115217,97,,
22.21,0.0,1.26,4588,1182,115308,97,,
22.42,0.0,1.29,4592,1183,115393,97,,
23.08,0.0,1.36,4596,1184,115516,97,,
22.96,0.0,1.35,4600,1185,115596,97,,
22.59,0.0,1.27,4604,1185,115673,97,,
22.8,0.0,1.32,4608,1186,115766,97,,
23.18,0.0,1.35,4612,1187,115906,97,,
23.18,0.0,1.35,4616,1188,116004,97,,
22.99,0.0,1.34,4620,1190,116131,97,,
22.86,0.0,1.31,4624,1191,116229,97,,
22.98,0.0,1.35,4628,1192,116310,97,,
23.39,0.0,1.43,4632,1193,116408,97,,
23.93,0.0,1.46,4636,1195,116559,97,,
23.95,0.0,1.45,4640,1196,116657,97,,
24.47,0.0,1.54,4644,1197,116786,97,,
25.39,0.0,1.63,4648,1198,116949,97,,
25.44,0.0,1.63,4652,1199,117050,97,,
25.4,0.0,1.62,4656,1200,117161,97,,
25.87,0.0,1.64,4660,1201,117276,97,,
25.79,0.0,1.63,4664,1202,117358,97,,
25.76,0.0,1.61,4668,1203,117445,97,,
25.8,0.0,1.65,4672,1204,117541,97,,
25.76,0.0,1.62,4676,1205,117610,97,,
25.88,0.0,1.61,4680,1206,117712,97,,
25.68,0.0,1.6,4684,1207,117785,97,,
25.62,0.0,1.61,4688,1208,117870,97,,
26.05,0.0,1.62,4692,1210,117998,97,,
25.87,0.0,1.62,4696,1210,118103,97,,
25.97,0.0,1.63,4700,1211,118193,97,,
26.12,0.0,1.66,4704,1212,118285,97,,
26.29,0.0,1.68,4708,1213,118395,97,,
25.59,0.0,1.59,4712,1214,118465,97,,
26.12,0.0,1.6,4716,1215,118616,97,,
25.45,0.0,1.52,4720,1216,118676,97,,
26.47,0.0,1.59,4724,1218,118876,97,,
26.52,0.0,1.55,4728,1219,118962,97,,
26.37,0.0,1.51,4732,1220,119045,97,,
25.67,0.0,1.44,4736,1221,119126,97,,
25.43,0.0,1.42,4740,1222,119200,97,,
24.85,0.0,1.32,4744,1223,119271,97,,
24.2,0.0,1.24,4748,1224,119369,97,,
24.19,0.0,1.24,4752,1225,119469,97,,
24.01,0.0,1.24,4756,1225,119562,97,,
23.8,0.0,1.25,4760,1226,119656,97,,
23.79,0.0,1.24,4764,1227,119737,97,,
24.09,0.0,1.25,4768,1228,119854,97,,
23.97,0.0,1.21,4772,1229,119938,97,,
23.76,0.0,1.19,4776,1229,119986,97,,
23.38,0.0,1.17,4780,1230,120050,97,,
23.86,0.0,1.21,4784,1231,120171,97,,
23.83,0.0,1.17,4788,1232,120253,97,,
24.64,0.0,1.33,4792,1235,120462,97,,
24.54,0.0,1.33,4796,1236,120557,97,,
24.69,0.0,1.37,4800,1237,120662,97,,
25.05,0.0,1.41,4804,1239,120790,97,,
25.09,0.0,1.37,4808,1240,120904,97,,
25.19,0.0,1.42,4812,1240,120984,97,,
24.89,0.0,1.46,4816,1241,121105,97,,
25.36,0.0,1.51,4820,1242,121212,97,,
24.07,0.0,1.44,4824,1243,121283,97,,
24.07,0.0,1.48,4828,1244,121369,97,,
24.35,0.0,1.51,4832,1245,121480,97,,
24.31,0.0,1.52,4836,1246,121557,97,,
24.58,0.0,1.56,4840,1247,121658,97,,
25.12,0.0,1.64,4844,1248,121783,97,,
25.19,0.0,1.68,4848,1249,121888,97,,
25.0,0.0,1.65,4852,1250,121969,97,,
25.03,0.0,1.63,4856,1251,122065,97,,
24.95,0.0,1.62,4860,1253,122151,97,,
25.48,0.0,1.67,4864,1254,122285,97,,
25.34,0.0,1.69,4868,1255,122388,97,,
25.41,0.0,1.72,4872,1256,122479,97,,
26.0,0.0,1.79,4876,1257,122586,97,,
26.4,0.0,1.81,4880,1258,122690,97,,
26.33,0.0,1.79,4884,1259,122804,97,,
26.51,0.0,1.83,4888,1260,122904,97,,
25.26,0.0,1.69,4892,1260,122988,97,,
25.53,0.0,1.66,4896,1261,123110,97,,
25.19,0.0,1.6,4900,1262,123181,97,,
24.74,0.0,1.55,4904,1263,123264,97,,
24.42,0.0,1.53,4908,1264,123346,97,,
24.59,0.0,1.53,4912,1265,123443,97,,
24.72,0.0,1.55,4916,1267,123577,97,,
24.92,0.0,1.57,4920,1268,123704,97,,
25.17,0.0,1.59,4924,1269,123800,97,,
25.17,0.0,1.57,4928,1270,123886,97,,
25.02,0.0,1.56,4932,1271,123982,97,,
25.33,0.0,1.59,4936,1272,124090,97,,
25.01,0.0,1.53,4940,1273,124159,97,,
24.93,0.0,1.53,4944,1274,124276,97,,
24.82,0.0,1.52,4948,1274,124370,97,,
25.06,0.0,1.58,4952,1275,124475,97,,
24.95,0.0,1.56,4956,1276,124560,97,,
25.15,0.0,1.57,4960,1277,124666,97,,
25.03,0.0,1.56,4964,1279,124788,97,,
25.12,0.0,1.57,4968,1280,124900,97,,
,0.0,,,,125000,,26.0,1.5
25.22,0.0,1.58,4972,1282,125001,97,,
24.83,0.0,1.55,4976,1283,125069,97,,
24.61,0.0,1.55,4980,1284,125151,97,,
24.57,0.0,1.57,4984,1285,125261,97,,
24.34,0.0,1.54,4988,1286,125338,97,,
24.51,0.0,1.54,4992,1286,125439,97,,
24.39,0.0,1.56,4996,1288,125549,97,,
24.67,0.0,1.61,5000,1288,125648,97,,
25.02,0.0,1.65,5004,1290,125766,97,,
25.08,0.0,1.67,5008,1290,125854,97,,
24.95,0.0,1.64,5012,1291,125938,97,,
24.57,0.0,1.58,5016,1292,126034,97,,
24.3,0.0,1.58,5020,1293,126134,97,,
24.18,0.0,1.55,5024,1294,126218,97,,
24.2,0.0,1.55,5028,1295,126306,97,,
24.05,0.0,1.51,5032,1296,126387,97,,
24.67,0.0,1.61,5036,1298,126557,97,,
25.45,0.0,1.67,5040,1300,126704,97,,
25.27,0.0,1.65,5044,1301,126803,97,,
25.16,0.0,1.61,5048,1301,126886,97,,
25.42,0.0,1.63,5052,1303,127017,97,,
25.45,0.0,1.65,5056,1303,127105,97,,
25.05,0.0,1.64,5060,1304,127171,97,,
25.01,0.0,1.64,5064,1305,127289,97,,
24.77,0.0,1.63,5068,1306,127377,97,,
24.42,0.0,1.58,5072,1307,127443,97,,
24.57,0.0,1.55,5076,1307,127526,97,,
24.59,0.0,1.52,5080,1308,127610,97,,
24.74,0.0,1.54,5084,1310,127735,97,,
25.19,0.0,1.58,5088,1311,127857,97,,
25.04,0.0,1.55,5092,1313,127943,97,,
24.94,0.0,1.54,5096,1314,128043,97,,
25.05,0.0,1.52,5100,1315,128153,97,,
24.73,0.0,1.49,5104,1315,128239,97,,
25.13,0.0,1.51,5108,1317,128367,97,,
25.12,0.0,1.55,5112,1317,128450,97,,
25.05,0.0,1.51,5116,1318,128539,97,,
24.89,0.0,1.47,5120,1319,128623,97,,
24.93,0.0,1.46,5124,1320,128711,97,,
25.03,0.0,1.48,5128,1321,128809,97,,
24.87,0.0,1.47,5132,1321,128874,97,,
24.05,0.0,1.33,5136,1322,128962,97,,
23.35,0.0,1.26,5140,1323,129039,97,,
23.15,0.0,1.23,5144,1324,129118,97,,
22.89,0.0,1.19,5148,1325,129175,97,,
22.78,0.0,1.16,5152,1326,129295,97,,
22.93,0.0,1.18,5156,1328,129398,97,,
23.35,0.0,1.21,5160,1329,129506,97,,
23.05,0.0,1.19,5164,1330,129594,97,,
22.81,0.0,1.15,5168,1330,129658,97,,
23.3,0.0,1.22,5172,1331,129773,97,,
23.15,0.0,1.24,5176,1332,129841,97,,
23.33,0.0,1.26,5180,1333,129943,97,,
22.64,0.0,1.18,5184,1333,129999,97,,
22.19,0.0,1.12,5188,1334,130076,97,,
22.24,0.0,1.09,5192,1335,130167,97,,
22.09,0.0,1.08,5196,1336,130252,97,,
22.19,0.0,1.11,5200,1337,130372,97,,
22.38,0.0,1.14,5204,1338,130477,97,,
21.93,0.0,1.12,5208,1340,130560,97,,
21.97,0.0,1.12,5212,1341,130647,97,,
21.91,0.0,1.14,5216,1342,130730,97,,
21.99,0.0,1.13,5220,1343,130822,97,,
22.35,0.0,1.21,5224,1344,130946,97,,
22.95,0.0,1.31,5228,1346,131104,97,,
23.14,0.0,1.34,5232,1346,131188,97,,
22.82,0.0,1.31,5236,1347,131244,97,,
23.02,0.0,1.38,5240,1348,131341,97,,
22.94,0.0,1.36,5244,1349,131412,97,,
23.76,0.0,1.46,5248,1350,131551,97,,
23.76,0.0,1.46,5252,1351,131671,97,,
23.72,0.0,1.47,5256,1352,131770,97,,
23.66,0.0,1.47,5260,1353,131872,97,,
24.1,0.0,1.55,5264,1355,132004,97,,
24.06,0.0,1.53,5268,1356,132064,97,,
23.65,0.0,1.49,5272,1357,132138,97,,
23.82,0.0,1.47,5276,1358,132223,97,,
23.7,0.0,1.5,5280,1359,132313,97,,
24.05,0.0,1.56,5284,1360,132404,97,,
24.23,0.0,1.6,5288,1360,132499,97,,
24.57,0.0,1.63,5292,1362,132624,97,,
24.63,0.0,1.66,5296,1362,132715,97,,
24.67,0.0,1.66,5300,1364,132839,97,,
24.37,0.0,1.59,5304,1364,132914,97,,
24.3,0.0,1.6,5308,1365,132990,97,,
24.29,0.0,1.6,5312,1366,133076,97,,
25.3,0.0,1.73,5316,1367,133260,97,,
25.22,0.0,1.74,5320,1368,133344,97,,
24.9,0.0,1.68,5324,1370,133436,97,,
24.34,0.0,1.58,5328,1371,133538,97,,
24.25,0.0,1.58,5332,1372,133613,97,,
24.96,0.0,1.68,5336,1374,133740,97,,
24.59,0.0,1.61,5340,1374,133800,97,,
24.84,0.0,1.66,5344,1375,133896,97,,
24.8,0.0,1.68,5348,1376,134031,97,,
24.51,0.0,1.68,5352,1377,134122,97,,
24.17,0.0,1.63,5356,1378,134187,97,,
23.88,0.0,1.59,5360,1378,134260,97,,
23.27,0.0,1.49,5364,1379,134331,97,,
23.7,0.0,1.57,5368,1380,134434,97,,
24.02,0.0,1.6,5372,1381,134540,97,,
24.25,0.0,1.67,5376,1382,134648,97,,
24.13,0.0,1.63,5380,1383,134726,97,,
23.93,0.0,1.62,5384,1384,134797,97,,
23.71,0.0,1.6,5388,1385,134870,97,,
23.36,0.0,1.58,5392,1386,134960,97,,
23.74,0.0,1.58,5396,1388,135089,97,,
23.55,0.0,1.56,5400,1389,135194,97,,
23.72,0.0,1.58,5404,1390,135286,97,,
24.92,0.0,1.65,5408,1391,135482,97,,
24.79,0.0,1.6,5412,1392,135555,97,,
23.65,0.0,1.47,5416,1393,135625,97,,
23.72,0.0,1.47,5420,1394,135716,97,,
24.73,0.0,1.57,5424,1395,135909,97,,
24.5,0.0,1.55,5428,1396,135988,97,,
24.55,0.0,1.54,5432,1397,136068,97,,
24.41,0.0,1.54,5436,1398,136181,97,,
24.52,0.0,1.55,5440,1399,136252,97,,
24.34,0.0,1.51,5444,1400,136330,97,,
24.03,0.0,1.46,5448,1401,136434,97,,
24.08,0.0,1.45,5452,1403,136530,97,,
24.25,0.0,1.45,5456,1404,136612,97,,
24.42,0.0,1.46,5460,1405,136702,97,,
24.69,0.0,1.47,5464,1405,136800,97,,
24.33,0.0,1.41,5468,1406,136867,97,,
24.26,0.0,1.39,5472,1407,136966,97,,
23.9,0.0,1.35,5476,1408,137038,97,,
24.16,0.0,1.37,5480,1409,137142,97,,
25.86,0.0,1.51,5484,1411,137383,97,,
26.18,0.0,1.56,5488,1412,137488,97,,
26.85,0.0,1.71,5492,1413,137645,97,,
26.51,0.0,1.67,5496,1415,137740,97,,
26.61,0.0,1.7,5500,1416,137855,97,,
26.38,0.0,1.7,5504,1417,137924,97,,
25.16,0.0,1.61,5508,1418,137998,97,,
25.3,0.0,1.66,5512,1419,138085,97,,
25.78,0.0,1.67,5516,1421,138203,97,,
25.77,0.0,1.68,5520,1422,138293,97,,
24.94,0.0,1.59,5524,1423,138403,97,,
24.87,0.0,1.58,5528,1424,138475,97,,
24.82,0.0,1.6,5532,1425,138550,97,,
24.31,0.0,1.51,5536,1425,138612,97,,
24.49,0.0,1.53,5540,1426,138701,97,,
24.33,0.0,1.51,5544,1427,138763,97,,
24.4,0.0,1.5,5548,1428,138874,97,,
24.07,0.0,1.44,5552,1429,138937,97,,
24.69,0.0,1.5,5556,1431,139081,97,,
24.35,0.0,1.45,5560,1431,139137,97,,
24.26,0.0,1.47,5564,1433,139226,97,,
24.33,0.0,1.49,5568,1434,139300,97,,
24.57,0.0,1.54,5572,1435,139423,97,,
25.23,0.0,1.59,5576,1436,139561,97,,
25.1,0.0,1.59,5580,1437,139652,97,,
23.61,0.0,1.44,5584,1438,139744,97,,
23.84,0.0,1.42,5588,1439,139872,97,,
24.07,0.0,1.38,5592,1441,140052,97,,
24.05,0.0,1.41,5596,1442,140145,97,,
23.69,0.0,1.34,5600,1443,140224,97,,
23.86,0.0,1.34,5604,1443,140310,97,,
23.95,0.0,1.36,5608,1445,140393,97,,
23.9,0.0,1.35,5612,1446,140475,97,,
23.94,0.0,1.41,5616,1447,140597,97,,
23.95,0.0,1.4,5620,1448,140688,97,,
23.87,0.0,1.4,5624,1449,140790,97,,
24.01,0.0,1.39,5628,1450,140876,97,,
24.48,0.0,1.43,5632,1452,140998,97,,
24.76,0.0,1.46,5636,1452,141088,97,,
24.5,0.0,1.44,5640,1453,141151,97,,
24.93,0.0,1.51,5644,1454,141256,97,,
24.59,0.0,1.49,5648,1455,141333,97,,
25.35,0.0,1.61,5652,1456,141472,97,,
24.71,0.0,1.54,5656,1457,141552,97,,
25.41,0.0,1.64,5660,1458,141678,97,,
25.58,0.0,1.65,5664,1459,141784,97,,
25.89,0.0,1.66,5668,1460,141889,97,,
25.7,0.0,1.61,5672,1462,141993,97,,
25.29,0.0,1.59,5676,1463,142090,97,,
25.2,0.0,1.59,5680,1464,142172,97,,
25.8,0.0,1.66,5684,1465,142324,97,,
25.94,0.0,1.66,5688,1467,142466,97,,
25.03,0.0,1.59,5692,1467,142555,97,,
25.03,0.0,1.56,5696,1468,142648,97,,
25.29,0.0,1.57,5700,1469,142753,97,,
25.85,0.0,1.61,5704,1471,142895,97,,
26.46,0.0,1.63,5708,1472,143039,97,,
26.56,0.0,1.62,5712,1473,143131,97,,
26.2,0.0,1.55,5716,1474,143217,97,,
26.01,0.0,1.51,5720,1474,143289,97,,
26.14,0.0,1.56,5724,1476,143404,97,,
27.12,0.0,1.71,5728,1478,143588,97,,
27.22,0.0,1.71,5732,1480,143720,97,,
27.59,0.0,1.79,5736,1481,143847,97,,
27.95,0.0,1.84,5740,1482,143946,97,,
27.75,0.0,1.8,5744,1483,144031,97,,
28.4,0.0,1.89,5748,1484,144173,97,,
27.78,0.0,1.8,5752,1485,144250,97,,
27.74,0.0,1.8,5756,1485,144326,97,,
27.31,0.0,1.74,5760,1486,144409,97,,
27.06,0.0,1.7,5764,1487,144490,97,,
27.16,0.0,1.75,5768,1488,144605,97,,
26.96,0.0,1.72,5772,1489,144689,97,,
27.36,0.0,1.73,5776,1490,144826,97,,
28.0,0.0,1.78,5780,1492,144972,97,,
27.58,0.0,1.75,5784,1494,145082,97,,
27.16,0.0,1.76,5788,1495,145182,97,,
27.13,0.0,1.75,5792,1495,145268,97,,
26.93,0.0,1.75,5796,1496,145341,97,,
26.91,0.0,1.79,5800,1497,145444,97,,
26.4,0.0,1.76,5804,1498,145535,97,,
26.03,0.0,1.76,5808,1499,145642,97,,
26.07,0.0,1.79,5812,1500,145738,97,,
26.96,0.0,1.84,5816,1501,145913,97,,
27.46,0.0,1.93,5820,1502,146035,97,,
27.37,0.0,1.9,5824,1504,146141,97,,
26.13,0.0,1.75,5828,1504,146201,97,,
25.59,0.0,1.7,5832,1505,146279,97,,
25.62,0.0,1.7,5836,1507,146409,97,,
25.42,0.0,1.67,5840,1508,146488,97,,
25.3,0.0,1.67,5844,1509,146561,97,,
24.49,0.0,1.54,5848,1510,146622,97,,
25.13,0.0,1.62,5852,1511,146763,97,,
25.17,0.0,1.65,5856,1512,146843,97,,
25.38,0.0,1.68,5860,1513,146947,97,,
25.49,0.0,1.72,5864,1513,147039,97,,
25.14,0.0,1.66,5868,1514,147119,97,,
25.06,0.0,1.67,5872,1515,147195,97,,
24.58,0.0,1.64,5876,1516,147284,97,,
24.24,0.0,1.62,5880,1517,147396,97,,
24.27,0.0,1.63,5884,1518,147509,97,,
24.17,0.0,1.61,5888,1519,147599,97,,
24.46,0.0,1.65,5892,1520,147714,97,,
24.51,0.0,1.65,5896,1521,147792,97,,
24.62,0.0,1.64,5900,1523,147906,97,,
24.56,0.0,1.65,5904,1524,147991,97,,
24.48,0.0,1.64,5908,1525,148090,97,,
24.57,0.0,1.63,5912,1526,148195,97,,
23.54,0.0,1.54,5916,1526,148267,97,,
23.19,0.0,1.47,5920,1527,148354,97,,
23.04,0.0,1.44,5924,1528,148445,97,,
23.26,0.0,1.46,5928,1529,148527,97,,
23.13,0.0,1.45,5932,1529,148592,97,,
22.81,0.0,1.37,5936,1530,148690,97,,
22.81,0.0,1.38,5940,1531,148769,97,,
22.76,0.0,1.37,5944,1532,148837,97,,
22.89,0.0,1.4,5948,1533,148911,97,,
22.49,0.0,1.35,5952,1534,149012,97,,
22.52,0.0,1.35,5956,1535,149095,97,,
22.31,0.0,1.33,5960,1536,149178,97,,
22.38,0.0,1.32,5964,1537,149277,97,,
22.33,0.0,1.33,5968,1538,149352,97,,
22.39,0.0,1.34,5972,1539,149434,97,,
23.01,0.0,1.41,5976,1540,149585,97,,
22.73,0.0,1.38,5980,1541,149669,97,,
22.62,0.0,1.36,5984,1542,149771,97,,
22.72,0.0,1.35,5988,1543,149871,97,,
22.54,0.0,1.34,5992,1544,149968,97,,
,0.0,,,,150000,,19.5,1.25
22.61,0.0,1.33,5996,1546,150053,97,,
22.3,0.0,1.33,6000,1546,150136,97,,
22.39,0.0,1.33,6004,1547,150230,97,,
22.81,0.0,1.36,6008,1549,150371,97,,
22.73,0.0,1.37,6012,1550,150468,97,,
22.83,0.0,1.37,6016,1551,150550,97,,
22.7,0.0,1.37,6020,1552,150624,97,,
22.75,0.0,1.39,6024,1553,150720,97,,
22.66,0.0,1.36,6028,1554,150793,96,,
22.88,0.0,1.39,6032,1555,150880,96,,
22.87,0.0,1.4,6036,1556,150977,97,,
23.1,0.0,1.43,6040,1557,151079,97,,
23.14,0.0,1.43,6044,1558,151151,97,,
23.46,0.0,1.51,6048,1559,151257,97,,
23.43,0.0,1.5,6052,1559,151355,97,,
23.3,0.0,1.46,6056,1560,151425,97,,
23.47,0.0,1.48,6060,1561,151525,97,,
23.23,0.0,1.45,6064,1562,151600,97,,
23.47,0.0,1.45,6068,1563,151699,97,,
23.98,0.0,1.44,6072,1564,151832,97,,
23.23,0.0,1.35,6076,1565,151908,97,,
23.51,0.0,1.39,6080,1566,152020,97,,
23.21,0.0,1.35,6084,1567,152092,97,,
23.41,0.0,1.4,6088,1569,152212,96,,
23.22,0.0,1.36,6092,1570,152290,96,,
23.29,0.0,1.39,6096,1571,152382,96,,
23.46,0.0,1.41,6100,1572,152482,96,,
23.29,0.0,1.37,6104,1572,152559,96,,
22.74,0.0,1.32,6108,1573,152645,96,,
22.61,0.0,1.31,6112,1574,152729,96,,
22.94,0.0,1.39,6116,1575,152844,97,,
23.19,0.0,1.44,6120,1576,152943,97,,
23.06,0.0,1.44,6124,1577,153026,97,,
23.38,0.0,1.47,6128,1578,153131,97,,
23.25,0.0,1.44,6132,1578,153205,97,,
23.2,0.0,1.44,6136,1579,153297,97,,
23.65,0.0,1.53,6140,1581,153444,97,,
23.94,0.0,1.54,6144,1582,153545,97,,
24.22,0.0,1.54,6148,1584,153679,96,,
23.87,0.0,1.5,6152,1585,153742,96,,
23.98,0.0,1.54,6156,1586,153823,96,,
23.92,0.0,1.53,6160,1586,153917,96,,
23.89,0.0,1.53,6164,1587,153989,96,,
23.73,0.0,1.52,6168,1588,154072,97,,
23.28,0.0,1.53,6172,1589,154160,97,,
23.47,0.0,1.57,6176,1589,154255,97,,
23.13,0.0,1.5,6180,1590,154333,97,,
23.3,0.0,1.52,6184,1591,154422,97,,
22.77,0.0,1.43,6188,1592,154489,97,,
23.18,0.0,1.46,6192,1593,154608,97,,
23.46,0.0,1.47,6196,1594,154728,97,,
23.13,0.0,1.41,6200,1595,154795,97,,
23.45,0.0,1.48,6204,1596,154904,97,,
23.45,0.0,1.47,6208,1597,154990,97,,
23.67,0.0,1.49,6212,1599,155096,96,,
23.39,0.0,1.45,6216,1600,155183,96,,
23.45,0.0,1.43,6220,1601,155288,96,,
23.41,0.0,1.41,6224,1601,155367,96,,
23.33,0.0,1.42,6228,1602,155464,96,,
23.8,0.0,1.49,6232,1603,155585,97,,
23.98,0.0,1.51,6236,1604,155695,97,,
23.33,0.0,1.39,6240,1605,155777,97,,
22.93,0.0,1.35,6244,1606,155838,97,,
22.38,0.0,1.27,6248,1607,155917,97,,
22.43,0.0,1.26,6252,1607,155985,97,,
22.54,0.0,1.25,6256,1608,156077,97,,
22.39,0.0,1.24,6260,1609,156156,97,,
22.57,0.0,1.28,6264,1610,156246,97,,
22.88,0.0,1.32,6268,1611,156360,97,,
23.77,0.0,1.4,6272,1613,156537,96,,
23.86,0.0,1.39,6276,1615,156641,96,,
23.53,0.0,1.37,6280,1615,156686,96,,
23.68,0.0,1.4,6284,1616,156790,96,,
23.93,0.0,1.46,6288,1617,156882,96,,
24.55,0.0,1.59,6292,1619,157063,96,,
23.85,0.0,1.52,6296,1619,157113,96,,
23.84,0.0,1.54,6300,1620,157179,96,,
23.53,0.0,1.48,6304,1621,157257,97,,
23.53,0.0,1.49,6308,1622,157343,97,,
23.47,0.0,1.45,6312,1623,157443,97,,
23.77,0.0,1.5,6316,1624,157560,97,,
23.47,0.0,1.47,6320,1624,157635,97,,
23.43,0.0,1.45,6324,1625,157710,97,,
23.31,0.0,1.46,6328,1626,157795,96,,
23.36,0.0,1.46,6332,1628,157921,96,,
23.12,0.0,1.43,6336,1629,158007,96,,
23.48,0.0,1.43,6340,1631,158125,96,,
23.6,0.0,1.45,6344,1631,158198,96,,
23.43,0.0,1.43,6348,1632,158260,96,,
24.3,0.0,1.55,6352,1633,158415,96,,
24.32,0.0,1.56,6356,1634,158509,96,,
24.38,0.0,1.56,6360,1635,158594,96,,
24.4,0.0,1.54,6364,1636,158686,96,,
23.97,0.0,1.5,6368,1637,158757,96,,
23.76,0.0,1.49,6372,1638,158913,96,,
23.94,0.0,1.5,6376,1639,159035,96,,
24.35,0.0,1.54,6380,1640,159121,97,,
24.13,0.0,1.5,6384,1641,159203,96,,
24.11,0.0,1.5,6388,1642,159293,96,,
23.23,0.0,1.36,6392,1643,159386,96,,
23.63,0.0,1.42,6396,1644,159476,96,,
24.04,0.0,1.44,6400,1646,159583,96,,
24.09,0.0,1.44,6404,1647,159666,96,,
24.11,0.0,1.44,6408,1647,159754,96,,
23.86,0.0,1.42,6412,1648,159829,96,,
23.68,0.0,1.36,6416,1649,159928,96,,
23.76,0.0,1.37,6420,1650,160011,96,,
23.79,0.0,1.37,6424,1651,160089,96,,
23.79,0.0,1.35,6428,1652,160174,96,,
23.5,0.0,1.29,6432,1652,160271,96,,
23.74,0.0,1.34,6436,1653,160381,96,,
23.77,0.0,1.37,6440,1655,160502,96,,
23.92,0.0,1.38,6444,1656,160590,96,,
24.17,0.0,1.41,6448,1657,160677,96,,
23.88,0.0,1.42,6452,1658,160803,96,,
23.6,0.0,1.38,6456,1659,160869,96,,
23.4,0.0,1.34,6460,1660,160934,96,,
23.44,0.0,1.36,6464,1661,161030,96,,
23.6,0.0,1.35,6468,1662,161117,96,,
22.98,0.0,1.28,6472,1663,161211,96,,
22.42,0.0,1.22,6476,1663,161277,96,,
22.26,0.0,1.21,6480,1664,161347,96,,
22.62,0.0,1.24,6484,1665,161465,96,,
22.6,0.0,1.23,6488,1666,161553,96,,
22.69,0.0,1.22,6492,1667,161655,96,,
22.47,0.0,1.18,6496,1668,161723,96,,
22.36,0.0,1.18,6500,1669,161819,96,,
22.57,0.0,1.2,6504,1671,161923,96,,
22.79,0.0,1.21,6508,1672,162033,96,,
23.27,0.0,1.33,6512,1674,162156,96,,
23.23,0.0,1.33,6516,1675,162251,96,,
23.55,0.0,1.39,6520,1677,162366,96,,
23.7,0.0,1.43,6524,1678,162459,96,,
23.67,0.0,1.42,6528,1679,162541,96,,
23.64,0.0,1.45,6532,1680,162635,96,,
23.48,0.0,1.42,6536,1680,162729,96,,
23.06,0.0,1.4,6540,1681,162808,96,,
23.27,0.0,1.46,6544,1682,162917,96,,
23.19,0.0,1.44,6548,1683,162996,96,,
22.78,0.0,1.37,6552,1684,163081,96,,
22.81,0.0,1.4,6556,1684,163150,96,,
22.91,0.0,1.44,6560,1685,163225,96,,
22.83,0.0,1.41,6564,1686,163313,96,,
22.83,0.0,1.45,6568,1687,163400,96,,
22.85,0.0,1.46,6572,1688,163496,96,,
23.05,0.0,1.49,6576,1689,163582,96,,
23.94,0.0,1.63,6580,1691,163741,96,,
23.75,0.0,1.61,6584,1692,163840,96,,
23.73,0.0,1.59,6588,1693,163926,96,,
23.78,0.0,1.59,6592,1694,164033,96,,
23.92,0.0,1.62,6596,1695,164115,96,,
23.95,0.0,1.61,6600,1696,164214,96,,
24.35,0.0,1.69,6604,1697,164358,96,,
24.03,0.0,1.65,6608,1698,164436,96,,
23.65,0.0,1.57,6612,1699,164521,96,,
23.52,0.0,1.58,6616,1699,164603,96,,
23.12,0.0,1.51,6620,1700,164678,96,,
22.87,0.0,1.47,6624,1701,164746,96,,
23.27,0.0,1.51,6628,1702,164868,96,,
23.13,0.0,1.48,6632,1703,164948,96,,
23.56,0.0,1.53,6636,1705,165085,96,,
23.65,0.0,1.53,6640,1706,165173,96,,
24.01,0.0,1.53,6644,1707,165318,96,,
23.95,0.0,1.54,6648,1708,165391,96,,
23.73,0.0,1.5,6652,1709,165454,96,,
23.81,0.0,1.48,6656,1710,165531,96,,
24.04,0.0,1.48,6660,1711,165629,96,,
23.83,0.0,1.47,6664,1711,165696,96,,
24.03,0.0,1.46,6668,1712,165803,96,,
23.82,0.0,1.45,6672,1713,165878,96,,
24.1,0.0,1.47,6676,1714,165992,96,,
24.16,0.0,1.44,6680,1715,166157,96,,
24.19,0.0,1.46,6684,1716,166259,96,,
24.63,0.0,1.48,6688,1718,166389,96,,
24.14,0.0,1.43,6692,1718,166447,96,,
24.12,0.0,1.42,6696,1720,166527,96,,
24.2,0.0,1.43,6700,1721,166634,96,,
23.72,0.0,1.35,6704,1722,166730,96,,
23.65,0.0,1.35,6708,1723,166801,96,,
23.66,0.0,1.32,6712,1724,166887,96,,
23.79,0.0,1.33,6716,1725,166982,96,,
23.85,0.0,1.34,6720,1725,167063,96,,
24.0,0.0,1.37,6724,1726,167146,96,,
23.69,0.0,1.36,6728,1727,167237,96,,
23.69,0.0,1.36,6732,1728,167317,96,,
23.26,0.0,1.3,6736,1729,167411,96,,
23.0,0.0,1.26,6740,1729,167473,96,,
22.37,0.0,1.19,6744,1730,167555,96,,
22.37,0.0,1.2,6748,1731,167628,96,,
22.6,0.0,1.21,6752,1731,167714,96,,
22.84,0.0,1.26,6756,1732,167815,96,,
23.11,0.0,1.3,6760,1734,167940,96,,
23.44,0.0,1.32,6764,1735,168040,96,,
23.56,0.0,1.3,6768,1737,168159,96,,
23.6,0.0,1.29,6772,1738,168238,96,,
23.49,0.0,1.31,6776,1739,168341,96,,
22.61,0.0,1.2,6780,1740,168418,96,,
22.18,0.0,1.12,6784,1740,168477,96,,
21.62,0.0,1.06,6788,1741,168551,96,,
21.63,0.0,1.06,6792,1741,168610,96,,
21.81,0.0,1.1,6796,1742,168708,96,,
21.51,0.0,1.08,6800,1743,168785,96,,
21.45,0.0,1.1,6804,1744,168875,96,,
21.34,0.0,1.1,6808,1744,168935,96,,
21.73,0.0,1.14,6812,1746,169060,96,,
21.59,0.0,1.11,6816,1746,169141,96,,
21.5,0.0,1.13,6820,1747,169213,96,,
21.56,0.0,1.12,6824,1748,169302,96,,
21.48,0.0,1.11,6828,1750,169385,96,,
21.71,0.0,1.13,6832,1751,169488,96,,
21.61,0.0,1.13,6836,1752,169572,96,,
21.56,0.0,1.14,6840,1753,169629,96,,
22.16,0.0,1.19,6844,1754,169771,96,,
22.1,0.0,1.17,6848,1755,169838,96,,
22.04,0.0,1.2,6852,1755,169918,96,,
21.9,0.0,1.2,6856,1757,170005,96,,
21.6,0.0,1.15,6860,1757,170100,96,,
21.53,0.0,1.14,6864,1758,170193,96,,
21.2,0.0,1.16,6868,1759,170279,96,,
21.35,0.0,1.17,6872,1760,170373,96,,
21.13,0.0,1.14,6876,1761,170454,96,,
21.07,0.0,1.16,6880,1761,170525,96,,
21.46,0.0,1.22,6884,1762,170623,96,,
21.55,0.0,1.28,6888,1763,170706,96,,
21.74,0.0,1.31,6892,1764,170784,96,,
21.62,0.0,1.28,6896,1765,170870,96,,
21.73,0.0,1.3,6900,1767,170958,96,,
21.7,0.0,1.27,6904,1768,171045,96,,
22.04,0.0,1.31,6908,1768,171139,96,,
22.22,0.0,1.33,6912,1770,171282,96,,
22.41,0.0,1.35,6916,1771,171382,96,,
22.6,0.0,1.34,6920,1771,171473,96,,
22.71,0.0,1.35,6924,1772,171573,96,,
22.69,0.0,1.35,6928,1773,171654,96,,
22.99,0.0,1.41,6932,1774,171787,96,,
23.28,0.0,1.41,6936,1775,171900,96,,
23.53,0.0,1.45,6940,1776,171982,96,,
22.79,0.0,1.4,6944,1777,172050,96,,
22.81,0.0,1.42,6948,1778,172119,96,,
22.91,0.0,1.4,6952,1779,172209,96,,
23.16,0.0,1.43,6956,1780,172321,96,,
22.92,0.0,1.42,6960,1781,172392,96,,
22.98,0.0,1.43,6964,1782,172491,96,,
22.8,0.0,1.38,6968,1783,172559,96,,
22.69,0.0,1.39,6972,1784,172642,96,,
22.69,0.0,1.37,6976,1785,172723,96,,
22.77,0.0,1.36,6980,1785,172802,96,,
22.67,0.0,1.35,6984,1786,172890,96,,
22.58,0.0,1.33,6988,1787,172964,96,,
23.21,0.0,1.39,6992,1788,173105,96,,
23.36,0.0,1.38,6996,1789,173206,96,,
23.23,0.0,1.33,7000,1790,173281,96,,
23.59,0.0,1.38,7004,1791,173404,96,,
23.34,0.0,1.36,7008,1792,173473,96,,
22.93,0.0,1.3,7012,1793,173575,96,,
22.49,0.0,1.26,7016,1794,173631,96,,
22.3,0.0,1.23,7020,1795,173703,96,,
22.1,0.0,1.21,7024,1796,173783,96,,
23.48,0.0,1.32,7028,1798,174002,96,,
22.97,0.0,1.23,7032,1799,174084,96,,
22.98,0.0,1.28,7036,1800,174198,96,,
22.86,0.0,1.26,7040,1800,174268,96,,
23.01,0.0,1.29,7044,1801,174351,96,,
23.23,0.0,1.3,7048,1802,174442,96,,
24.74,0.0,1.43,7052,1804,174683,96,,
24.51,0.0,1.4,7056,1805,174772,96,,
24.76,0.0,1.42,7060,1806,174868,96,,
24.94,0.0,1.42,7064,1807,174985,96,,
,0.0,,,,175000,,23.0,2.25
24.98,0.0,1.47,7068,1809,175057,96,,
25.03,0.0,1.45,7072,1810,175145,96,,
25.0,0.0,1.47,7076,1811,175223,96,,
25.05,0.0,1.5,7080,1812,175307,96,,
25.11,0.0,1.52,7084,1813,175401,96,,
25.45,0.0,1.55,7088,1814,175509,96,,
25.04,0.0,1.51,7092,1815,175609,96,,
25.1,0.0,1.51,7096,1816,175716,96,,
25.51,0.0,1.59,7100,1817,175832,96,,
25.11,0.0,1.54,7104,1818,175915,96,,
25.55,0.0,1.55,7108,1819,176028,96,,
25.25,0.0,1.55,7112,1820,176100,96,,
25.66,0.0,1.62,7116,1821,176197,96,,
26.18,0.0,1.67,7120,1822,176321,96,,
26.29,0.0,1.71,7124,1823,176412,96,,
25.14,0.0,1.63,7128,1824,176516,96,,
25.25,0.0,1.66,7132,1826,176609,96,,
24.79,0.0,1.59,7136,1826,176677,96,,
24.77,0.0,1.58,7140,1827,176745,96,,
24.78,0.0,1.58,7144,1828,176829,96,,
24.64,0.0,1.57,7148,1829,176906,96,,
23.2,0.0,1.45,7152,1830,177003,96,,
23.12,0.0,1.45,7156,1831,177084,96,,
23.22,0.0,1.47,7160,1832,177190,96,,
23.05,0.0,1.47,7164,1833,177290,96,,
23.35,0.0,1.49,7168,1833,177392,96,,
23.64,0.0,1.51,7172,1835,177509,96,,
23.79,0.0,1.53,7176,1835,177602,96,,
23.78,0.0,1.52,7180,1836,177685,96,,
23.76,0.0,1.5,7184,1837,177777,96,,
23.61,0.0,1.52,7188,1838,177870,96,,
23.48,0.0,1.5,7192,1839,177957,96,,
23.29,0.0,1.51,7196,1841,178045,96,,
23.03,0.0,1.48,7200,1842,178135,96,,
23.37,0.0,1.54,7204,1843,178252,96,,
23.25,0.0,1.56,7208,1844,178353,96,,
23.36,0.0,1.59,7212,1845,178436,96,,
23.18,0.0,1.55,7216,1846,178515,96,,
22.74,0.0,1.5,7220,1846,178595,96,,
23.04,0.0,1.49,7224,1847,178716,96,,
22.93,0.0,1.46,7228,1848,178809,96,,
23.37,0.0,1.5,7232,1849,178946,96,,
23.79,0.0,1.56,7236,1850,179056,96,,
24.87,0.0,1.65,7240,1852,179232,96,,
24.92,0.0,1.64,7244,1853,179321,96,,
25.16,0.0,1.68,7248,1854,179422,96,,
25.4,0.0,1.71,7252,1856,179543,96,,
25.55,0.0,1.71,7256,1857,179639,96,,
25.74,0.0,1.78,7260,1858,179764,96,,
25.69,0.0,1.79,7264,1859,179859,96,,
25.77,0.0,1.79,7268,1860,179969,96,,
25.44,0.0,1.8,7272,1861,180053,96,,
25.41,0.0,1.78,7276,1862,180143,96,,
25.52,0.0,1.78,7280,1863,180237,96,,
25.77,0.0,1.84,7284,1864,180354,96,,
26.23,0.0,1.86,7288,1865,180493,96,,
26.68,0.0,1.91,7292,1867,180625,96,,
26.72,0.0,1.92,7296,1868,180717,96,,
27.02,0.0,1.94,7300,1869,180837,96,,
26.67,0.0,1.89,7304,1870,180919,96,,
26.5,0.0,1.89,7308,1871,181003,96,,
28.22,0.0,2.04,7312,1874,181258,96,,
28.48,0.0,2.08,7316,1875,181363,96,,
29.67,0.0,2.21,7320,1877,181562,96,,
29.94,0.0,2.26,7324,1878,181710,96,,
30.2,0.0,2.3,7328,1879,181829,96,,
29.63,0.0,2.24,7332,1880,181909,96,,
29.43,0.0,2.25,7336,1881,181999,96,,
29.2,0.0,2.25,7340,1882,182152,96,,
29.84,0.0,2.3,7344,1884,182305,96,,
30.07,0.0,2.29,7348,1886,182429,96,,
30.41,0.0,2.26,7352,1887,182584,96,,
30.46,0.0,2.23,7356,1888,182685,96,,
29.88,0.0,2.14,7360,1889,182752,96,,
29.89,0.0,2.13,7364,1890,182848,96,,
29.86,0.0,2.14,7368,1891,182955,96,,
29.86,0.0,2.13,7372,1892,183039,96,,
29.86,0.0,2.14,7376,1893,183129,96,,
29.99,0.0,2.15,7380,1894,183236,96,,
29.78,0.0,2.09,7384,1894,183332,96,,
29.28,0.0,2.02,7388,1895,183421,96,,
29.01,0.0,2.02,7392,1896,183526,96,,
28.92,0.0,2.03,7396,1897,183609,96,,
29.02,0.0,2.0,7400,1899,183739,96,,
29.12,0.0,2.02,7404,1900,183831,96,,
29.34,0.0,2.02,7408,1901,183937,96,,
27.78,0.0,1.86,7412,1902,184036,96,,
27.94,0.0,1.85,7416,1904,184157,96,,
27.4,0.0,1.82,7420,1905,184302,96,,
27.13,0.0,1.78,7424,1906,184423,96,,
26.96,0.0,1.76,7428,1907,184525,96,,
26.98,0.0,1.76,7432,1908,184607,96,,
27.06,0.0,1.75,7436,1909,184705,96,,
26.45,0.0,1.69,7440,1909,184797,96,,
25.71,0.0,1.64,7444,1910,184876,96,,
25.45,0.0,1.65,7448,1911,184974,96,,
25.95,0.0,1.77,7452,1913,185179,96,,
26.12,0.0,1.79,7456,1915,185297,96,,
26.52,0.0,1.82,7460,1916,185404,96,,
26.6,0.0,1.84,7464,1918,185508,96,,
26.49,0.0,1.83,7468,1919,185604,96,,
26.46,0.0,1.81,7472,1921,185685,96,,
26.82,0.0,1.86,7476,1922,185811,96,,
26.6,0.0,1.82,7480,1923,185896,96,,
26.7,0.0,1.84,7484,1924,186002,96,,
26.9,0.0,1.86,7488,1925,186111,96,,
26.97,0.0,1.81,7492,1926,186223,96,,
27.58,0.0,1.84,7496,1927,186367,96,,
27.54,0.0,1.85,7500,1928,186493,96,,
27.96,0.0,1.88,7504,1930,186627,96,,
27.75,0.0,1.84,7508,1931,186712,96,,
27.8,0.0,1.85,7512,1932,186816,96,,
28.2,0.0,1.88,7516,1934,186977,96,,
28.07,0.0,1.89,7520,1936,187109,96,,
28.39,0.0,1.96,7524,1937,187262,96,,
28.69,0.0,1.98,7528,1938,187394,96,,
28.77,0.0,1.98,7532,1939,187484,96,,
28.76,0.0,1.94,7536,1940,187581,96,,
29.16,0.0,1.99,7540,1941,187713,96,,
29.63,0.0,2.04,7544,1942,187839,96,,
29.84,0.0,2.04,7548,1943,187958,96,,
28.84,0.0,1.93,7552,1944,188063,96,,
28.74,0.0,1.93,7556,1945,188171,96,,
28.92,0.0,1.94,7560,1947,188296,96,,
28.84,0.0,1.91,7564,1948,188392,96,,
29.03,0.0,1.94,7568,1950,188507,96,,
29.7,0.0,2.04,7572,1951,188655,96,,
29.55,0.0,2.02,7576,1952,188766,96,,
29.64,0.0,2.07,7580,1953,188860,96,,
29.69,0.0,2.05,7584,1954,188971,96,,
29.62,0.0,2.08,7588,1955,189073,96,,
30.2,0.0,2.18,7592,1957,189243,96,,
29.77,0.0,2.15,7596,1958,189344,96,,
29.49,0.0,2.17,7600,1959,189442,96,,
28.99,0.0,2.12,7604,1960,189526,96,,
28.92,0.0,2.15,7608,1961,189604,96,,
29.16,0.0,2.19,7612,1963,189732,96,,
28.69,0.0,2.18,7616,1965,189846,96,,
28.43,0.0,2.11,7620,1966,189952,96,,
28.33,0.0,2.08,7624,1968,190095,96,,
27.93,0.0,2.05,7628,1969,190187,96,,
28.14,0.0,2.11,7632,1970,190298,96,,
28.19,0.0,2.12,7636,1971,190400,96,,
28.78,0.0,2.14,7640,1973,190591,96,,
28.63,0.0,2.12,7644,1974,190702,96,,
28.38,0.0,2.1,7648,1975,190796,96,,
28.3,0.0,2.1,7652,1976,190893,96,,
28.19,0.0,2.09,7656,1977,190990,96,,
28.27,0.0,2.09,7660,1979,191123,96,,
28.23,0.0,2.13,7664,1981,191215,96,,
28.25,0.0,2.1,7668,1982,191332,96,,
27.81,0.0,2.01,7672,1983,191436,96,,
27.84,0.0,2.0,7676,1984,191550,96,,
28.2,0.0,2.03,7680,1985,191680,96,,
28.11,0.0,2.04,7684,1986,191782,96,,
28.04,0.0,2.02,7688,1987,191877,96,,
27.47,0.0,1.97,7692,1988,191990,96,,
28.08,0.0,2.02,7696,1990,192152,96,,
28.09,0.0,2.0,7700,1991,192251,96,,
28.52,0.0,2.06,7704,1992,192378,96,,
28.82,0.0,2.07,7708,1994,192486,96,,
28.54,0.0,2.04,7712,1995,192586,96,,
28.63,0.0,2.03,7716,1996,192709,96,,
28.54,0.0,1.99,7720,1997,192806,96,,
28.12,0.0,1.94,7724,1998,192907,96,,
28.12,0.0,1.92,7728,1999,192999,96,,
28.19,0.0,1.87,7732,2000,193117,96,,
28.27,0.0,1.88,7736,2001,193227,96,,
27.61,0.0,1.85,7740,2002,193352,96,,
27.41,0.0,1.83,7744,2003,193443,96,,
27.3,0.0,1.82,7748,2004,193526,96,,
27.32,0.0,1.8,7752,2005,193625,96,,
27.3,0.0,1.83,7756,2006,193720,96,,
27.03,0.0,1.81,7760,2007,193826,96,,
27.16,0.0,1.8,7764,2008,193931,96,,
27.0,0.0,1.8,7768,2010,194032,96,,
27.31,0.0,1.85,7772,2011,194167,96,,
27.6,0.0,1.87,7776,2012,194310,96,,
27.29,0.0,1.82,7780,2013,194409,96,,
27.68,0.0,1.81,7784,2015,194550,96,,
27.69,0.0,1.79,7788,2015,194646,96,,
27.59,0.0,1.77,7792,2016,194749,96,,
27.57,0.0,1.76,7796,2018,194909,96,,
28.17,0.0,1.82,7800,2019,195068,96,,
27.94,0.0,1.78,7804,2020,195172,96,,
27.81,0.0,1.79,7808,2021,195267,96,,
28.39,0.0,1.85,7812,2023,195425,96,,
28.42,0.0,1.85,7816,2025,195551,96,,
28.57,0.0,1.89,7820,2026,195663,96,,
28.7,0.0,1.92,7824,2027,195777,96,,
28.86,0.0,1.95,7828,2028,195885,96,,
28.83,0.0,1.99,7832,2029,196000,96,,
28.87,0.0,1.99,7836,2030,196114,96,,
28.66,0.0,1.95,7840,2031,196218,96,,
28.85,0.0,1.98,7844,2032,196328,96,,
29.42,0.0,2.02,7848,2033,196468,96,,
29.39,0.0,2.04,7852,2034,196564,96,,
29.34,0.0,2.01,7856,2035,196654,96,,
29.13,0.0,1.98,7860,2036,196739,96,,
29.12,0.0,1.96,7864,2037,196843,96,,
29.25,0.0,1.96,7868,2039,196957,96,,
29.16,0.0,1.96,7872,2040,197083,96,,
28.71,0.0,1.94,7876,2041,197181,96,,
28.63,0.0,1.95,7880,2042,197272,96,,
28.41,0.0,1.99,7884,2043,197391,96,,
28.54,0.0,2.02,7888,2044,197500,96,,
28.57,0.0,2.01,7892,2045,197606,96,,
28.23,0.0,1.98,7896,2046,197732,96,,
27.49,0.0,1.89,7900,2047,197817,96,,
27.41,0.0,1.88,7904,2048,197913,96,,
27.31,0.0,1.84,7908,2049,197998,96,,
26.41,0.0,1.74,7912,2050,198066,96,,
26.21,0.0,1.72,7916,2051,198172,96,,
26.06,0.0,1.72,7920,2052,198269,96,,
25.91,0.0,1.69,7924,2053,198368,96,,
25.93,0.0,1.68,7928,2055,198478,96,,
26.59,0.0,1.71,7932,2057,198659,96,,
26.54,0.0,1.73,7936,2058,198768,96,,
26.76,0.0,1.73,7940,2059,198894,96,,
26.63,0.0,1.69,7944,2060,198991,96,,
26.27,0.0,1.69,7948,2061,199095,96,,
26.62,0.0,1.74,7952,2062,199226,96,,
26.57,0.0,1.73,7956,2063,199311,96,,
27.33,0.0,1.81,7960,2064,199472,96,,
27.62,0.0,1.87,7964,2066,199605,96,,
27.55,0.0,1.89,7968,2067,199712,96,,
27.57,0.0,1.9,7972,2068,199840,96,,
27.7,0.0,1.9,7976,2070,199951,96,,
,0.0,,,,200000,,30.5,2.5
