time/episodes,time/fps,rollout/exploration_rate,time/time_elapsed,time/total_timesteps,rollout/ep_len_mean,rollout/ep_rew_mean,eval/mean_ep_length,eval/mean_reward
4,130,0.0,0,73,18.25,0.25,,
8,64,0.0,3,233,29.125,0.75,,
12,82,0.0,5,421,35.083333333333336,1.25,,
16,95,0.0,7,707,44.1875,1.3125,,
20,101,0.0,9,954,47.7,1.2,,
24,103,0.0,10,1089,45.375,1.2083333333333333,,
28,106,0.0,11,1267,45.25,1.2857142857142858,,
32,103,0.0,13,1422,44.4375,1.3125,,
36,101,0.0,16,1624,45.111111111111114,1.3611111111111112,,
40,101,0.0,17,1759,43.975,1.35,,
44,102,0.0,18,1939,44.06818181818182,1.3636363636363635,,
48,104,0.0,20,2110,43.958333333333336,1.3958333333333333,,
52,105,0.0,21,2228,42.84615384615385,1.3653846153846154,,
56,105,0.0,22,2353,42.017857142857146,1.3928571428571428,,
60,106,0.0,23,2501,41.68333333333333,1.4166666666666667,,
64,108,0.0,25,2730,42.65625,1.4375,,
68,107,0.0,28,3087,45.39705882352941,1.4558823529411764,,
72,106,0.0,31,3377,46.90277777777778,1.4027777777777777,,
76,107,0.0,33,3580,47.10526315789474,1.4473684210526316,,
80,110,0.0,46,5091,63.6375,1.45,,
84,110,0.0,47,5303,63.13095238095238,1.4285714285714286,,
88,110,0.0,49,5433,61.73863636363637,1.4204545454545454,,
92,110,0.0,50,5571,60.55434782608695,1.434782608695652,,
96,110,0.0,51,5688,59.25,1.4166666666666667,,
100,111,0.0,52,5849,58.49,1.42,,
104,111,0.0,53,5979,59.06,1.46,,
108,111,0.0,55,6158,59.25,1.47,,
112,111,0.0,56,6269,58.48,1.41,,
116,111,0.0,57,6370,56.63,1.4,,
120,109,0.0,59,6497,55.43,1.41,,
124,108,0.0,61,6628,55.39,1.42,,
128,108,0.0,61,6695,54.28,1.38,,
132,108,0.0,62,6789,53.67,1.36,,
136,108,0.0,64,6993,53.69,1.35,,
140,109,0.0,65,7128,53.69,1.35,,
144,109,0.0,66,7261,53.22,1.35,,
148,109,0.0,68,7481,53.71,1.39,,
152,109,0.0,69,7616,53.88,1.43,,
156,109,0.0,70,7789,54.36,1.44,,
160,109,0.0,72,7925,54.24,1.43,,
164,108,0.0,74,8127,53.97,1.48,,
168,108,0.0,76,8315,52.28,1.5,,
172,109,0.0,77,8480,51.03,1.56,,
176,109,0.0,79,8659,50.79,1.54,,
180,109,0.0,80,8829,37.38,1.57,,
184,109,0.0,82,9020,37.17,1.62,,
188,110,0.0,84,9323,38.9,1.77,,
192,109,0.0,86,9555,39.84,1.84,,
196,109,0.0,89,9759,40.71,1.9,,
200,109,0.0,90,9904,40.55,1.9,,
204,108,0.0,93,10147,41.68,2.01,,
208,109,0.0,94,10357,41.99,2.07,,
212,109,0.0,96,10541,42.72,2.14,,
216,109,0.0,97,10675,43.05,2.17,,
220,109,0.0,98,10871,43.74,2.21,,
224,109,0.0,99,10985,43.57,2.19,,
228,109,0.0,101,11119,44.24,2.23,,
232,108,0.0,104,11292,45.03,2.29,,
236,108,0.0,105,11433,44.4,2.29,,
240,108,0.0,107,11665,45.37,2.39,,
244,109,0.0,109,11894,46.33,2.48,,
248,109,0.0,111,12141,46.6,2.49,,
252,109,0.0,112,12361,47.45,2.52,,
256,109,0.0,113,12447,46.58,2.49,,
260,109,0.0,115,12643,47.18,2.53,,
264,108,0.0,117,12828,47.01,2.52,,
268,108,0.0,119,13033,47.18,2.55,,
272,108,0.0,121,13220,47.4,2.57,,
276,109,0.0,123,13421,47.62,2.63,,
280,109,0.0,124,13635,48.06,2.67,,
284,109,0.0,125,13767,47.47,2.64,,
288,109,0.0,127,13921,45.98,2.51,,
292,109,0.0,128,14083,45.28,2.47,,
296,109,0.0,130,14247,44.88,2.47,,
300,108,0.0,132,14405,45.01,2.49,,
304,108,0.0,134,14602,44.55,2.44,,
308,108,0.0,135,14777,44.2,2.39,,
312,109,0.0,136,14924,43.83,2.37,,
316,109,0.0,139,15261,45.86,2.5,,
320,109,0.0,140,15401,45.3,2.51,,
324,109,0.0,142,15640,46.55,2.6,,
328,109,0.0,143,15774,46.55,2.61,,
332,109,0.0,145,15946,46.54,2.6,,
336,108,0.0,149,16242,48.09,2.71,,
340,109,0.0,150,16398,47.33,2.65,,
344,109,0.0,151,16576,46.82,2.59,,
348,109,0.0,154,16870,47.29,2.59,,
352,109,0.0,156,17143,47.82,2.58,,
356,109,0.0,158,17366,49.19,2.64,,
360,109,0.0,160,17607,49.64,2.67,,
364,109,0.0,163,17819,49.91,2.67,,
368,109,0.0,165,18097,50.64,2.72,,
372,109,0.0,166,18271,50.51,2.69,,
376,109,0.0,168,18526,51.05,2.69,,
380,109,0.0,170,18754,51.19,2.68,,
384,109,0.0,172,18928,51.61,2.71,,
388,109,0.0,174,19191,52.7,2.74,,
392,109,0.0,176,19307,52.24,2.7,,
396,109,0.0,177,19453,52.06,2.68,,
400,109,0.0,179,19661,52.56,2.71,,
404,109,0.0,180,19766,51.64,2.66,,
408,109,0.0,181,19926,51.49,2.67,,
412,109,0.0,184,20208,52.84,2.74,,
416,109,0.0,186,20454,51.93,2.64,,
420,109,0.0,188,20663,52.62,2.67,,
424,109,0.0,192,20998,53.58,2.69,,
428,109,0.0,193,21140,53.66,2.7,,
432,109,0.0,196,21473,55.27,2.81,,
436,109,0.0,197,21633,53.91,2.73,,
440,109,0.0,199,21831,54.33,2.77,,
444,109,0.0,200,22035,54.59,2.8,,
448,109,0.0,201,22157,52.87,2.75,,
452,109,0.0,203,22335,51.92,2.73,,
456,109,0.0,205,22468,51.02,2.67,,
460,109,0.0,207,22686,50.79,2.66,,
464,109,0.0,208,22856,50.37,2.65,,
468,109,0.0,210,23083,49.86,2.64,,
472,109,0.0,212,23306,50.35,2.71,,
476,109,0.0,213,23448,49.22,2.66,,
480,109,0.0,215,23719,49.65,2.74,,
484,109,0.0,219,24014,50.86,2.82,,
488,109,0.0,221,24270,50.79,2.87,,
492,109,0.0,223,24461,51.54,2.89,,
496,109,0.0,225,24651,51.98,2.94,,
500,109,0.0,225,24757,50.96,2.87,,
,,0.0,,25000,,,39.0,2.0
504,109,0.0,229,25090,53.24,2.98,,
508,109,0.0,231,25215,52.89,2.95,,
512,108,0.0,234,25492,52.84,2.95,,
516,108,0.0,236,25749,52.95,2.96,,
520,108,0.0,238,25922,52.59,2.93,,
524,108,0.0,239,26101,51.03,2.87,,
528,108,0.0,241,26308,51.68,2.88,,
532,108,0.0,242,26432,49.59,2.75,,
536,108,0.0,244,26592,49.59,2.74,,
540,108,0.0,246,26824,49.93,2.72,,
544,108,0.0,248,26986,49.51,2.69,,
548,108,0.0,250,27221,50.64,2.73,,
552,108,0.0,252,27409,50.74,2.77,,
556,108,0.0,254,27669,52.01,2.85,,
560,108,0.0,256,27910,52.24,2.88,,
564,109,0.0,258,28179,53.23,2.93,,
568,109,0.0,259,28332,52.49,2.85,,
572,108,0.0,262,28615,53.09,2.9,,
576,108,0.0,264,28786,53.38,2.87,,
580,108,0.0,266,29005,52.86,2.81,,
584,108,0.0,268,29229,52.15,2.74,,
588,108,0.0,269,29410,51.4,2.67,,
592,109,0.0,272,29684,52.23,2.75,,
596,109,0.0,274,29958,53.07,2.75,,
600,108,0.0,277,30175,54.18,2.81,,
604,108,0.0,279,30345,52.55,2.72,,
608,108,0.0,281,30541,53.26,2.78,,
612,108,0.0,283,30796,53.04,2.75,,
616,108,0.0,286,31211,54.62,2.84,,
620,108,0.0,289,31584,56.62,2.99,,
624,108,0.0,292,31796,56.95,2.99,,
628,108,0.0,294,31989,56.81,2.98,,
632,108,0.0,296,32172,57.4,3.01,,
636,108,0.0,298,32391,57.99,3.04,,
640,108,0.0,299,32538,57.14,2.99,,
644,108,0.0,300,32681,56.95,2.97,,
648,108,0.0,302,32979,57.58,3.02,,
652,108,0.0,304,33149,57.4,2.96,,
656,108,0.0,306,33343,56.74,2.96,,
660,108,0.0,309,33634,57.24,2.96,,
664,108,0.0,310,33779,56.0,2.88,,
668,108,0.0,312,34005,56.73,2.93,,
672,108,0.0,316,34405,57.9,2.91,,
676,108,0.0,317,34600,58.14,2.94,,
680,109,0.0,319,34869,58.64,2.93,,
684,108,0.0,321,35020,57.91,2.89,,
688,108,0.0,325,35347,59.37,3.01,,
692,108,0.0,326,35489,58.05,2.9,,
696,108,0.0,327,35691,57.33,2.88,,
700,108,0.0,329,35894,57.19,2.87,,
704,109,0.0,331,36132,57.87,2.94,,
708,109,0.0,332,36247,57.06,2.88,,
712,109,0.0,333,36353,55.57,2.82,,
716,109,0.0,334,36454,52.43,2.65,,
720,108,0.0,335,36590,50.06,2.49,,
724,108,0.0,337,36745,49.49,2.45,,
728,108,0.0,339,36916,49.27,2.45,,
732,108,0.0,340,37043,48.71,2.41,,
736,108,0.0,341,37212,48.21,2.41,,
740,108,0.0,342,37301,47.63,2.38,,
744,108,0.0,343,37450,47.69,2.41,,
748,108,0.0,345,37595,46.16,2.32,,
752,108,0.0,345,37692,45.43,2.32,,
756,108,0.0,346,37778,44.35,2.22,,
760,109,0.0,348,37955,43.21,2.18,,
764,109,0.0,349,38075,42.96,2.16,,
768,108,0.0,350,38212,42.07,2.1,,
772,108,0.0,352,38360,39.55,2.0,,
776,108,0.0,354,38579,39.79,2.02,,
780,108,0.0,355,38705,38.36,1.94,,
784,108,0.0,356,38784,37.64,1.91,,
788,108,0.0,357,38892,35.45,1.76,,
792,108,0.0,358,38988,34.99,1.75,,
796,108,0.0,359,39158,34.67,1.72,,
800,108,0.0,360,39232,33.38,1.67,,
804,108,0.0,360,39304,31.72,1.54,,
808,108,0.0,361,39443,31.96,1.56,,
812,108,0.0,362,39537,31.84,1.54,,
816,108,0.0,363,39613,31.59,1.54,,
820,108,0.0,365,39838,32.48,1.58,,
824,108,0.0,367,39936,31.91,1.57,,
828,108,0.0,369,40119,32.03,1.55,,
832,108,0.0,370,40280,32.37,1.56,,
836,108,0.0,371,40404,31.92,1.53,,
840,108,0.0,372,40543,32.42,1.57,,
844,108,0.0,374,40713,32.63,1.55,,
848,108,0.0,375,40894,32.99,1.58,,
852,108,0.0,376,40995,33.03,1.56,,
856,108,0.0,378,41133,33.55,1.59,,
860,108,0.0,378,41209,32.54,1.53,,
864,108,0.0,381,41421,33.46,1.62,,
868,108,0.0,383,41581,33.69,1.63,,
872,108,0.0,385,41780,34.2,1.67,,
876,108,0.0,385,41863,32.84,1.63,,
880,108,0.0,387,42012,33.07,1.67,,
884,108,0.0,388,42250,34.66,1.77,,
888,108,0.0,390,42395,35.03,1.8,,
892,108,0.0,392,42697,37.09,1.9,,
896,108,0.0,393,42782,36.24,1.86,,
900,108,0.0,395,42941,37.09,1.88,,
904,108,0.0,396,43022,37.18,1.88,,
908,108,0.0,397,43117,36.74,1.85,,
912,108,0.0,398,43190,36.53,1.83,,
916,108,0.0,399,43357,37.44,1.88,,
920,108,0.0,400,43431,35.93,1.78,,
924,108,0.0,401,43539,36.03,1.76,,
928,108,0.0,401,43620,35.01,1.72,,
932,108,0.0,403,43813,35.33,1.75,,
936,108,0.0,404,43949,35.45,1.73,,
940,108,0.0,405,44029,34.86,1.69,,
944,108,0.0,405,44106,33.93,1.63,,
948,108,0.0,406,44188,32.94,1.57,,
952,108,0.0,407,44338,33.43,1.58,,
956,108,0.0,408,44418,32.85,1.54,,
960,108,0.0,410,44515,33.06,1.52,,
964,108,0.0,410,44565,31.44,1.38,,
968,108,0.0,411,44614,30.33,1.3,,
972,108,0.0,412,44708,29.28,1.23,,
976,108,0.0,413,44802,29.39,1.22,,
980,108,0.0,414,44907,28.95,1.18,,
984,108,0.0,415,44983,27.33,1.07,,
988,108,0.0,416,45106,27.11,1.05,,
992,108,0.0,417,45272,25.75,0.98,,
996,108,0.0,418,45322,25.4,0.94,,
1000,108,0.0,418,45405,24.64,0.9,,
1004,108,0.0,420,45636,26.14,1.0,,
1008,108,0.0,422,45843,27.26,1.05,,
1012,108,0.0,423,45982,27.92,1.11,,
1016,108,0.0,424,46076,27.19,1.07,,
1020,108,0.0,427,46256,28.25,1.14,,
1024,108,0.0,429,46514,29.75,1.25,,
1028,108,0.0,430,46632,30.12,1.28,,
1032,108,0.0,431,46738,29.25,1.23,,
1036,108,0.0,432,46833,28.84,1.21,,
1040,108,0.0,433,46985,29.56,1.23,,
1044,108,0.0,434,47126,30.2,1.27,,
1048,108,0.0,435,47221,30.33,1.27,,
1052,108,0.0,436,47351,30.13,1.28,,
1056,108,0.0,438,47553,31.35,1.36,,
1060,108,0.0,439,47630,31.15,1.36,,
1064,108,0.0,441,47836,32.71,1.47,,
1068,108,0.0,443,47964,33.5,1.51,,
1072,108,0.0,444,48094,33.86,1.54,,
1076,108,0.0,445,48187,33.85,1.54,,
1080,108,0.0,445,48268,33.61,1.54,,
1084,108,0.0,446,48340,33.57,1.54,,
1088,108,0.0,447,48418,33.12,1.51,,
1092,108,0.0,448,48585,33.13,1.52,,
1096,108,0.0,449,48657,33.35,1.53,,
1100,108,0.0,450,48749,33.44,1.55,,
1104,108,0.0,451,48866,32.3,1.49,,
1108,108,0.0,452,49018,31.75,1.48,,
1112,108,0.0,452,49093,31.11,1.41,,
1116,108,0.0,455,49315,32.39,1.48,,
1120,108,0.0,456,49416,31.6,1.43,,
1124,108,0.0,458,49540,30.26,1.34,,
1128,108,0.0,458,49591,29.59,1.29,,
1132,108,0.0,459,49670,29.32,1.27,,
1136,108,0.0,460,49740,29.07,1.26,,
1140,108,0.0,461,49856,28.71,1.27,,
,,0.0,,50000,,,43.75,2.25
1144,107,0.0,464,50027,29.01,1.28,,
1148,107,0.0,465,50142,29.21,1.29,,
1152,107,0.0,465,50213,28.62,1.25,,
1156,107,0.0,466,50292,27.39,1.18,,
1160,107,0.0,467,50407,27.77,1.2,,
1164,107,0.0,468,50533,26.97,1.14,,
1168,107,0.0,470,50714,27.5,1.19,,
1172,107,0.0,472,50793,26.99,1.15,,
1176,107,0.0,474,50922,27.35,1.18,,
1180,107,0.0,476,51200,29.32,1.23,,
1184,107,0.0,477,51280,29.4,1.24,,
1188,107,0.0,478,51391,29.73,1.25,,
1192,107,0.0,478,51474,28.89,1.19,,
1196,107,0.0,479,51596,29.39,1.23,,
1200,107,0.0,481,51851,31.02,1.36,,
1204,107,0.0,482,51959,30.93,1.35,,
1208,107,0.0,484,52154,31.36,1.34,,
1212,107,0.0,486,52262,31.69,1.35,,
1216,107,0.0,486,52312,29.97,1.23,,
1220,107,0.0,489,52536,31.2,1.31,,
1224,107,0.0,490,52688,31.48,1.33,,
1228,107,0.0,491,52837,32.46,1.4,,
1232,107,0.0,492,52941,32.71,1.41,,
1236,107,0.0,493,53051,33.11,1.45,,
1240,107,0.0,494,53219,33.63,1.46,,
1244,107,0.0,496,53386,33.59,1.5,,
1248,107,0.0,496,53432,32.9,1.45,,
1252,107,0.0,497,53510,32.97,1.46,,
1256,107,0.0,498,53598,33.06,1.48,,
1260,107,0.0,499,53684,32.77,1.46,,
1264,107,0.0,500,53792,32.59,1.44,,
1268,107,0.0,502,53962,32.48,1.42,,
1272,107,0.0,503,54051,32.58,1.45,,
1276,107,0.0,503,54166,32.44,1.42,,
1280,107,0.0,504,54272,30.72,1.36,,
1284,107,0.0,506,54412,31.32,1.37,,
1288,107,0.0,507,54579,31.88,1.43,,
1292,107,0.0,508,54745,32.71,1.46,,
1296,107,0.0,509,54872,32.76,1.43,,
1300,107,0.0,510,54977,31.26,1.32,,
1304,107,0.0,512,55218,32.59,1.34,,
1308,107,0.0,514,55367,32.13,1.33,,
1312,107,0.0,515,55460,31.98,1.36,,
1316,107,0.0,516,55555,32.43,1.42,,
1320,107,0.0,518,55747,32.11,1.39,,
1324,107,0.0,519,55847,31.59,1.38,,
1328,107,0.0,520,55986,31.49,1.36,,
1332,107,0.0,521,56105,31.64,1.35,,
1336,107,0.0,523,56380,33.29,1.41,,
1340,107,0.0,524,56503,32.84,1.38,,
1344,107,0.0,525,56603,32.17,1.33,,
1348,107,0.0,526,56686,32.54,1.36,,
1352,107,0.0,526,56742,32.32,1.33,,
1356,107,0.0,528,56849,32.51,1.32,,
1360,107,0.0,530,57038,33.54,1.37,,
1364,107,0.0,532,57219,34.27,1.4,,
1368,107,0.0,533,57377,34.15,1.43,,
1372,107,0.0,534,57508,34.57,1.44,,
1376,107,0.0,535,57628,34.62,1.43,,
1380,107,0.0,536,57724,34.52,1.43,,
1384,107,0.0,537,57863,34.51,1.48,,
1388,107,0.0,538,57961,33.82,1.43,,
1392,107,0.0,540,58158,34.13,1.43,,
1396,107,0.0,541,58281,34.09,1.43,,
1400,107,0.0,543,58460,34.83,1.48,,
1404,107,0.0,544,58515,32.97,1.43,,
1408,107,0.0,545,58646,32.79,1.43,,
1412,107,0.0,547,58807,33.47,1.44,,
1416,107,0.0,547,58878,33.23,1.38,,
1420,107,0.0,548,58940,31.93,1.3,,
1424,107,0.0,548,59021,31.74,1.28,,
1428,107,0.0,549,59074,30.88,1.22,,
1432,107,0.0,550,59165,30.6,1.22,,
1436,107,0.0,550,59265,28.85,1.12,,
1440,107,0.0,551,59331,28.28,1.1,,
1444,107,0.0,552,59498,28.95,1.08,,
1448,107,0.0,553,59582,28.96,1.08,,
1452,107,0.0,556,59887,31.45,1.22,,
1456,107,0.0,560,60172,33.23,1.24,,
1460,107,0.0,562,60330,32.92,1.23,,
1464,107,0.0,563,60433,32.14,1.21,,
1468,107,0.0,564,60589,32.12,1.18,,
1472,107,0.0,565,60767,32.59,1.23,,
1476,107,0.0,567,60936,33.08,1.29,,
1480,107,0.0,568,61048,33.24,1.27,,
1484,107,0.0,569,61203,33.4,1.27,,
1488,107,0.0,570,61277,33.16,1.26,,
1492,107,0.0,572,61406,32.48,1.27,,
1496,107,0.0,574,61541,32.6,1.31,,
1500,107,0.0,575,61645,31.85,1.23,,
1504,107,0.0,575,61706,31.91,1.23,,
1508,107,0.0,577,61908,32.62,1.24,,
1512,107,0.0,578,62035,32.28,1.21,,
1516,107,0.0,579,62114,32.36,1.25,,
1520,107,0.0,579,62190,32.5,1.25,,
1524,107,0.0,580,62271,32.5,1.24,,
1528,107,0.0,581,62395,33.21,1.29,,
1532,107,0.0,582,62550,33.85,1.33,,
1536,107,0.0,583,62623,33.58,1.31,,
1540,107,0.0,584,62726,33.95,1.35,,
1544,107,0.0,586,62894,33.96,1.4,,
1548,107,0.0,589,63146,35.64,1.51,,
1552,107,0.0,590,63318,34.31,1.43,,
1556,107,0.0,592,63470,32.98,1.44,,
1560,107,0.0,593,63605,32.75,1.44,,
1564,107,0.0,594,63746,33.13,1.47,,
1568,107,0.0,595,63813,32.24,1.41,,
1572,107,0.0,596,64002,32.35,1.4,,
1576,107,0.0,597,64087,31.51,1.33,,
1580,107,0.0,598,64229,31.81,1.36,,
1584,107,0.0,599,64339,31.36,1.31,,
1588,107,0.0,600,64430,31.53,1.31,,
1592,107,0.0,602,64590,31.84,1.3,,
1596,107,0.0,603,64690,31.49,1.28,,
1600,107,0.0,606,64915,32.7,1.41,,
1604,107,0.0,607,65046,33.4,1.47,,
1608,107,0.0,608,65188,32.8,1.48,,
1612,107,0.0,609,65367,33.32,1.54,,
1616,107,0.0,611,65525,34.11,1.57,,
1620,107,0.0,612,65688,34.98,1.65,,
1624,107,0.0,614,65884,36.13,1.74,,
1628,107,0.0,614,65970,35.75,1.73,,
1632,107,0.0,615,66057,35.07,1.69,,
1636,107,0.0,617,66151,35.28,1.71,,
1640,107,0.0,618,66221,34.95,1.67,,
1644,107,0.0,619,66346,34.52,1.63,,
1648,107,0.0,621,66512,33.66,1.59,,
1652,107,0.0,622,66660,33.42,1.6,,
1656,107,0.0,623,66825,33.55,1.61,,
1660,107,0.0,624,66970,33.65,1.63,,
1664,107,0.0,627,67269,35.23,1.73,,
1668,107,0.0,629,67530,37.17,1.87,,
1672,107,0.0,632,67789,37.87,1.9,,
1676,107,0.0,633,67853,37.66,1.89,,
1680,107,0.0,635,68063,38.34,1.98,,
1684,107,0.0,637,68299,39.6,2.05,,
1688,107,0.0,638,68393,39.63,2.04,,
1692,107,0.0,639,68568,39.78,2.11,,
1696,107,0.0,641,68796,41.06,2.17,,
1700,107,0.0,643,68957,40.42,2.09,,
1704,107,0.0,644,69179,41.33,2.12,,
1708,107,0.0,646,69354,41.66,2.12,,
1712,107,0.0,648,69445,40.78,2.05,,
1716,107,0.0,650,69699,41.74,2.11,,
1720,107,0.0,653,69964,42.76,2.16,,
1724,106,0.0,657,70143,42.59,2.12,,
1728,106,0.0,659,70358,43.88,2.19,,
1732,106,0.0,660,70514,44.57,2.24,,
1736,106,0.0,664,70777,46.26,2.38,,
1740,106,0.0,666,70944,47.23,2.45,,
1744,106,0.0,668,71159,48.13,2.52,,
1748,106,0.0,670,71394,48.82,2.5,,
1752,106,0.0,672,71665,50.05,2.59,,
1756,106,0.0,673,71848,50.23,2.63,,
1760,106,0.0,675,72000,50.3,2.61,,
1764,106,0.0,677,72197,49.28,2.55,,
1768,106,0.0,679,72378,48.48,2.53,,
1772,106,0.0,681,72599,48.1,2.5,,
1776,106,0.0,682,72747,48.94,2.55,,
1780,106,0.0,684,72905,48.42,2.5,,
1784,106,0.0,685,73100,48.01,2.5,,
1788,106,0.0,687,73259,48.66,2.56,,
1792,106,0.0,688,73441,48.73,2.52,,
1796,106,0.0,689,73577,47.81,2.49,,
1800,106,0.0,691,73755,47.98,2.49,,
1804,106,0.0,692,73859,46.8,2.45,,
1808,106,0.0,695,74044,46.9,2.47,,
1812,106,0.0,696,74233,47.88,2.55,,
1816,106,0.0,698,74405,47.06,2.53,,
1820,106,0.0,699,74580,46.16,2.46,,
1824,106,0.0,701,74811,46.68,2.51,,
,,0.0,,75000,,,50.0,2.25
1828,106,0.0,704,75069,47.11,2.49,,
1832,106,0.0,707,75281,47.67,2.55,,
1836,106,0.0,709,75516,47.39,2.5,,
1840,106,0.0,712,75818,48.74,2.57,,
1844,106,0.0,714,76021,48.62,2.56,,
1848,106,0.0,716,76231,48.37,2.59,,
1852,106,0.0,717,76439,47.74,2.55,,
1856,106,0.0,719,76697,48.49,2.58,,
1860,106,0.0,721,76873,48.73,2.6,,
1864,106,0.0,724,77096,48.99,2.62,,
1868,106,0.0,726,77269,48.91,2.56,,
1872,106,0.0,727,77460,48.61,2.55,,
1876,106,0.0,729,77613,48.66,2.55,,
1880,106,0.0,731,77891,49.86,2.61,,
1884,106,0.0,733,78067,49.67,2.61,,
1888,106,0.0,735,78358,50.99,2.66,,
1892,106,0.0,738,78663,52.22,2.75,,
1896,106,0.0,741,78903,53.26,2.81,,
1900,106,0.0,743,79209,54.54,2.89,,
1904,106,0.0,745,79385,55.26,2.9,,
1908,106,0.0,746,79549,55.05,2.88,,
1912,106,0.0,748,79808,55.75,2.92,,
1916,106,0.0,754,80046,56.41,2.95,,
1920,106,0.0,756,80323,57.43,3.04,,
1924,106,0.0,759,80634,58.23,3.1,,
1928,106,0.0,761,80897,58.28,3.14,,
1932,106,0.0,764,81259,59.78,3.24,,
1936,106,0.0,768,81525,60.09,3.26,,
1940,106,0.0,770,81723,59.05,3.19,,
1944,106,0.0,772,82023,60.02,3.25,,
1948,106,0.0,774,82258,60.27,3.26,,
1952,106,0.0,776,82525,60.86,3.27,,
1956,106,0.0,778,82735,60.38,3.22,,
1960,106,0.0,779,82877,60.04,3.18,,
1964,106,0.0,783,83181,60.85,3.19,,
1968,106,0.0,785,83392,61.23,3.24,,
1972,106,0.0,787,83606,61.46,3.24,,
1976,106,0.0,789,83797,61.84,3.28,,
1980,106,0.0,790,84014,61.23,3.26,,
1984,106,0.0,793,84288,62.21,3.28,,
1988,106,0.0,794,84462,61.04,3.24,,
1992,106,0.0,797,84733,60.7,3.22,,
1996,106,0.0,801,85146,62.43,3.35,,
2000,106,0.0,803,85359,61.5,3.31,,
2004,106,0.0,805,85545,61.6,3.31,,
2008,106,0.0,807,85831,62.82,3.43,,
2012,106,0.0,809,86094,62.86,3.41,,
2016,106,0.0,812,86345,62.99,3.38,,
2020,106,0.0,815,86532,62.09,3.32,,
2024,106,0.0,817,86842,62.08,3.33,,
2028,106,0.0,820,87161,62.64,3.4,,
2032,106,0.0,822,87455,61.96,3.34,,
2036,106,0.0,825,87754,62.29,3.41,,
2040,106,0.0,828,88049,63.26,3.53,,
2044,106,0.0,831,88347,63.24,3.55,,
2048,106,0.0,834,88689,64.31,3.63,,
2052,106,0.0,836,88988,64.63,3.67,,
2056,106,0.0,838,89182,64.47,3.7,,
2060,106,0.0,840,89374,64.97,3.76,,
2064,106,0.0,842,89567,63.86,3.72,,
2068,106,0.0,844,89783,63.91,3.71,,
2072,105,0.0,852,90152,65.46,3.87,,
2076,105,0.0,853,90336,65.39,3.86,,
2080,105,0.0,855,90490,64.76,3.81,,
2084,105,0.0,858,90688,64.0,3.81,,
2088,105,0.0,860,90890,64.28,3.83,,
2092,105,0.0,862,91092,63.59,3.8,,
2096,105,0.0,863,91250,61.04,3.64,,
2100,105,0.0,865,91511,61.52,3.66,,
2104,105,0.0,867,91728,61.83,3.72,,
2108,105,0.0,869,91960,61.29,3.64,,
2112,105,0.0,871,92110,60.16,3.62,,
2116,105,0.0,873,92337,59.92,3.64,,
2120,105,0.0,876,92614,60.82,3.69,,
2124,105,0.0,877,92760,59.18,3.59,,
2128,105,0.0,880,93083,59.22,3.59,,
2132,105,0.0,881,93284,58.29,3.53,,
2136,105,0.0,886,93749,59.95,3.62,,
2140,105,0.0,888,93942,58.93,3.54,,
2144,105,0.0,890,94205,58.58,3.51,,
2148,105,0.0,892,94428,57.39,3.44,,
2152,105,0.0,894,94688,57.0,3.43,,
2156,105,0.0,897,94954,57.72,3.44,,
2160,105,0.0,899,95229,58.55,3.5,,
2164,105,0.0,901,95397,58.3,3.49,,
2168,105,0.0,904,95617,58.34,3.51,,
2172,105,0.0,906,95921,57.69,3.43,,
2176,105,0.0,908,96136,58.0,3.47,,
2180,105,0.0,910,96363,58.73,3.49,,
2184,105,0.0,912,96582,58.94,3.49,,
2188,105,0.0,913,96746,58.56,3.46,,
2192,105,0.0,916,97037,59.45,3.53,,
2196,105,0.0,919,97251,60.01,3.55,,
2200,105,0.0,921,97513,60.02,3.58,,
2204,105,0.0,923,97749,60.21,3.59,,
2208,105,0.0,925,97979,60.19,3.62,,
2212,105,0.0,928,98356,62.46,3.78,,
2216,105,0.0,930,98582,62.45,3.8,,
2220,105,0.0,934,98843,62.29,3.82,,
2224,105,0.0,936,99080,63.2,3.86,,
2228,105,0.0,938,99359,62.76,3.82,,
2232,105,0.0,940,99585,63.01,3.81,,
2236,105,0.0,941,99786,60.37,3.63,,
2240,105,0.0,943,99937,59.95,3.56,,
,,0.0,,100000,,,113.0,7.75
2244,105,0.0,953,100318,61.13,3.67,,
2248,105,0.0,956,100692,62.64,3.79,,
2252,105,0.0,959,100915,62.27,3.75,,
2256,105,0.0,961,101069,61.15,3.69,,
2260,105,0.0,963,101295,60.66,3.67,,
2264,105,0.0,966,101656,62.59,3.82,,
2268,105,0.0,968,101819,62.02,3.78,,
2272,105,0.0,969,101962,60.41,3.67,,
2276,105,0.0,972,102281,61.45,3.73,,
2280,105,0.0,973,102435,60.72,3.68,,
2284,105,0.0,975,102589,60.07,3.6,,
2288,105,0.0,977,102782,60.36,3.62,,
2292,105,0.0,980,103042,60.05,3.56,,
2296,105,0.0,983,103412,61.61,3.71,,
2300,105,0.0,985,103689,61.76,3.72,,
2304,105,0.0,987,103920,61.71,3.72,,
2308,105,0.0,990,104234,62.55,3.77,,
2312,105,0.0,992,104377,60.21,3.56,,
2316,105,0.0,994,104609,60.27,3.55,,
2320,105,0.0,998,105008,61.65,3.68,,
2324,105,0.0,1001,105375,62.95,3.8,,
2328,105,0.0,1003,105681,63.22,3.83,,
2332,105,0.0,1008,106091,65.06,3.96,,
2336,105,0.0,1010,106330,65.44,3.99,,
2340,105,0.0,1012,106544,66.07,4.08,,
2344,105,0.0,1014,106779,64.61,3.96,,
2348,105,0.0,1016,107093,64.01,3.9,,
2352,105,0.0,1018,107256,63.41,3.85,,
2356,105,0.0,1021,107521,64.52,3.9,,
2360,105,0.0,1024,107873,65.78,3.96,,
2364,105,0.0,1026,108102,64.46,3.86,,
2368,105,0.0,1029,108409,65.9,3.95,,
2372,105,0.0,1031,108677,67.15,4.05,,
2376,105,0.0,1034,108998,67.17,4.06,,
2380,105,0.0,1038,109324,68.89,4.2,,
2384,105,0.0,1040,109629,70.4,4.34,,
2388,105,0.0,1042,109864,70.82,4.34,,
2392,105,0.0,1043,109975,69.33,4.28,,
2396,105,0.0,1049,110261,68.49,4.18,,
2400,104,0.0,1054,110649,69.6,4.26,,
2404,104,0.0,1055,110845,69.25,4.22,,
2408,104,0.0,1058,111109,68.75,4.18,,
2412,105,0.0,1061,111449,70.72,4.35,,
2416,105,0.0,1063,111694,70.85,4.37,,
2420,105,0.0,1066,112012,70.04,4.24,,
2424,104,0.0,1069,112298,69.23,4.16,,
2428,105,0.0,1073,112722,70.41,4.25,,
2432,105,0.0,1074,112884,67.93,4.11,,
2436,105,0.0,1076,113112,67.82,4.1,,
2440,105,0.0,1078,113298,67.54,4.07,,
2444,105,0.0,1079,113469,66.9,4.02,,
2448,105,0.0,1082,113703,66.1,3.98,,
2452,105,0.0,1085,114005,67.49,4.08,,
2456,105,0.0,1089,114439,69.18,4.21,,
2460,105,0.0,1091,114675,68.02,4.11,,
2464,105,0.0,1093,115001,68.99,4.18,,
2468,105,0.0,1097,115336,69.27,4.2,,
2472,105,0.0,1101,115700,70.23,4.26,,
2476,105,0.0,1102,115935,69.37,4.19,,
2480,105,0.0,1105,116230,69.06,4.18,,
2484,105,0.0,1107,116443,68.14,4.12,,
2488,105,0.0,1108,116639,67.75,4.14,,
2492,105,0.0,1112,116937,69.62,4.25,,
2496,105,0.0,1116,117395,71.34,4.36,,
2500,105,0.0,1118,117652,70.03,4.26,,
2504,105,0.0,1120,117839,69.94,4.23,,
2508,105,0.0,1121,117989,68.8,4.15,,
2512,105,0.0,1122,118144,66.95,3.98,,
2516,105,0.0,1125,118453,67.59,4.05,,
2520,105,0.0,1127,118642,66.3,3.99,,
2524,105,0.0,1131,119045,67.47,4.11,,
2528,105,0.0,1134,119347,66.25,4.01,,
2532,105,0.0,1137,119706,68.22,4.14,,
2536,105,0.0,1138,119922,68.1,4.13,,
2540,104,0.0,1144,120108,68.1,4.12,,
2544,104,0.0,1145,120322,68.53,4.13,,
2548,105,0.0,1148,120576,68.73,4.11,,
2552,105,0.0,1149,120742,67.37,4.04,,
2556,105,0.0,1151,120995,65.56,3.94,,
2560,104,0.0,1155,121367,66.92,4.1,,
2564,104,0.0,1158,121628,66.27,4.06,,
2568,105,0.0,1162,122056,67.2,4.18,,
2572,105,0.0,1165,122442,67.42,4.2,,
2576,105,0.0,1167,122680,67.45,4.22,,
2580,105,0.0,1170,122984,67.54,4.21,,
2584,105,0.0,1174,123350,69.07,4.32,,
2588,105,0.0,1176,123600,69.61,4.36,,
2592,105,0.0,1177,123817,68.8,4.31,,
2596,105,0.0,1179,124071,66.76,4.2,,
2600,105,0.0,1182,124385,67.33,4.26,,
2604,105,0.0,1185,124648,68.09,4.35,,
,,0.0,,125000,,,59.5,3.5
2608,105,0.0,1191,125105,71.16,4.55,,
2612,105,0.0,1193,125382,72.38,4.68,,
2616,105,0.0,1195,125633,71.8,4.58,,
2620,105,0.0,1198,125952,73.1,4.64,,
2624,105,0.0,1201,126241,71.96,4.54,,
2628,105,0.0,1204,126579,72.32,4.55,,
2632,105,0.0,1206,126849,71.43,4.49,,
2636,105,0.0,1208,127047,71.25,4.47,,
2640,105,0.0,1210,127314,72.06,4.53,,
2644,105,0.0,1212,127523,72.01,4.54,,
2648,105,0.0,1216,127847,72.71,4.61,,
2652,105,0.0,1219,128147,74.05,4.7,,
2656,105,0.0,1221,128448,74.53,4.73,,
2660,105,0.0,1224,128713,73.46,4.64,,
2664,105,0.0,1226,129015,73.87,4.67,,
2668,105,0.0,1228,129226,71.7,4.49,,
2672,105,0.0,1231,129486,70.44,4.39,,
2676,105,0.0,1233,129629,69.49,4.29,,
2680,105,0.0,1235,129870,68.86,4.25,,
2684,104,0.0,1240,130055,67.05,4.11,,
2688,104,0.0,1242,130278,66.78,4.08,,
2692,104,0.0,1246,130609,67.92,4.16,,
2696,104,0.0,1249,130923,68.52,4.19,,
2700,104,0.0,1252,131197,68.12,4.14,,
2704,104,0.0,1253,131360,67.12,4.04,,
2708,104,0.0,1254,131521,64.16,3.84,,
2712,104,0.0,1257,131868,64.86,3.83,,
2716,104,0.0,1259,132023,63.9,3.79,,
2720,104,0.0,1262,132261,63.09,3.78,,
2724,104,0.0,1264,132448,62.07,3.71,,
2728,104,0.0,1266,132740,61.61,3.7,,
2732,104,0.0,1269,133079,62.3,3.74,,
2736,104,0.0,1271,133310,62.63,3.77,,
2740,104,0.0,1274,133600,62.86,3.78,,
2744,104,0.0,1277,133911,63.88,3.87,,
2748,104,0.0,1279,134146,62.99,3.8,,
2752,104,0.0,1282,134419,62.72,3.8,,
2756,104,0.0,1285,134882,64.34,3.96,,
2760,104,0.0,1288,135182,64.69,3.96,,
2764,104,0.0,1291,135415,64.0,3.9,,
2768,104,0.0,1294,135786,65.6,4.0,,
2772,104,0.0,1298,136216,67.3,4.14,,
2776,104,0.0,1300,136431,68.02,4.21,,
2780,104,0.0,1302,136700,68.3,4.25,,
2784,104,0.0,1304,136857,68.02,4.23,,
2788,104,0.0,1308,137263,69.85,4.38,,
2792,104,0.0,1310,137473,68.64,4.3,,
2796,104,0.0,1312,137692,67.69,4.24,,
2800,104,0.0,1314,137900,67.03,4.16,,
2804,104,0.0,1317,138350,69.9,4.39,,
2808,104,0.0,1321,138699,71.78,4.54,,
2812,104,0.0,1324,139009,71.41,4.59,,
2816,104,0.0,1327,139319,72.96,4.7,,
2820,104,0.0,1329,139587,73.26,4.7,,
2824,104,0.0,1330,139742,72.94,4.66,,
2828,104,0.0,1337,140112,73.72,4.72,,
2832,104,0.0,1340,140486,74.07,4.78,,
2836,104,0.0,1343,140741,74.31,4.81,,
2840,104,0.0,1344,140939,73.39,4.76,,
2844,104,0.0,1347,141267,73.56,4.77,,
2848,104,0.0,1351,141547,74.01,4.81,,
2852,104,0.0,1354,141892,74.73,4.84,,
2856,104,0.0,1357,142327,74.45,4.79,,
2860,104,0.0,1361,142705,75.23,4.88,,
2864,104,0.0,1362,142913,74.98,4.83,,
2868,104,0.0,1364,143040,72.54,4.67,,
2872,104,0.0,1366,143184,69.68,4.44,,
2876,104,0.0,1368,143419,69.88,4.42,,
2880,104,0.0,1370,143671,69.71,4.4,,
2884,104,0.0,1373,143978,71.21,4.51,,
2888,104,0.0,1376,144302,70.39,4.42,,
2892,104,0.0,1377,144516,70.43,4.4,,
2896,104,0.0,1380,144770,70.78,4.4,,
2900,104,0.0,1383,145046,71.46,4.44,,
2904,104,0.0,1385,145242,68.92,4.24,,
2908,104,0.0,1387,145502,68.03,4.16,,
2912,104,0.0,1389,145734,67.25,4.08,,
2916,104,0.0,1391,145919,66.0,4.0,,
2920,104,0.0,1393,146150,65.63,4.01,,
2924,104,0.0,1397,146493,67.51,4.15,,
2928,104,0.0,1399,146743,66.31,4.07,,
2932,104,0.0,1400,146868,63.82,3.86,,
2936,104,0.0,1402,147120,63.79,3.83,,
2940,104,0.0,1404,147354,64.15,3.84,,
2944,104,0.0,1406,147585,63.18,3.73,,
2948,104,0.0,1409,147897,63.5,3.76,,
2952,104,0.0,1412,148149,62.57,3.7,,
2956,104,0.0,1414,148340,60.13,3.51,,
2960,104,0.0,1416,148615,59.1,3.38,,
2964,104,0.0,1418,148773,58.6,3.37,,
2968,104,0.0,1421,149177,61.37,3.53,,
2972,104,0.0,1425,149572,63.88,3.76,,
2976,104,0.0,1428,149891,64.72,3.83,,
,,0.0,,150000,,,36.5,1.75
2980,104,0.0,1436,150293,66.22,3.95,,
2984,104,0.0,1438,150595,66.17,3.94,,
2988,104,0.0,1441,150799,64.97,3.86,,
2992,104,0.0,1444,151100,65.84,3.91,,
2996,104,0.0,1447,151413,66.43,3.96,,
3000,104,0.0,1449,151653,66.07,3.98,,
3004,104,0.0,1451,151861,66.19,3.99,,
3008,104,0.0,1453,152119,66.17,3.99,,
3012,104,0.0,1455,152292,65.58,3.94,,
3016,104,0.0,1458,152550,66.31,3.98,,
3020,104,0.0,1461,152912,67.62,4.06,,
3024,104,0.0,1463,153183,66.9,4.02,,
3028,104,0.0,1466,153496,67.53,4.06,,
3032,104,0.0,1469,153819,69.51,4.21,,
3036,104,0.0,1473,154189,70.69,4.34,,
3040,104,0.0,1476,154456,71.02,4.36,,
3044,104,0.0,1478,154738,71.53,4.4,,
3048,104,0.0,1480,155041,71.44,4.39,,
3052,104,0.0,1483,155412,72.63,4.45,,
3056,104,0.0,1486,155607,72.67,4.44,,
3060,104,0.0,1488,155841,72.26,4.47,,
3064,104,0.0,1491,156116,73.43,4.57,,
3068,104,0.0,1493,156341,71.64,4.47,,
3072,104,0.0,1495,156589,70.17,4.33,,
3076,104,0.0,1496,156790,68.99,4.27,,
3080,104,0.0,1499,157122,68.29,4.24,,
3084,104,0.0,1501,157295,67.0,4.16,,
3088,104,0.0,1505,157615,68.16,4.23,,
3092,104,0.0,1508,158042,69.42,4.31,,
3096,104,0.0,1509,158193,67.8,4.2,,
3100,104,0.0,1511,158434,67.81,4.16,,
3104,104,0.0,1513,158640,67.79,4.15,,
3108,104,0.0,1517,158951,68.32,4.19,,
3112,104,0.0,1519,159142,68.5,4.19,,
3116,104,0.0,1520,159346,67.96,4.17,,
3120,104,0.0,1522,159615,67.03,4.09,,
3124,104,0.0,1525,159971,67.88,4.11,,
3128,104,0.0,1532,160257,67.61,4.08,,
3132,104,0.0,1534,160428,66.09,3.96,,
3136,104,0.0,1536,160746,65.57,3.86,,
3140,104,0.0,1538,160953,64.97,3.79,,
3144,104,0.0,1541,161236,64.98,3.81,,
3148,104,0.0,1545,161642,66.01,3.85,,
3152,104,0.0,1547,161830,64.18,3.72,,
3156,104,0.0,1549,162071,64.64,3.74,,
3160,104,0.0,1551,162321,64.8,3.73,,
3164,104,0.0,1553,162523,64.07,3.65,,
3168,104,0.0,1555,162752,64.11,3.64,,
3172,104,0.0,1557,162992,64.03,3.65,,
3176,104,0.0,1560,163297,65.07,3.73,,
3180,104,0.0,1564,163640,65.18,3.74,,
3184,104,0.0,1566,163907,66.12,3.81,,
3188,104,0.0,1567,164077,64.62,3.71,,
3192,104,0.0,1569,164259,62.17,3.58,,
3196,104,0.0,1571,164463,62.7,3.61,,
3200,104,0.0,1573,164667,62.33,3.59,,
3204,104,0.0,1576,164951,63.11,3.62,,
3208,104,0.0,1578,165165,62.14,3.54,,
3212,104,0.0,1581,165476,63.34,3.66,,
3216,104,0.0,1584,165853,65.07,3.77,,
3220,104,0.0,1585,166029,64.14,3.68,,
3224,104,0.0,1588,166326,63.55,3.67,,
3228,104,0.0,1591,166600,63.43,3.67,,
3232,104,0.0,1594,166936,65.08,3.78,,
3236,104,0.0,1596,167133,63.87,3.73,,
3240,104,0.0,1598,167363,64.1,3.76,,
3244,104,0.0,1600,167633,63.97,3.72,,
3248,104,0.0,1602,167865,62.23,3.6,,
3252,104,0.0,1605,168084,62.54,3.62,,
3256,104,0.0,1609,168503,64.32,3.73,,
3260,104,0.0,1611,168686,63.65,3.63,,
3264,104,0.0,1614,169099,65.76,3.8,,
3268,104,0.0,1617,169459,67.07,3.89,,
3272,104,0.0,1619,169619,66.27,3.8,,
3276,104,0.0,1621,169815,65.18,3.71,,
3280,104,0.0,1627,170063,64.23,3.62,,
3284,104,0.0,1629,170311,64.04,3.59,,
3288,104,0.0,1631,170547,64.7,3.65,,
3292,104,0.0,1635,170858,65.99,3.71,,
3296,104,0.0,1637,171049,65.86,3.69,,
3300,104,0.0,1639,171260,65.93,3.72,,
3304,104,0.0,1642,171594,66.43,3.81,,
3308,104,0.0,1643,171833,66.68,3.86,,
3312,104,0.0,1646,172176,67.0,3.83,,
3316,104,0.0,1649,172463,66.1,3.77,,
3320,104,0.0,1652,172657,66.28,3.81,,
3324,104,0.0,1656,173118,67.92,3.89,,
3328,104,0.0,1658,173398,67.98,3.89,,
3332,104,0.0,1660,173672,67.36,3.84,,
3336,104,0.0,1663,173945,68.12,3.88,,
3340,104,0.0,1665,174122,67.59,3.87,,
3344,104,0.0,1669,174577,69.44,4.01,,
3348,104,0.0,1670,174739,68.74,3.98,,
,,0.0,,175000,,,91.0,5.5
3352,104,0.0,1675,175082,69.98,4.09,,
3356,104,0.0,1678,175411,69.08,4.04,,
3360,104,0.0,1681,175644,69.58,4.11,,
3364,104,0.0,1683,175869,67.7,3.95,,
3368,104,0.0,1686,176210,67.51,3.95,,
3372,104,0.0,1689,176564,69.45,4.09,,
3376,104,0.0,1691,176894,70.79,4.18,,
3380,104,0.0,1695,177171,71.08,4.19,,
3384,104,0.0,1697,177352,70.41,4.16,,
3388,104,0.0,1700,177721,71.74,4.27,,
3392,104,0.0,1703,178151,72.93,4.31,,
3396,104,0.0,1706,178541,74.92,4.48,,
3400,104,0.0,1709,178750,74.9,4.48,,
3404,104,0.0,1713,179158,75.64,4.52,,
3408,104,0.0,1716,179573,77.4,4.59,,
3412,104,0.0,1718,179832,76.56,4.57,,
3416,104,0.0,1725,180177,77.14,4.61,,
3420,104,0.0,1728,180459,78.02,4.65,,
3424,104,0.0,1729,180621,75.03,4.49,,
3428,104,0.0,1731,180921,75.23,4.47,,
3432,104,0.0,1735,181337,76.65,4.59,,
3436,104,0.0,1740,181738,77.93,4.69,,
3440,104,0.0,1743,182118,79.96,4.82,,
3444,104,0.0,1746,182493,79.16,4.78,,
3448,104,0.0,1750,182895,81.56,4.93,,
3452,104,0.0,1754,183309,82.27,4.94,,
3456,104,0.0,1757,183625,82.14,4.98,,
3460,104,0.0,1760,184032,83.88,5.1,,
3464,104,0.0,1763,184361,84.92,5.18,,
3468,104,0.0,1765,184596,83.86,5.09,,
3472,104,0.0,1768,184845,82.81,5.02,,
3476,104,0.0,1771,185165,82.71,5.02,,
3480,104,0.0,1774,185463,82.92,5.01,,
3484,104,0.0,1776,185691,83.39,5.01,,
3488,104,0.0,1778,185995,82.74,4.93,,
3492,104,0.0,1780,186148,79.97,4.78,,
3496,104,0.0,1782,186409,78.68,4.66,,
3500,104,0.0,1784,186581,78.31,4.62,,
3504,104,0.0,1788,186976,78.18,4.65,,
3508,104,0.0,1789,187141,75.68,4.49,,
3512,104,0.0,1791,187381,75.49,4.48,,
3516,104,0.0,1792,187558,73.81,4.36,,
3520,104,0.0,1795,187946,74.87,4.43,,
3524,104,0.0,1798,188160,75.39,4.44,,
3528,104,0.0,1801,188410,74.89,4.44,,
3532,104,0.0,1802,188570,72.33,4.28,,
3536,104,0.0,1804,188786,70.48,4.13,,
3540,104,0.0,1806,189015,68.97,4.03,,
3544,104,0.0,1807,189215,67.22,3.91,,
3548,104,0.0,1810,189481,65.86,3.84,,
3552,104,0.0,1813,189822,65.13,3.82,,
3556,104,0.0,1819,190151,65.26,3.81,,
3560,104,0.0,1822,190503,64.71,3.73,,
3564,104,0.0,1823,190629,62.68,3.6,,
3568,104,0.0,1827,190966,63.7,3.67,,
3572,104,0.0,1830,191216,63.71,3.7,,
3576,104,0.0,1832,191475,63.1,3.65,,
3580,104,0.0,1836,191895,64.32,3.74,,
3584,104,0.0,1839,192254,65.63,3.86,,
3588,104,0.0,1841,192471,64.76,3.84,,
3592,104,0.0,1844,192751,66.03,3.93,,
3596,104,0.0,1848,193195,67.86,4.04,,
3600,104,0.0,1850,193470,68.89,4.11,,
3604,104,0.0,1852,193666,66.9,3.96,,
3608,104,0.0,1854,193894,67.53,4.04,,
3612,104,0.0,1856,194187,68.06,4.03,,
3616,104,0.0,1862,194635,70.77,4.2,,
3620,104,0.0,1864,194891,69.45,4.11,,
3624,104,0.0,1866,195129,69.69,4.15,,
3628,104,0.0,1868,195431,70.21,4.2,,
3632,104,0.0,1871,195744,71.74,4.26,,
3636,104,0.0,1874,196058,72.72,4.33,,
3640,104,0.0,1877,196313,72.98,4.34,,
3644,104,0.0,1879,196516,73.01,4.34,,
3648,104,0.0,1881,196757,72.76,4.34,,
3652,104,0.0,1884,197145,73.23,4.37,,
3656,104,0.0,1886,197340,71.89,4.27,,
3660,104,0.0,1889,197650,71.47,4.3,,
3664,104,0.0,1892,197885,72.56,4.38,,
3668,104,0.0,1894,198158,71.92,4.36,,
3672,104,0.0,1895,198320,71.04,4.28,,
3676,104,0.0,1897,198536,70.61,4.26,,
3680,104,0.0,1899,198799,69.04,4.15,,
3684,104,0.0,1901,198957,67.03,4.01,,
3688,104,0.0,1903,199202,67.31,3.97,,
3692,104,0.0,1906,199411,66.6,3.95,,
3696,104,0.0,1909,199729,65.34,3.9,,
3700,104,0.0,1911,199981,65.11,3.89,,
,,0.0,,200000,,,74.0,5.0
